id,source,raw_address,district_field,province_field,department_field,expected_street_type,expected_street_name,expected_number,expected_block,expected_lot,expected_urbanization,expected_ubigeo,lat_verified,lng_verified,verification_method,verified_by,split,notes
OSM-n4332507099,osm_addr,Avenida Argentina 2951,Callao,Callao,Callao,AVENIDA,ARGENTINA,2951,,,,070101,-12.049304,-77.111049,osm_unverified,,test,addr:street y addr:housenumber de OSM
SYN-n4332507099-1,synthetic,"av. Argentina N°2951, Callao, Callao, Callao",,,,AVENIDA,ARGENTINA,2951,,,,070101,-12.049304,-77.111049,osm_unverified,,test,tipo=av.;num=N°;loc=dist_prov_dep
SYN-n4332507099-2,synthetic,"AV. ARGENTINA # 2951, CALLAO, CALLAO, CALLAO",,,,AVENIDA,ARGENTINA,2951,,,,070101,-12.049304,-77.111049,osm_unverified,,test,tipo=Av.;num=#;loc=dist_prov_dep;mayusculas;sin_tildes
OSM-n4332988311,osm_addr,Santa Rosa 2833,Callao,Callao,Callao,,SANTA ROSA,2833,,,,070101,-12.056106,-77.112031,osm_unverified,,test,addr:street y addr:housenumber de OSM
SYN-n4332988311-1,synthetic,"Santa Rosa N° 2833, Callao, Callao, Callao",,,,,SANTA ROSA,2833,,,,070101,-12.056106,-77.112031,osm_unverified,,test,num=N°;loc=dist_prov_dep;sin_tildes
SYN-n4332988311-2,synthetic,Sta. Rosa nro. 2833 Dpto. 201,Callao,,,,SANTA ROSA,2833,,,,070101,-12.056106,-77.112031,osm_unverified,,test,titulo_abreviado;num=nro.;interior;loc=campo;sin_tildes
OSM-n4337346181,osm_addr,Avenida Óscar Raimundo Benavides 4685,Callao,Callao,Callao,AVENIDA,OSCAR RAIMUNDO BENAVIDES,4685,,,,070101,-12.052751,-77.095261,osm_unverified,,dev,addr:street y addr:housenumber de OSM
SYN-n4337346181-1,synthetic,"av. Óscar Raimundo Benavides Nº 4685, Callao, Callao, Callao",,,,AVENIDA,OSCAR RAIMUNDO BENAVIDES,4685,,,,070101,-12.052751,-77.095261,osm_unverified,,dev,tipo=av.;num=Nº;loc=dist_prov_dep
SYN-n4337346181-2,synthetic,"AV.OSCAR RAIMUNDO BENAVIDES N°4685, CALLAO, CALLAO, CALLAO",,,,AVENIDA,OSCAR RAIMUNDO BENAVIDES,4685,,,,070101,-12.052751,-77.095261,osm_unverified,,dev,tipo=av.;num=N°;tipo_pegado;loc=dist_prov_dep;mayusculas;sin_tildes
OSM-n4347524698,osm_addr,Avenida Saenz Peña 164,Callao,Callao,Callao,AVENIDA,SAENZ PEÑA,164,,,,070101,-12.061606,-77.146186,osm_unverified,,dev,addr:street y addr:housenumber de OSM
SYN-n4347524698-1,synthetic,"Av Saenz Peña N°164, Callao, Callao, Callao",,,,AVENIDA,SAENZ PEÑA,164,,,,070101,-12.061606,-77.146186,osm_unverified,,dev,tipo=Av;num=N°;loc=dist_prov_dep
SYN-n4347524698-2,synthetic,"Avda. Saenz Peña # 164, Callao, Callao, Callao",,,,AVENIDA,SAENZ PEÑA,164,,,,070101,-12.061606,-77.146186,osm_unverified,,dev,tipo=Avda.;num=#;loc=dist_prov_dep
OSM-n4398314175,osm_addr,Calle Roca 100,Callao,Callao,Callao,CALLE,ROCA,100,,,,070101,-12.064827,-77.155644,osm_unverified,,dev,addr:street y addr:housenumber de OSM
SYN-n4398314175-1,synthetic,"Ca. Roca Nº 100 Dpto 1203, Callao, Callao, Callao",,,,CALLE,ROCA,100,,,,070101,-12.064827,-77.155644,osm_unverified,,dev,tipo=Ca.;num=Nº;interior;loc=dist_prov_dep;sin_tildes
SYN-n4398314175-2,synthetic,CALLE ROCA #100,Callao,,,CALLE,ROCA,100,,,,070101,-12.064827,-77.155644,osm_unverified,,dev,tipo=calle;num=#;loc=campo;mayusculas;sin_tildes
OSM-n4398314176,osm_addr,Calle Titicaca 100,Callao,Callao,Callao,CALLE,TITICACA,100,,,,070101,-12.063528,-77.153222,osm_unverified,,dev,addr:street y addr:housenumber de OSM
SYN-n4398314176-1,synthetic,cll titicaca nº 100,Callao,,,CALLE,TITICACA,100,,,,070101,-12.063528,-77.153222,osm_unverified,,dev,tipo=Cll;num=Nº;loc=campo;minusculas
SYN-n4398314176-2,synthetic,"calle Titicaca #100 Piso 2, Callao, Callao, Callao",,,,CALLE,TITICACA,100,,,,070101,-12.063528,-77.153222,osm_unverified,,dev,tipo=calle;num=#;interior;loc=dist_prov_dep;sin_tildes
OSM-n4398334750,osm_addr,Calle Ucayali 300,Callao,Callao,Callao,CALLE,UCAYALI,300,,,,070101,-12.065339,-77.152862,osm_unverified,,test,addr:street y addr:housenumber de OSM
SYN-n4398334750-1,synthetic,"cll ucayali nro. 300, callao, callao, callao",,,,CALLE,UCAYALI,300,,,,070101,-12.065339,-77.152862,osm_unverified,,test,tipo=Cll;num=nro.;loc=dist_prov_dep;minusculas;sin_tildes
SYN-n4398334750-2,synthetic,UCAYALI # 300,Callao,,,,UCAYALI,300,,,,070101,-12.065339,-77.152862,osm_unverified,,test,tipo_omitido;num=#;loc=campo;mayusculas;sin_tildes
OSM-n4398334751,osm_addr,Alberto Secada 399,Callao,Callao,Callao,,ALBERTO SECADA,399,,,,070101,-12.063471,-77.144148,osm_unverified,,dev,addr:street y addr:housenumber de OSM
SYN-n4398334751-1,synthetic,"Alberto Secada N°399 Piso 2, Callao, Callao, Callao",,,,,ALBERTO SECADA,399,,,,070101,-12.063471,-77.144148,osm_unverified,,dev,num=N°;interior;loc=dist_prov_dep;sin_tildes
SYN-n4398334751-2,synthetic,"Alberto Secada Nro. 399, Callao, Callao, Callao",,,,,ALBERTO SECADA,399,,,,070101,-12.063471,-77.144148,osm_unverified,,dev,num=Nro.;loc=dist_prov_dep;sin_tildes
OSM-n4398334752,osm_addr,Avenida Agustín Gamarra 399,Callao,Callao,Callao,AVENIDA,AGUSTIN GAMARRA,399,,,,070101,-12.064713,-77.153917,osm_unverified,,dev,addr:street y addr:housenumber de OSM
SYN-n4398334752-1,synthetic,"Av Agustín Gamarra 399 Int. 3, Callao, Callao, Callao",,,,AVENIDA,AGUSTIN GAMARRA,399,,,,070101,-12.064713,-77.153917,osm_unverified,,dev,tipo=Av;interior;loc=dist_prov_dep
SYN-n4398334752-2,synthetic,"Avenida Agustin Gamarra #399, Callao, Callao, Callao",,,,AVENIDA,AGUSTIN GAMARRA,399,,,,070101,-12.064713,-77.153917,osm_unverified,,dev,tipo=Avenida;num=#;loc=dist_prov_dep;sin_tildes
OSM-n5108572770,osm_addr,Avenida El Olivar 300,Callao,Callao,Callao,AVENIDA,EL OLIVAR,300,,,,070101,-12.014453,-77.089293,osm_unverified,,test,addr:street y addr:housenumber de OSM
SYN-n5108572770-1,synthetic,"Avda. El Olivar nro. 300, Callao, Callao, Callao",,,,AVENIDA,EL OLIVAR,300,,,,070101,-12.014453,-77.089293,osm_unverified,,test,tipo=Avda.;num=nro.;loc=dist_prov_dep
SYN-n5108572770-2,synthetic,"AV EL OLIVAR # 300, CALLAO, CALLAO, CALLAO",,,,AVENIDA,EL OLIVAR,300,,,,070101,-12.014453,-77.089293,osm_unverified,,test,tipo=Av;num=#;loc=dist_prov_dep;mayusculas;sin_tildes
OSM-n5108572779,osm_addr,Avenida El Olivar 599,Callao,Callao,Callao,AVENIDA,EL OLIVAR,599,,,,070101,-12.016604,-77.092711,osm_unverified,,test,addr:street y addr:housenumber de OSM
SYN-n5108572779-1,synthetic,"El Olivar # 599, Callao, Callao, Callao",,,,,EL OLIVAR,599,,,,070101,-12.016604,-77.092711,osm_unverified,,test,tipo_omitido;num=#;loc=dist_prov_dep
SYN-n5108572779-2,synthetic,"Avenida El Olivar Nro 599 Int 4B, Callao, Callao, Callao",,,,AVENIDA,EL OLIVAR,599,,,,070101,-12.016604,-77.092711,osm_unverified,,test,tipo=Avenida;num=Nro;interior;loc=dist_prov_dep
OSM-w420101677,osm_addr,Avenida Nestor Gambetta 8500,Callao,Callao,Callao,AVENIDA,NESTOR GAMBETTA,8500,,,,070101,-11.962347,-77.124899,osm_unverified,,test,addr:street y addr:housenumber de OSM
SYN-w420101677-1,synthetic,"av nestor gambetta nro. 8500, callao, callao, callao",,,,AVENIDA,NESTOR GAMBETTA,8500,,,,070101,-11.962347,-77.124899,osm_unverified,,test,tipo=Av;num=Nro.;loc=dist_prov_dep;minusculas
SYN-w420101677-2,synthetic,av nestor gambetta #8500 int. 3,Callao,,,AVENIDA,NESTOR GAMBETTA,8500,,,,070101,-11.962347,-77.124899,osm_unverified,,test,tipo=Av;num=#;interior;loc=campo;minusculas
OSM-w435391966,osm_addr,Avenida Óscar Raimundo Benavides 3601,Callao,Callao,Callao,AVENIDA,OSCAR RAIMUNDO BENAVIDES,3601,,,,070101,-12.055113,-77.107506,osm_unverified,,dev,addr:street y addr:housenumber de OSM
SYN-w435391966-1,synthetic,"Av. Oscar Raimundo Benavides #3601, Callao, Callao, Callao",,,,AVENIDA,OSCAR RAIMUNDO BENAVIDES,3601,,,,070101,-12.055113,-77.107506,osm_unverified,,dev,tipo=Av.;num=#;loc=dist_prov_dep;sin_tildes
SYN-w435391966-2,synthetic,"Av Óscar Raimundo Benavides 3601 Dpto 1203, Callao, Callao, Callao",,,,AVENIDA,OSCAR RAIMUNDO BENAVIDES,3601,,,,070101,-12.055113,-77.107506,osm_unverified,,dev,tipo=Av;interior;loc=dist_prov_dep
OSM-w435842548,osm_addr,Avenida Oscar Benavides 4929,Callao,Callao,Callao,AVENIDA,OSCAR BENAVIDES,4929,,,,070101,-12.051857,-77.092479,osm_unverified,,test,addr:street y addr:housenumber de OSM
SYN-w435842548-1,synthetic,"Oscar Benavides Nro 4929, Callao, Callao, Callao",,,,,OSCAR BENAVIDES,4929,,,,070101,-12.051857,-77.092479,osm_unverified,,test,tipo_omitido;num=Nro;loc=dist_prov_dep;sin_tildes
SYN-w435842548-2,synthetic,"Avda. Oscar Benavides Nº 4929, Callao, Callao, Callao",,,,AVENIDA,OSCAR BENAVIDES,4929,,,,070101,-12.051857,-77.092479,osm_unverified,,test,tipo=Avda.;num=Nº;loc=dist_prov_dep
OSM-w436284600,osm_addr,Avenida Guardia Chalaca 1360,Callao,Callao,Callao,AVENIDA,GUARDIA CHALACA,1360,,,,070101,-12.058053,-77.130102,osm_unverified,,dev,addr:street y addr:housenumber de OSM
SYN-w436284600-1,synthetic,"Avda. Guardia Chalaca #1360, Callao, Callao, Callao",,,,AVENIDA,GUARDIA CHALACA,1360,,,,070101,-12.058053,-77.130102,osm_unverified,,dev,tipo=Avda.;num=#;loc=dist_prov_dep;sin_tildes
SYN-w436284600-2,synthetic,"Av Guardia Chalaca Nro. 1360, Callao, Callao, Callao",,,,AVENIDA,GUARDIA CHALACA,1360,,,,070101,-12.058053,-77.130102,osm_unverified,,dev,tipo=Av;num=Nro.;loc=dist_prov_dep;sin_tildes
OSM-w436284601,osm_addr,Avenida Guardia Chalaca 1410,Callao,Callao,Callao,AVENIDA,GUARDIA CHALACA,1410,,,,070101,-12.058443,-77.129448,osm_unverified,,dev,addr:street y addr:housenumber de OSM
SYN-w436284601-1,synthetic,"AVDA.GUARDIA CHALACA #1410 PISO 2, CALLAO, CALLAO, CALLAO",,,,AVENIDA,GUARDIA CHALACA,1410,,,,070101,-12.058443,-77.129448,osm_unverified,,dev,tipo=Avda.;num=#;tipo_pegado;interior;loc=dist_prov_dep;mayusculas;sin_tildes
SYN-w436284601-2,synthetic,"Avda.Guardia Chalaca Nro. 1410, Callao, Callao, Callao",,,,AVENIDA,GUARDIA CHALACA,1410,,,,070101,-12.058443,-77.129448,osm_unverified,,dev,tipo=Avda.;num=Nro.;tipo_pegado;loc=dist_prov_dep
OSM-w436757247,osm_addr,Avenida Saenz Peña 1451,Callao,Callao,Callao,AVENIDA,SAENZ PEÑA,1451,,,,070101,-12.058913,-77.129252,osm_unverified,,dev,addr:street y addr:housenumber de OSM
SYN-w436757247-1,synthetic,"av.saenz peña nro. 1451, callao, callao, callao",,,,AVENIDA,SAENZ PEÑA,1451,,,,070101,-12.058913,-77.129252,osm_unverified,,dev,tipo=AV.;num=nro.;tipo_pegado;loc=dist_prov_dep;minusculas
SYN-w436757247-2,synthetic,"Avda. Saenz Peña N° 1451, Callao, Callao, Callao",,,,AVENIDA,SAENZ PEÑA,1451,,,,070101,-12.058913,-77.129252,osm_unverified,,dev,tipo=Avda.;num=N°;loc=dist_prov_dep;sin_tildes
OSM-w443869675,osm_addr,Jirón Colon 530,Callao,Callao,Callao,JIRON,COLON,530,,,,070101,-12.062078,-77.140673,osm_unverified,,dev,addr:street y addr:housenumber de OSM
SYN-w443869675-1,synthetic,"jr. Colon # 530, Callao, Callao, Callao",,,,JIRON,COLON,530,,,,070101,-12.062078,-77.140673,osm_unverified,,dev,tipo=jr.;num=#;loc=dist_prov_dep
SYN-w443869675-2,synthetic,Jirón Colon Nº 530,Callao,,,JIRON,COLON,530,,,,070101,-12.062078,-77.140673,osm_unverified,,dev,tipo=Jirón;num=Nº;loc=campo
OSM-w446600978,osm_addr,Jirón Chachapoyas 283,Callao,Callao,Callao,JIRON,CHACHAPOYAS,283,,,,070101,-12.055732,-77.129395,osm_unverified,,dev,addr:street y addr:housenumber de OSM
SYN-w446600978-1,synthetic,"CHACHAPOYAS N°283, CALLAO, CALLAO, CALLAO",,,,,CHACHAPOYAS,283,,,,070101,-12.055732,-77.129395,osm_unverified,,dev,tipo_omitido;num=N°;loc=dist_prov_dep;mayusculas
SYN-w446600978-2,synthetic,"jr. Chachapoyas # 283, Callao, Callao, Callao",,,,JIRON,CHACHAPOYAS,283,,,,070101,-12.055732,-77.129395,osm_unverified,,dev,tipo=jr.;num=#;loc=dist_prov_dep;sin_tildes
OSM-w784693066,osm_addr,Jirón Ancash 670,Callao,Callao,Callao,JIRON,ANCASH,670,,,,070101,-12.065885,-77.138344,osm_unverified,,test,addr:street y addr:housenumber de OSM
SYN-w784693066-1,synthetic,"ANCASH #670, CALLAO, CALLAO, CALLAO",,,,,ANCASH,670,,,,070101,-12.065885,-77.138344,osm_unverified,,test,tipo_omitido;num=#;loc=dist_prov_dep;mayusculas
SYN-w784693066-2,synthetic,"jr. Ancash N°670, Callao, Callao, Callao",,,,JIRON,ANCASH,670,,,,070101,-12.065885,-77.138344,osm_unverified,,test,tipo=jr.;num=N°;loc=dist_prov_dep;sin_tildes
OSM-n1482508945,osm_addr,Avenida Buenos Aires 1980,Bellavista,Callao,Callao,AVENIDA,BUENOS AIRES,1980,,,,070102,-12.059209,-77.126424,osm_unverified,,dev,addr:street y addr:housenumber de OSM
SYN-n1482508945-1,synthetic,Buenos Aires 1980 Bellavista,,,,,BUENOS AIRES,1980,,,,070102,-12.059209,-77.126424,osm_unverified,,dev,tipo_omitido;loc=espacio;sin_tildes
SYN-n1482508945-2,synthetic,Av. Buenos Aires N° 1980,Bellavista,,,AVENIDA,BUENOS AIRES,1980,,,,070102,-12.059209,-77.126424,osm_unverified,,dev,tipo=Av.;num=N°;loc=campo
OSM-n1846433086,osm_addr,Avenida San José 406,Bellavista,Callao,Callao,AVENIDA,SAN JOSE,406,,,,070102,-12.056053,-77.095880,osm_unverified,,dev,addr:street y addr:housenumber de OSM
SYN-n1846433086-1,synthetic,av. san josé nº 406 bellavista,,,,AVENIDA,SAN JOSE,406,,,,070102,-12.056053,-77.095880,osm_unverified,,dev,tipo=av.;num=Nº;loc=espacio;minusculas
SYN-n1846433086-2,synthetic,"AVENIDA SAN JOSÉ NRO. 406 OF. 502, BELLAVISTA, CALLAO, CALLAO",,,,AVENIDA,SAN JOSE,406,,,,070102,-12.056053,-77.095880,osm_unverified,,dev,tipo=Avenida;num=nro.;interior;loc=dist_prov_dep;mayusculas
OSM-n2845449628,osm_addr,Avenida Guardia Chalaca 1821,Bellavista,Callao,Callao,AVENIDA,GUARDIA CHALACA,1821,,,,070102,-12.060607,-77.125419,osm_unverified,,dev,addr:street y addr:housenumber de OSM
SYN-n2845449628-1,synthetic,Avenida Guardia Chalaca #1821,Bellavista,,,AVENIDA,GUARDIA CHALACA,1821,,,,070102,-12.060607,-77.125419,osm_unverified,,dev,tipo=Avenida;num=#;loc=campo
SYN-n2845449628-2,synthetic,"Av Guardia Chalaca 1821, Bellavista",,,,AVENIDA,GUARDIA CHALACA,1821,,,,070102,-12.060607,-77.125419,osm_unverified,,dev,tipo=Av;loc=coma;sin_tildes
OSM-n4337683282,osm_addr,Avenida Óscar Raimundo Benavides 2822,Bellavista,Callao,Callao,AVENIDA,OSCAR RAIMUNDO BENAVIDES,2822,,,,070102,-12.056903,-77.112965,osm_unverified,,dev,addr:street y addr:housenumber de OSM
SYN-n4337683282-1,synthetic,"Óscar Raimundo Benavides # 2822, Bellavista",,,,,OSCAR RAIMUNDO BENAVIDES,2822,,,,070102,-12.056903,-77.112965,osm_unverified,,dev,tipo_omitido;num=#;loc=coma
SYN-n4337683282-2,synthetic,"AV.ÓSCAR RAIMUNDO BENAVIDES Nº 2822, BELLAVISTA",,,,AVENIDA,OSCAR RAIMUNDO BENAVIDES,2822,,,,070102,-12.056903,-77.112965,osm_unverified,,dev,tipo=AV.;num=Nº;tipo_pegado;loc=coma;mayusculas
OSM-n4337683285,osm_addr,Avenida Óscar Raimundo Benavides 3298,Bellavista,Callao,Callao,AVENIDA,OSCAR RAIMUNDO BENAVIDES,3298,,,,070102,-12.055905,-77.108073,osm_unverified,,dev,addr:street y addr:housenumber de OSM
SYN-n4337683285-1,synthetic,avda. oscar raimundo benavides nro 3298 bellavista,,,,AVENIDA,OSCAR RAIMUNDO BENAVIDES,3298,,,,070102,-12.055905,-77.108073,osm_unverified,,dev,tipo=Avda.;num=Nro;loc=espacio;minusculas;sin_tildes
SYN-n4337683285-2,synthetic,Av. Oscar Raimundo Benavides Nro. 3298 - Bellavista,,Callao,,AVENIDA,OSCAR RAIMUNDO BENAVIDES,3298,,,,070102,-12.055905,-77.108073,osm_unverified,,dev,tipo=Av.;num=Nro.;loc=mixta;sin_tildes
OSM-n4341743248,osm_addr,Avenida Miguel Grau 1700,Bellavista,Callao,Callao,AVENIDA,MIGUEL GRAU,1700,,,,070102,-12.060268,-77.129230,osm_unverified,,dev,addr:street y addr:housenumber de OSM
SYN-n4341743248-1,synthetic,av. miguel grau nro. 1700,Bellavista,,,AVENIDA,MIGUEL GRAU,1700,,,,070102,-12.060268,-77.129230,osm_unverified,,dev,tipo=AV.;num=nro.;loc=campo;minusculas
SYN-n4341743248-2,synthetic,"Avda. Miguel Grau Nro. 1700, Bellavista",,,,AVENIDA,MIGUEL GRAU,1700,,,,070102,-12.060268,-77.129230,osm_unverified,,dev,tipo=Avda.;num=Nro.;loc=coma;sin_tildes
OSM-n4902801115,osm_addr,Avenida Benavides 4692,Bellavista,Callao,Callao,AVENIDA,BENAVIDES,4692,,,,070102,-12.053314,-77.094901,osm_unverified,,dev,addr:street y addr:housenumber de OSM
SYN-n4902801115-1,synthetic,"Av. Benavides N° 4692 Of. 502, Bellavista",,,,AVENIDA,BENAVIDES,4692,,,,070102,-12.053314,-77.094901,osm_unverified,,dev,tipo=Av.;num=N°;interior;loc=coma;sin_tildes
SYN-n4902801115-2,synthetic,Benavides Nro. 4692 - Bellavista,,,,,BENAVIDES,4692,,,,070102,-12.053314,-77.094901,osm_unverified,,dev,tipo_omitido;num=Nro.;loc=guion;sin_tildes
OSM-n5078079874,osm_addr,Jirón José Olaya 499,Bellavista,Callao,Callao,JIRON,JOSE OLAYA,499,,,,070102,-12.065966,-77.128482,osm_unverified,,test,addr:street y addr:housenumber de OSM
SYN-n5078079874-1,synthetic,"Jr. José Olaya # 499, Bellavista, Callao, Callao",,,,JIRON,JOSE OLAYA,499,,,,070102,-12.065966,-77.128482,osm_unverified,,test,tipo=Jr.;num=#;loc=dist_prov_dep
SYN-n5078079874-2,synthetic,"JIRON JOSE OLAYA N°499, BELLAVISTA",,,,JIRON,JOSE OLAYA,499,,,,070102,-12.065966,-77.128482,osm_unverified,,test,tipo=Jirón;num=N°;loc=coma;mayusculas;sin_tildes
OSM-n5078079875,osm_addr,Jirón José Olaya 500,Bellavista,Callao,Callao,JIRON,JOSE OLAYA,500,,,,070102,-12.066012,-77.128304,osm_unverified,,test,addr:street y addr:housenumber de OSM
SYN-n5078079875-1,synthetic,jr. Jose Olaya # 500 Bellavista,,,,JIRON,JOSE OLAYA,500,,,,070102,-12.066012,-77.128304,osm_unverified,,test,tipo=jr.;num=#;loc=espacio;sin_tildes
SYN-n5078079875-2,synthetic,"jr josé olaya 500, bellavista",,,,JIRON,JOSE OLAYA,500,,,,070102,-12.066012,-77.128304,osm_unverified,,test,tipo=Jr;loc=coma;minusculas
OSM-n5078079879,osm_addr,Avenida José Gálvez 100,Bellavista,Callao,Callao,AVENIDA,JOSE GALVEZ,100,,,,070102,-12.067701,-77.132880,osm_unverified,,dev,addr:street y addr:housenumber de OSM
SYN-n5078079879-1,synthetic,Av. Jose Galvez N° 100 - Bellavista,,Callao,,AVENIDA,JOSE GALVEZ,100,,,,070102,-12.067701,-77.132880,osm_unverified,,dev,tipo=Av.;num=N°;loc=mixta;sin_tildes
SYN-n5078079879-2,synthetic,Avenida José Gálvez 100 Bellavista,,,,AVENIDA,JOSE GALVEZ,100,,,,070102,-12.067701,-77.132880,osm_unverified,,dev,tipo=Avenida;loc=espacio
OSM-n5078106318,osm_addr,Avenida República de Venezuela 1800,Bellavista,Callao,Callao,AVENIDA,REPUBLICA DE VENEZUELA,1800,,,,070102,-12.062863,-77.103449,osm_unverified,,dev,addr:street y addr:housenumber de OSM
SYN-n5078106318-1,synthetic,"AV REPÚBLICA DE VENEZUELA N°1800, BELLAVISTA, CALLAO, CALLAO",,,,AVENIDA,REPUBLICA DE VENEZUELA,1800,,,,070102,-12.062863,-77.103449,osm_unverified,,dev,tipo=Av;num=N°;loc=dist_prov_dep;mayusculas
SYN-n5078106318-2,synthetic,"AV.REPUBLICA DE VENEZUELA 1800, BELLAVISTA, CALLAO, CALLAO",,,,AVENIDA,REPUBLICA DE VENEZUELA,1800,,,,070102,-12.062863,-77.103449,osm_unverified,,dev,tipo=Av.;tipo_pegado;loc=dist_prov_dep;mayusculas;sin_tildes
OSM-n5078106319,osm_addr,Avenida República de Venezuela 1899,Bellavista,Callao,Callao,AVENIDA,REPUBLICA DE VENEZUELA,1899,,,,070102,-12.062707,-77.101770,osm_unverified,,dev,addr:street y addr:housenumber de OSM
SYN-n5078106319-1,synthetic,AV. REPUBLICA DE VENEZUELA NRO. 1899 BELLAVISTA,,,,AVENIDA,REPUBLICA DE VENEZUELA,1899,,,,070102,-12.062707,-77.101770,osm_unverified,,dev,tipo=AV.;num=Nro.;loc=espacio;mayusculas;sin_tildes
SYN-n5078106319-2,synthetic,Avda. República de Venezuela N°1899 Int. 3 - Bellavista,,Callao,,AVENIDA,REPUBLICA DE VENEZUELA,1899,,,,070102,-12.062707,-77.101770,osm_unverified,,dev,tipo=Avda.;num=N°;interior;loc=mixta
OSM-w1327378208,osm_addr,Avenida Juan Pablo II 170,Bellavista,Callao,Callao,AVENIDA,JUAN PABLO II,170,,,,070102,-12.064048,-77.118920,osm_unverified,,dev,addr:street y addr:housenumber de OSM
SYN-w1327378208-1,synthetic,"Av. Juan Pablo II Nº 170, Bellavista",,,,AVENIDA,JUAN PABLO II,170,,,,070102,-12.064048,-77.118920,osm_unverified,,dev,tipo=Av.;num=Nº;loc=coma
SYN-w1327378208-2,synthetic,av. Juan Pablo II Nro 170,Bellavista,,,AVENIDA,JUAN PABLO II,170,,,,070102,-12.064048,-77.118920,osm_unverified,,dev,tipo=av.;num=Nro;loc=campo
OSM-w1393200386,osm_addr,Jirón Colina 1048,Bellavista,Callao,Callao,JIRON,COLINA,1048,,,,070102,-12.065449,-77.122539,osm_unverified,,dev,addr:street y addr:housenumber de OSM
SYN-w1393200386-1,synthetic,"JR. COLINA 1048, BELLAVISTA, CALLAO, CALLAO",,,,JIRON,COLINA,1048,,,,070102,-12.065449,-77.122539,osm_unverified,,dev,tipo=Jr.;loc=dist_prov_dep;mayusculas;sin_tildes
SYN-w1393200386-2,synthetic,Jr Colina 1048 - Bellavista,,,,JIRON,COLINA,1048,,,,070102,-12.065449,-77.122539,osm_unverified,,dev,tipo=Jr;loc=guion
OSM-w402966910,osm_addr,Jirón Almirante Miguel Grau 220,Bellavista,Callao,Callao,JIRON,ALMIRANTE MIGUEL GRAU,220,,,,070102,-12.060409,-77.126905,osm_unverified,,dev,addr:street y addr:housenumber de OSM
SYN-w402966910-1,synthetic,Almirante Miguel Grau N°220 - Bellavista,,,,,ALMIRANTE MIGUEL GRAU,220,,,,070102,-12.060409,-77.126905,osm_unverified,,dev,tipo_omitido;num=N°;loc=guion
SYN-w402966910-2,synthetic,"Jr. Almirante Miguel Grau nro. 220, Bellavista, Callao, Callao",,,,JIRON,ALMIRANTE MIGUEL GRAU,220,,,,070102,-12.060409,-77.126905,osm_unverified,,dev,tipo=Jr.;num=nro.;loc=dist_prov_dep;sin_tildes
OSM-w428111371,osm_addr,Jirón Andres Vigil 535,Bellavista,Callao,Callao,JIRON,ANDRES VIGIL,535,,,,070102,-12.063179,-77.133113,osm_unverified,,test,addr:street y addr:housenumber de OSM
SYN-w428111371-1,synthetic,Jr Andres Vigil 535 Int. 3 - Bellavista,,Callao,,JIRON,ANDRES VIGIL,535,,,,070102,-12.063179,-77.133113,osm_unverified,,test,tipo=Jr;interior;loc=mixta;sin_tildes
SYN-w428111371-2,synthetic,JR. ANDRES VIGIL NRO 535,Bellavista,,,JIRON,ANDRES VIGIL,535,,,,070102,-12.063179,-77.133113,osm_unverified,,test,tipo=Jr.;num=Nro;loc=campo;mayusculas;sin_tildes
OSM-w436284607,osm_addr,Avenida Saenz Peña 1490,Bellavista,Callao,Callao,AVENIDA,SAENZ PEÑA,1490,,,,070102,-12.059238,-77.128153,osm_unverified,,test,addr:street y addr:housenumber de OSM
SYN-w436284607-1,synthetic,Avda. Saenz Peña Nº 1490 Dpto. 201 - Bellavista,,,,AVENIDA,SAENZ PEÑA,1490,,,,070102,-12.059238,-77.128153,osm_unverified,,test,tipo=Avda.;num=Nº;interior;loc=guion;sin_tildes
SYN-w436284607-2,synthetic,av.Saenz Peña #1490 - Bellavista,,Callao,,AVENIDA,SAENZ PEÑA,1490,,,,070102,-12.059238,-77.128153,osm_unverified,,test,tipo=av.;num=#;tipo_pegado;loc=mixta
OSM-w436290232,osm_addr,Avenida Guardia Chalaca 2189,Bellavista,Callao,Callao,AVENIDA,GUARDIA CHALACA,2189,,,,070102,-12.062022,-77.123414,osm_unverified,,dev,addr:street y addr:housenumber de OSM
SYN-w436290232-1,synthetic,Av. Guardia Chalaca nro. 2189 - Bellavista,,,,AVENIDA,GUARDIA CHALACA,2189,,,,070102,-12.062022,-77.123414,osm_unverified,,dev,tipo=Av.;num=nro.;loc=guion;sin_tildes
SYN-w436290232-2,synthetic,Av. Guardia Chalaca nro. 2189,Bellavista,,,AVENIDA,GUARDIA CHALACA,2189,,,,070102,-12.062022,-77.123414,osm_unverified,,dev,tipo=Av.;num=nro.;loc=campo;sin_tildes
OSM-w436301620,osm_addr,Prolongación Buenos Aires 2618,Bellavista,Callao,Callao,PROLONGACION,BUENOS AIRES,2618,,,,070102,-12.057564,-77.116335,osm_unverified,,dev,addr:street y addr:housenumber de OSM
SYN-w436301620-1,synthetic,"prol. buenos aires nº 2618, bellavista, callao, callao",,,,PROLONGACION,BUENOS AIRES,2618,,,,070102,-12.057564,-77.116335,osm_unverified,,dev,tipo=Prol.;num=Nº;loc=dist_prov_dep;minusculas
SYN-w436301620-2,synthetic,prolong. buenos aires 2618 bellavista,,,,PROLONGACION,BUENOS AIRES,2618,,,,070102,-12.057564,-77.116335,osm_unverified,,dev,tipo=Prolong.;loc=espacio;minusculas
OSM-w436424140,osm_addr,Jirón Vigil 450,Bellavista,Callao,Callao,JIRON,VIGIL,450,,,,070102,-12.062576,-77.133700,osm_unverified,,test,addr:street y addr:housenumber de OSM
SYN-w436424140-1,synthetic,JR. Vigil N° 450 Bellavista,,,,JIRON,VIGIL,450,,,,070102,-12.062576,-77.133700,osm_unverified,,test,tipo=JR.;num=N°;loc=espacio
SYN-w436424140-2,synthetic,jr. Vigil #450 - Bellavista,,,,JIRON,VIGIL,450,,,,070102,-12.062576,-77.133700,osm_unverified,,test,tipo=jr.;num=#;loc=guion
OSM-n4703999138,osm_addr,Jirón Simón Bolivar 199,Carmen de La Legua-Reynoso,Callao,Callao,JIRON,SIMON BOLIVAR,199,,,,070103,-12.037637,-77.083855,osm_unverified,,test,addr:street y addr:housenumber de OSM
SYN-n4703999138-1,synthetic,simón bolivar n° 199,Carmen de La Legua-Reynoso,,,,SIMON BOLIVAR,199,,,,070103,-12.037637,-77.083855,osm_unverified,,test,tipo_omitido;num=N°;loc=campo;minusculas
SYN-n4703999138-2,synthetic,jr. simon bolivar n° 199 - carmen de la legua-reynoso,,,,JIRON,SIMON BOLIVAR,199,,,,070103,-12.037637,-77.083855,osm_unverified,,test,tipo=JR.;num=N°;loc=guion;minusculas;sin_tildes
OSM-n4703999139,osm_addr,Jirón Simón Bolivar 101,Carmen de La Legua-Reynoso,Callao,Callao,JIRON,SIMON BOLIVAR,101,,,,070103,-12.037216,-77.083903,osm_unverified,,test,addr:street y addr:housenumber de OSM
SYN-n4703999139-1,synthetic,"jr simón bolivar 101, carmen de la legua-reynoso, callao",,,,JIRON,SIMON BOLIVAR,101,,,,070103,-12.037216,-77.083903,osm_unverified,,test,tipo=Jr;loc=dist_prov;minusculas
SYN-n4703999139-2,synthetic,JR. Simón Bolivar #101 Carmen de La Legua-Reynoso,,,,JIRON,SIMON BOLIVAR,101,,,,070103,-12.037216,-77.083903,osm_unverified,,test,tipo=JR.;num=#;loc=espacio
OSM-n4704152288,osm_addr,Avenida 1º de Mayo 399,Carmen de La Legua-Reynoso,Callao,Callao,AVENIDA,1 DE MAYO,399,,,,070103,-12.040502,-77.095336,osm_unverified,,dev,addr:street y addr:housenumber de OSM
SYN-n4704152288-1,synthetic,"AV. 1º DE MAYO # 399, CARMEN DE LA LEGUA-REYNOSO, CALLAO",,,,AVENIDA,1 DE MAYO,399,,,,070103,-12.040502,-77.095336,osm_unverified,,dev,tipo=av.;num=#;loc=dist_prov;mayusculas;sin_tildes
SYN-n4704152288-2,synthetic,"AV 1º DE MAYO N° 399, CARMEN DE LA LEGUA-REYNOSO, CALLAO",,,,AVENIDA,1 DE MAYO,399,,,,070103,-12.040502,-77.095336,osm_unverified,,dev,tipo=Av;num=N°;loc=dist_prov;mayusculas
OSM-n4704161989,osm_addr,Avenida 1º de Mayo 301,Carmen de La Legua-Reynoso,Callao,Callao,AVENIDA,1 DE MAYO,301,,,,070103,-12.040669,-77.096209,osm_unverified,,dev,addr:street y addr:housenumber de OSM
SYN-n4704161989-1,synthetic,"avenida 1º de mayo nro. 301, carmen de la legua-reynoso, callao",,,,AVENIDA,1 DE MAYO,301,,,,070103,-12.040669,-77.096209,osm_unverified,,dev,tipo=Avenida;num=Nro.;loc=dist_prov;minusculas;sin_tildes
SYN-n4704161989-2,synthetic,Avenida 1º de Mayo Nro 301 - Carmen de La Legua-Reynoso,,Callao,,AVENIDA,1 DE MAYO,301,,,,070103,-12.040669,-77.096209,osm_unverified,,dev,tipo=Avenida;num=Nro;loc=mixta;sin_tildes
OSM-n4704407220,osm_addr,Jirón José Carlos Mariátegui 201,Carmen de La Legua-Reynoso,Callao,Callao,JIRON,JOSE CARLOS MARIATEGUI,201,,,,070103,-12.038775,-77.089076,osm_unverified,,dev,addr:street y addr:housenumber de OSM
SYN-n4704407220-1,synthetic,JOSE CARLOS MARIATEGUI # 201 CARMEN DE LA LEGUA-REYNOSO,,,,,JOSE CARLOS MARIATEGUI,201,,,,070103,-12.038775,-77.089076,osm_unverified,,dev,tipo_omitido;num=#;loc=espacio;mayusculas;sin_tildes
SYN-n4704407220-2,synthetic,JIRON JOSE CARLOS MARIATEGUI 201 CARMEN DE LA LEGUA-REYNOSO,,,,JIRON,JOSE CARLOS MARIATEGUI,201,,,,070103,-12.038775,-77.089076,osm_unverified,,dev,tipo=Jiron;loc=espacio;mayusculas;sin_tildes
OSM-n4704407221,osm_addr,Jirón José Carlos Mariátegui 198,Carmen de La Legua-Reynoso,Callao,Callao,JIRON,JOSE CARLOS MARIATEGUI,198,,,,070103,-12.038657,-77.089227,osm_unverified,,dev,addr:street y addr:housenumber de OSM
SYN-n4704407221-1,synthetic,JIRÓN JOSÉ CARLOS MARIÁTEGUI 198 CARMEN DE LA LEGUA-REYNOSO,,,,JIRON,JOSE CARLOS MARIATEGUI,198,,,,070103,-12.038657,-77.089227,osm_unverified,,dev,tipo=Jirón;loc=espacio;mayusculas
SYN-n4704407221-2,synthetic,JIRON JOSÉ CARLOS MARIÁTEGUI 198 CARMEN DE LA LEGUA-REYNOSO,,,,JIRON,JOSE CARLOS MARIATEGUI,198,,,,070103,-12.038657,-77.089227,osm_unverified,,dev,tipo=Jiron;loc=espacio;mayusculas
OSM-n4706104614,osm_addr,Jirón José Galvez 699,Carmen de La Legua-Reynoso,Callao,Callao,JIRON,JOSE GALVEZ,699,,,,070103,-12.041864,-77.090126,osm_unverified,,test,addr:street y addr:housenumber de OSM
SYN-n4706104614-1,synthetic,JIRON JOSÉ GALVEZ N° 699 - CARMEN DE LA LEGUA-REYNOSO,,Callao,,JIRON,JOSE GALVEZ,699,,,,070103,-12.041864,-77.090126,osm_unverified,,test,tipo=Jiron;num=N°;loc=mixta;mayusculas
SYN-n4706104614-2,synthetic,"Jiron Jose Galvez nro. 699, Carmen de La Legua-Reynoso, Callao, Callao",,,,JIRON,JOSE GALVEZ,699,,,,070103,-12.041864,-77.090126,osm_unverified,,test,tipo=Jiron;num=nro.;loc=dist_prov_dep;sin_tildes
OSM-n4706104615,osm_addr,Jirón José Galvez 601,Carmen de La Legua-Reynoso,Callao,Callao,JIRON,JOSE GALVEZ,601,,,,070103,-12.041277,-77.090356,osm_unverified,,test,addr:street y addr:housenumber de OSM
SYN-n4706104615-1,synthetic,"JR.Jose Galvez Nro 601, Carmen de La Legua-Reynoso, Callao, Callao",,,,JIRON,JOSE GALVEZ,601,,,,070103,-12.041277,-77.090356,osm_unverified,,test,tipo=JR.;num=Nro;tipo_pegado;loc=dist_prov_dep;sin_tildes
SYN-n4706104615-2,synthetic,Jr José Galvez # 601 Dpto. 201 Carmen de La Legua-Reynoso,,,,JIRON,JOSE GALVEZ,601,,,,070103,-12.041277,-77.090356,osm_unverified,,test,tipo=Jr;num=#;interior;loc=espacio
OSM-n4706104664,osm_addr,Avenida Manco Capac 699,Carmen de La Legua-Reynoso,Callao,Callao,AVENIDA,MANCO CAPAC,699,,,,070103,-12.040340,-77.091929,osm_unverified,,test,addr:street y addr:housenumber de OSM
SYN-n4706104664-1,synthetic,"Av Manco Capac # 699, Carmen de La Legua-Reynoso, Callao, Callao",,,,AVENIDA,MANCO CAPAC,699,,,,070103,-12.040340,-77.091929,osm_unverified,,test,tipo=Av;num=#;loc=dist_prov_dep
SYN-n4706104664-2,synthetic,avenida manco capac #699 - carmen de la legua-reynoso,,Callao,,AVENIDA,MANCO CAPAC,699,,,,070103,-12.040340,-77.091929,osm_unverified,,test,tipo=Avenida;num=#;loc=mixta;minusculas
OSM-n4710747092,osm_addr,Jirón Pacífico 512,Carmen de La Legua-Reynoso,Callao,Callao,JIRON,PACIFICO,512,,,,070103,-12.042867,-77.085883,osm_unverified,,dev,addr:street y addr:housenumber de OSM
SYN-n4710747092-1,synthetic,"JIRON PACIFICO 512, CARMEN DE LA LEGUA-REYNOSO, CALLAO",,,,JIRON,PACIFICO,512,,,,070103,-12.042867,-77.085883,osm_unverified,,dev,tipo=Jiron;loc=dist_prov;mayusculas;sin_tildes
SYN-n4710747092-2,synthetic,Jiron Pacifico Nº 512 Of. 502 - Carmen de La Legua-Reynoso,,,,JIRON,PACIFICO,512,,,,070103,-12.042867,-77.085883,osm_unverified,,dev,tipo=Jiron;num=Nº;interior;loc=guion;sin_tildes
OSM-n4715723424,osm_addr,Jirón Pacífico 296,Carmen de La Legua-Reynoso,Callao,Callao,JIRON,PACIFICO,296,,,,070103,-12.041301,-77.086015,osm_unverified,,dev,addr:street y addr:housenumber de OSM
SYN-n4715723424-1,synthetic,Jr.Pacífico 296,Carmen de La Legua-Reynoso,,,JIRON,PACIFICO,296,,,,070103,-12.041301,-77.086015,osm_unverified,,dev,tipo=Jr.;tipo_pegado;loc=campo
SYN-n4715723424-2,synthetic,"Jirón Pacífico #296, Carmen de La Legua-Reynoso",,,,JIRON,PACIFICO,296,,,,070103,-12.041301,-77.086015,osm_unverified,,dev,tipo=Jirón;num=#;loc=coma
OSM-n4724765535,osm_addr,Avenida Materiales 175,Carmen de La Legua-Reynoso,Callao,Callao,AVENIDA,MATERIALES,175,,,,070103,-12.042303,-77.084881,osm_unverified,,dev,addr:street y addr:housenumber de OSM
SYN-n4724765535-1,synthetic,avda. materiales #175 - carmen de la legua-reynoso,,Callao,,AVENIDA,MATERIALES,175,,,,070103,-12.042303,-77.084881,osm_unverified,,dev,tipo=Avda.;num=#;loc=mixta;minusculas;sin_tildes
SYN-n4724765535-2,synthetic,Avenida Materiales 175 Carmen de La Legua-Reynoso,,,,AVENIDA,MATERIALES,175,,,,070103,-12.042303,-77.084881,osm_unverified,,dev,tipo=Avenida;loc=espacio;sin_tildes
OSM-n4724766091,osm_addr,Avenida Materiales 171,Carmen de La Legua-Reynoso,Callao,Callao,AVENIDA,MATERIALES,171,,,,070103,-12.042305,-77.084905,osm_unverified,,dev,addr:street y addr:housenumber de OSM
SYN-n4724766091-1,synthetic,Av. Materiales #171 - Carmen de La Legua-Reynoso,,Callao,,AVENIDA,MATERIALES,171,,,,070103,-12.042305,-77.084905,osm_unverified,,dev,tipo=Av.;num=#;loc=mixta
SYN-n4724766091-2,synthetic,AVENIDA MATERIALES NRO. 171 - CARMEN DE LA LEGUA-REYNOSO,,Callao,,AVENIDA,MATERIALES,171,,,,070103,-12.042305,-77.084905,osm_unverified,,dev,tipo=Avenida;num=Nro.;loc=mixta;mayusculas
OSM-n4735443928,osm_addr,Morales Duarez 602B,Carmen de La Legua-Reynoso,Callao,Callao,,MORALES DUAREZ,602B,,,,070103,-12.039068,-77.093253,osm_unverified,,test,addr:street y addr:housenumber de OSM
SYN-n4735443928-1,synthetic,MORALES DUAREZ #602 B PISO 2 CARMEN DE LA LEGUA-REYNOSO,,,,,MORALES DUAREZ,602B,,,,070103,-12.039068,-77.093253,osm_unverified,,test,num=#;interior;loc=espacio;mayusculas;sin_tildes
SYN-n4735443928-2,synthetic,MORALES DUAREZ NRO. 602-B - CARMEN DE LA LEGUA-REYNOSO,,Callao,,,MORALES DUAREZ,602B,,,,070103,-12.039068,-77.093253,osm_unverified,,test,num=Nro.;loc=mixta;mayusculas;sin_tildes
OSM-n4739060502,osm_addr,Jirón Jorge Chávez 399,Carmen de La Legua-Reynoso,Callao,Callao,JIRON,JORGE CHAVEZ,399,,,,070103,-12.040488,-77.092842,osm_unverified,,dev,addr:street y addr:housenumber de OSM
SYN-n4739060502-1,synthetic,"Jirón Jorge Chávez Nº 399, Carmen de La Legua-Reynoso",,,,JIRON,JORGE CHAVEZ,399,,,,070103,-12.040488,-77.092842,osm_unverified,,dev,tipo=Jirón;num=Nº;loc=coma
SYN-n4739060502-2,synthetic,Jorge Chávez 399 - Carmen de La Legua-Reynoso,,Callao,,,JORGE CHAVEZ,399,,,,070103,-12.040488,-77.092842,osm_unverified,,dev,tipo_omitido;loc=mixta
OSM-n4739060503,osm_addr,Jirón Jorge Chávez 301,Carmen de La Legua-Reynoso,Callao,Callao,JIRON,JORGE CHAVEZ,301,,,,070103,-12.040109,-77.092975,osm_unverified,,dev,addr:street y addr:housenumber de OSM
SYN-n4739060503-1,synthetic,"jorge chavez n° 301, carmen de la legua-reynoso, callao, callao",,,,,JORGE CHAVEZ,301,,,,070103,-12.040109,-77.092975,osm_unverified,,dev,tipo_omitido;num=N°;loc=dist_prov_dep;minusculas;sin_tildes
SYN-n4739060503-2,synthetic,"Jiron Jorge Chávez Nro 301, Carmen de La Legua-Reynoso, Callao, Callao",,,,JIRON,JORGE CHAVEZ,301,,,,070103,-12.040109,-77.092975,osm_unverified,,dev,tipo=Jiron;num=Nro;loc=dist_prov_dep
OSM-n5199148359,osm_addr,Avenida 1ro de mayo 212,Carmen de La Legua-Reynoso,Callao,Callao,AVENIDA,1RO DE MAYO,212,,,,070103,-12.041051,-77.097013,osm_unverified,,dev,addr:street y addr:housenumber de OSM
SYN-n5199148359-1,synthetic,"1ro de mayo Nro. 212 Int. 3, Carmen de La Legua-Reynoso, Callao, Callao",,,,,1RO DE MAYO,212,,,,070103,-12.041051,-77.097013,osm_unverified,,dev,tipo_omitido;num=Nro.;interior;loc=dist_prov_dep;sin_tildes
SYN-n5199148359-2,synthetic,Av. 1ro de mayo Nro. 212,Carmen de La Legua-Reynoso,,,AVENIDA,1RO DE MAYO,212,,,,070103,-12.041051,-77.097013,osm_unverified,,dev,tipo=Av.;num=Nro.;loc=campo;sin_tildes
OSM-n5700606921,osm_addr,Avenida Manco Capac 184,Carmen de La Legua-Reynoso,Callao,Callao,AVENIDA,MANCO CAPAC,184,,,,070103,-12.041634,-77.097511,osm_unverified,,test,addr:street y addr:housenumber de OSM
SYN-n5700606921-1,synthetic,Avda. Manco Capac N° 184 - Carmen de La Legua-Reynoso,,Callao,,AVENIDA,MANCO CAPAC,184,,,,070103,-12.041634,-77.097511,osm_unverified,,test,tipo=Avda.;num=N°;loc=mixta
SYN-n5700606921-2,synthetic,"Av. Manco Capac #184, Carmen de La Legua-Reynoso, Callao",,,,AVENIDA,MANCO CAPAC,184,,,,070103,-12.041634,-77.097511,osm_unverified,,test,tipo=Av.;num=#;loc=dist_prov;sin_tildes
OSM-w381167856,osm_addr,Avenida Jose Lopez Pazos 203,Carmen de La Legua-Reynoso,Callao,Callao,AVENIDA,JOSE LOPEZ PAZOS,203,,,,070103,-12.039986,-77.097237,osm_unverified,,test,addr:street y addr:housenumber de OSM
SYN-w381167856-1,synthetic,AV. Jose Lopez Pazos #203,Carmen de La Legua-Reynoso,,,AVENIDA,JOSE LOPEZ PAZOS,203,,,,070103,-12.039986,-77.097237,osm_unverified,,test,tipo=AV.;num=#;loc=campo
SYN-w381167856-2,synthetic,"Av Jose Lopez Pazos # 203, Carmen de La Legua-Reynoso, Callao",,,,AVENIDA,JOSE LOPEZ PAZOS,203,,,,070103,-12.039986,-77.097237,osm_unverified,,test,tipo=Av;num=#;loc=dist_prov;sin_tildes
OSM-w381167859,osm_addr,Avenida Lopez Pazos 380,Carmen de La Legua-Reynoso,Callao,Callao,AVENIDA,LOPEZ PAZOS,380,,,,070103,-12.040109,-77.095545,osm_unverified,,test,addr:street y addr:housenumber de OSM
SYN-w381167859-1,synthetic,Avda. Lopez Pazos 380,Carmen de La Legua-Reynoso,,,AVENIDA,LOPEZ PAZOS,380,,,,070103,-12.040109,-77.095545,osm_unverified,,test,tipo=Avda.;loc=campo;sin_tildes
SYN-w381167859-2,synthetic,"av. Lopez Pazos 380, Carmen de La Legua-Reynoso",,,,AVENIDA,LOPEZ PAZOS,380,,,,070103,-12.040109,-77.095545,osm_unverified,,test,tipo=av.;loc=coma
OSM-n3358845693,osm_addr,Jirón Huascar Marcelo 1160,La Perla,Callao,Callao,JIRON,HUASCAR MARCELO,1160,,,,070104,-12.068634,-77.130419,osm_unverified,,dev,addr:street y addr:housenumber de OSM
SYN-n3358845693-1,synthetic,Jiron Huascar Marcelo 1160 - La Perla,,Callao,,JIRON,HUASCAR MARCELO,1160,,,,070104,-12.068634,-77.130419,osm_unverified,,dev,tipo=Jirón;loc=mixta;sin_tildes
SYN-n3358845693-2,synthetic,Jirón Huascar Marcelo # 1160,La Perla,,,JIRON,HUASCAR MARCELO,1160,,,,070104,-12.068634,-77.130419,osm_unverified,,dev,tipo=Jirón;num=#;loc=campo
OSM-n4041994321,osm_addr,Avenida República de Venezuela 120,La Perla,Callao,Callao,AVENIDA,REPUBLICA DE VENEZUELA,120,,,,070104,-12.065292,-77.117353,osm_unverified,,test,addr:street y addr:housenumber de OSM
SYN-n4041994321-1,synthetic,"AVDA.REPÚBLICA DE VENEZUELA #120, LA PERLA, CALLAO",,,,AVENIDA,REPUBLICA DE VENEZUELA,120,,,,070104,-12.065292,-77.117353,osm_unverified,,test,tipo=Avda.;num=#;tipo_pegado;loc=dist_prov;mayusculas
SYN-n4041994321-2,synthetic,AV. República de Venezuela Nº 120 La Perla,,,,AVENIDA,REPUBLICA DE VENEZUELA,120,,,,070104,-12.065292,-77.117353,osm_unverified,,test,tipo=AV.;num=Nº;loc=espacio
OSM-n5078079915,osm_addr,Avenida José Gálvez 1630,La Perla,Callao,Callao,AVENIDA,JOSE GALVEZ,1630,,,,070104,-12.065992,-77.122293,osm_unverified,,dev,addr:street y addr:housenumber de OSM
SYN-n5078079915-1,synthetic,"AV.JOSE GALVEZ NRO. 1630 INT. 3, LA PERLA, CALLAO, CALLAO",,,,AVENIDA,JOSE GALVEZ,1630,,,,070104,-12.065992,-77.122293,osm_unverified,,dev,tipo=Av.;num=nro.;tipo_pegado;interior;loc=dist_prov_dep;mayusculas;sin_tildes
SYN-n5078079915-2,synthetic,"Avda. Jose Galvez # 1630, La Perla, Callao",,,,AVENIDA,JOSE GALVEZ,1630,,,,070104,-12.065992,-77.122293,osm_unverified,,dev,tipo=Avda.;num=#;loc=dist_prov;sin_tildes
OSM-n5078079916,osm_addr,Jirón José Olaya 1689,La Perla,Callao,Callao,JIRON,JOSE OLAYA,1689,,,,070104,-12.065833,-77.121429,osm_unverified,,test,addr:street y addr:housenumber de OSM
SYN-n5078079916-1,synthetic,jr. José Olaya 1689 - La Perla,,Callao,,JIRON,JOSE OLAYA,1689,,,,070104,-12.065833,-77.121429,osm_unverified,,test,tipo=jr.;loc=mixta
SYN-n5078079916-2,synthetic,jr. José Olaya N°1689 - La Perla,,,,JIRON,JOSE OLAYA,1689,,,,070104,-12.065833,-77.121429,osm_unverified,,test,tipo=jr.;num=N°;loc=guion
OSM-n5079951826,osm_addr,Avenida La Marina 649,La Perla,Callao,Callao,AVENIDA,LA MARINA,649,,,,070104,-12.067834,-77.114496,osm_unverified,,dev,addr:street y addr:housenumber de OSM
SYN-n5079951826-1,synthetic,La Marina N°649 La Perla,,,,,LA MARINA,649,,,,070104,-12.067834,-77.114496,osm_unverified,,dev,tipo_omitido;num=N°;loc=espacio;sin_tildes
SYN-n5079951826-2,synthetic,"avenida la marina 649, la perla, callao, callao",,,,AVENIDA,LA MARINA,649,,,,070104,-12.067834,-77.114496,osm_unverified,,dev,tipo=Avenida;loc=dist_prov_dep;minusculas
OSM-n5084261620,osm_addr,Avenida Haya de la Torre 458,La Perla,Callao,Callao,AVENIDA,HAYA DE LA TORRE,458,,,,070104,-12.071549,-77.110939,osm_unverified,,dev,addr:street y addr:housenumber de OSM
SYN-n5084261620-1,synthetic,av. Haya de la Torre #458 - La Perla,,Callao,,AVENIDA,HAYA DE LA TORRE,458,,,,070104,-12.071549,-77.110939,osm_unverified,,dev,tipo=av.;num=#;loc=mixta
SYN-n5084261620-2,synthetic,"AV. Haya de la Torre Nro. 458, La Perla, Callao",,,,AVENIDA,HAYA DE LA TORRE,458,,,,070104,-12.071549,-77.110939,osm_unverified,,dev,tipo=AV.;num=Nro.;loc=dist_prov
OSM-n5980261019,osm_addr,Calle Iquique 246,La Perla,Callao,Callao,CALLE,IQUIQUE,246,,,,070104,-12.066212,-77.120370,osm_unverified,,dev,addr:street y addr:housenumber de OSM
SYN-n5980261019-1,synthetic,"cll iquique 246 int 4b, la perla, callao",,,,CALLE,IQUIQUE,246,,,,070104,-12.066212,-77.120370,osm_unverified,,dev,tipo=Cll;interior;loc=dist_prov;minusculas;sin_tildes
SYN-n5980261019-2,synthetic,IQUIQUE #246 - LA PERLA,,,,,IQUIQUE,246,,,,070104,-12.066212,-77.120370,osm_unverified,,dev,tipo_omitido;num=#;loc=guion;mayusculas
OSM-n6334500883,osm_addr,Calle 2 de Mayo 570,La Perla,Callao,Callao,CALLE,2 DE MAYO,570,,,,070104,-12.068929,-77.119139,osm_unverified,,test,addr:street y addr:housenumber de OSM
SYN-n6334500883-1,synthetic,Clle. 2 de Mayo #570 - La Perla,,,,CALLE,2 DE MAYO,570,,,,070104,-12.068929,-77.119139,osm_unverified,,test,tipo=Clle.;num=#;loc=guion;sin_tildes
SYN-n6334500883-2,synthetic,Cll 2 de Mayo Nro. 570 La Perla,,,,CALLE,2 DE MAYO,570,,,,070104,-12.068929,-77.119139,osm_unverified,,test,tipo=Cll;num=Nro.;loc=espacio;sin_tildes
OSM-n6376631360,osm_addr,Calle Libertad 159,La Perla,Callao,Callao,CALLE,LIBERTAD,159,,,,070104,-12.072734,-77.116404,osm_unverified,,dev,addr:street y addr:housenumber de OSM
SYN-n6376631360-1,synthetic,libertad #159 - la perla,,,,,LIBERTAD,159,,,,070104,-12.072734,-77.116404,osm_unverified,,dev,tipo_omitido;num=#;loc=guion;minusculas
SYN-n6376631360-2,synthetic,"Calle Libertad Nº 159, La Perla, Callao, Callao",,,,CALLE,LIBERTAD,159,,,,070104,-12.072734,-77.116404,osm_unverified,,dev,tipo=Calle;num=Nº;loc=dist_prov_dep;sin_tildes
OSM-n7044589844,osm_addr,Alfonso Ugarte 1150,La Perla,Callao,Callao,,ALFONSO UGARTE,1150,,,,070104,-12.069180,-77.124826,osm_unverified,,dev,addr:street y addr:housenumber de OSM
SYN-n7044589844-1,synthetic,Alfonso Ugarte N°1150 La Perla,,,,,ALFONSO UGARTE,1150,,,,070104,-12.069180,-77.124826,osm_unverified,,dev,num=N°;loc=espacio
SYN-n7044589844-2,synthetic,Alfonso Ugarte Nro. 1150 - La Perla,,Callao,,,ALFONSO UGARTE,1150,,,,070104,-12.069180,-77.124826,osm_unverified,,dev,num=Nro.;loc=mixta;sin_tildes
OSM-n9904632007,osm_addr,Calle Pedro II 238,La Perla,Callao,Callao,CALLE,PEDRO II,238,,,,070104,-12.066743,-77.124439,osm_unverified,,test,addr:street y addr:housenumber de OSM
SYN-n9904632007-1,synthetic,Cl. Pedro II 238,La Perla,,,CALLE,PEDRO II,238,,,,070104,-12.066743,-77.124439,osm_unverified,,test,tipo=Cl.;loc=campo
SYN-n9904632007-2,synthetic,CL. PEDRO II # 238,La Perla,,,CALLE,PEDRO II,238,,,,070104,-12.066743,-77.124439,osm_unverified,,test,tipo=Cl.;num=#;loc=campo;mayusculas;sin_tildes
OSM-n9904632008,osm_addr,Calle Pedro II 254,La Perla,Callao,Callao,CALLE,PEDRO II,254,,,,070104,-12.066847,-77.124421,osm_unverified,,test,addr:street y addr:housenumber de OSM
SYN-n9904632008-1,synthetic,Cll Pedro II N°254 - La Perla,,Callao,,CALLE,PEDRO II,254,,,,070104,-12.066847,-77.124421,osm_unverified,,test,tipo=Cll;num=N°;loc=mixta
SYN-n9904632008-2,synthetic,Pedro II 254 - La Perla,,Callao,,,PEDRO II,254,,,,070104,-12.066847,-77.124421,osm_unverified,,test,tipo_omitido;loc=mixta
OSM-w414738473,osm_addr,Avenida La Paz 1000,La Perla,Callao,Callao,AVENIDA,LA PAZ,1000,,,,070104,-12.072442,-77.125198,osm_unverified,,dev,addr:street y addr:housenumber de OSM
SYN-w414738473-1,synthetic,"Av. La Paz Nro 1000, La Perla, Callao",,,,AVENIDA,LA PAZ,1000,,,,070104,-12.072442,-77.125198,osm_unverified,,dev,tipo=Av.;num=Nro;loc=dist_prov;sin_tildes
SYN-w414738473-2,synthetic,"Avenida La Paz N°1000, La Perla, Callao",,,,AVENIDA,LA PAZ,1000,,,,070104,-12.072442,-77.125198,osm_unverified,,dev,tipo=Avenida;num=N°;loc=dist_prov;sin_tildes
OSM-w435327823,osm_addr,Avenida Costanera 1393,La Perla,Callao,Callao,AVENIDA,COSTANERA,1393,,,,070104,-12.074175,-77.122188,osm_unverified,,test,addr:street y addr:housenumber de OSM
SYN-w435327823-1,synthetic,av. costanera #1393 - la perla,,,,AVENIDA,COSTANERA,1393,,,,070104,-12.074175,-77.122188,osm_unverified,,test,tipo=AV.;num=#;loc=guion;minusculas
SYN-w435327823-2,synthetic,AV. COSTANERA N° 1393,La Perla,,,AVENIDA,COSTANERA,1393,,,,070104,-12.074175,-77.122188,osm_unverified,,test,tipo=av.;num=N°;loc=campo;mayusculas;sin_tildes
OSM-w436308490,osm_addr,Avenida Santa Rosa 730,La Perla,Callao,Callao,AVENIDA,SANTA ROSA,730,,,,070104,-12.071462,-77.123058,osm_unverified,,dev,addr:street y addr:housenumber de OSM
SYN-w436308490-1,synthetic,"Sta. Rosa nro. 730, La Perla, Callao, Callao",,,,,SANTA ROSA,730,,,,070104,-12.071462,-77.123058,osm_unverified,,dev,titulo_abreviado;tipo_omitido;num=nro.;loc=dist_prov_dep;sin_tildes
SYN-w436308490-2,synthetic,"Avda. Santa Rosa # 730, La Perla, Callao, Callao",,,,AVENIDA,SANTA ROSA,730,,,,070104,-12.071462,-77.123058,osm_unverified,,dev,tipo=Avda.;num=#;loc=dist_prov_dep
OSM-w436795914,osm_addr,Avenida Jose Galvez 1720,La Perla,Callao,Callao,AVENIDA,JOSE GALVEZ,1720,,,,070104,-12.065793,-77.120794,osm_unverified,,dev,addr:street y addr:housenumber de OSM
SYN-w436795914-1,synthetic,"av. Jose Galvez 1720, La Perla",,,,AVENIDA,JOSE GALVEZ,1720,,,,070104,-12.065793,-77.120794,osm_unverified,,dev,tipo=av.;loc=coma;sin_tildes
SYN-w436795914-2,synthetic,"Av. Jose Galvez N°1720, La Perla",,,,AVENIDA,JOSE GALVEZ,1720,,,,070104,-12.065793,-77.120794,osm_unverified,,dev,tipo=Av.;num=N°;loc=coma
OSM-w617092881,osm_addr,Jirón Lima 477,La Perla,Callao,Callao,JIRON,LIMA,477,,,,070104,-12.069046,-77.124248,osm_unverified,,dev,addr:street y addr:housenumber de OSM
SYN-w617092881-1,synthetic,"JR. Lima 477, La Perla",,,,JIRON,LIMA,477,,,,070104,-12.069046,-77.124248,osm_unverified,,dev,tipo=JR.;loc=coma
SYN-w617092881-2,synthetic,Lima N°477 La Perla,,,,,LIMA,477,,,,070104,-12.069046,-77.124248,osm_unverified,,dev,tipo_omitido;num=N°;loc=espacio
OSM-w617092882,osm_addr,Jirón Cahuide 1061,La Perla,Callao,Callao,JIRON,CAHUIDE,1061,,,,070104,-12.069167,-77.124044,osm_unverified,,dev,addr:street y addr:housenumber de OSM
SYN-w617092882-1,synthetic,JR. Cahuide # 1061 - La Perla,,Callao,,JIRON,CAHUIDE,1061,,,,070104,-12.069167,-77.124044,osm_unverified,,dev,tipo=JR.;num=#;loc=mixta
SYN-w617092882-2,synthetic,"Jr. Cahuide N°1061, La Perla, Callao, Callao",,,,JIRON,CAHUIDE,1061,,,,070104,-12.069167,-77.124044,osm_unverified,,dev,tipo=Jr.;num=N°;loc=dist_prov_dep
OSM-w617092883,osm_addr,Jirón Cahuide 1078,La Perla,Callao,Callao,JIRON,CAHUIDE,1078,,,,070104,-12.069668,-77.124122,osm_unverified,,dev,addr:street y addr:housenumber de OSM
SYN-w617092883-1,synthetic,jr.Cahuide # 1078 - La Perla,,,,JIRON,CAHUIDE,1078,,,,070104,-12.069668,-77.124122,osm_unverified,,dev,tipo=jr.;num=#;tipo_pegado;loc=guion;sin_tildes
SYN-w617092883-2,synthetic,"Jiron Cahuide Nro 1078, La Perla, Callao",,,,JIRON,CAHUIDE,1078,,,,070104,-12.069668,-77.124122,osm_unverified,,dev,tipo=Jiron;num=Nro;loc=dist_prov
OSM-w780605625,osm_addr,Avenida Dos de Mayo 640,La Perla,Callao,Callao,AVENIDA,DOS DE MAYO,640,,,,070104,-12.069665,-77.117973,osm_unverified,,dev,addr:street y addr:housenumber de OSM
SYN-w780605625-1,synthetic,Avda. Dos de Mayo Nro. 640 La Perla,,,,AVENIDA,DOS DE MAYO,640,,,,070104,-12.069665,-77.117973,osm_unverified,,dev,tipo=Avda.;num=Nro.;loc=espacio
SYN-w780605625-2,synthetic,"Dos de Mayo 640, La Perla, Callao",,,,,DOS DE MAYO,640,,,,070104,-12.069665,-77.117973,osm_unverified,,dev,tipo_omitido;loc=dist_prov;sin_tildes
OSM-n4398303400,osm_addr,Jirón Garcia y Garcia 100,La Punta,Callao,Callao,JIRON,GARCIA Y GARCIA,100,,,,070105,-12.072078,-77.160687,osm_unverified,,test,addr:street y addr:housenumber de OSM
SYN-n4398303400-1,synthetic,"JR. Garcia y Garcia Nro 100 Dpto. 201, La Punta, Callao",,,,JIRON,GARCIA Y GARCIA,100,,,,070105,-12.072078,-77.160687,osm_unverified,,test,tipo=JR.;num=Nro;interior;loc=dist_prov;sin_tildes
SYN-n4398303400-2,synthetic,jr. Garcia y Garcia 100 - La Punta,,,,JIRON,GARCIA Y GARCIA,100,,,,070105,-12.072078,-77.160687,osm_unverified,,test,tipo=jr.;loc=guion;sin_tildes
OSM-n4398303401,osm_addr,Jirón Palacios 100,La Punta,Callao,Callao,JIRON,PALACIOS,100,,,,070105,-12.070535,-77.159639,osm_unverified,,dev,addr:street y addr:housenumber de OSM
SYN-n4398303401-1,synthetic,Palacios # 100 - La Punta,,Callao,,,PALACIOS,100,,,,070105,-12.070535,-77.159639,osm_unverified,,dev,tipo_omitido;num=#;loc=mixta
SYN-n4398303401-2,synthetic,"Jr. Palacios # 100, La Punta",,,,JIRON,PALACIOS,100,,,,070105,-12.070535,-77.159639,osm_unverified,,dev,tipo=Jr.;num=#;loc=coma;sin_tildes
OSM-n4398303402,osm_addr,Jirón Tovar 100,La Punta,Callao,Callao,JIRON,TOVAR,100,,,,070105,-12.071549,-77.159976,osm_unverified,,dev,addr:street y addr:housenumber de OSM
SYN-n4398303402-1,synthetic,"JR. Tovar 100, La Punta",,,,JIRON,TOVAR,100,,,,070105,-12.071549,-77.159976,osm_unverified,,dev,tipo=JR.;loc=coma
SYN-n4398303402-2,synthetic,"jr.Tovar Nro 100, La Punta",,,,JIRON,TOVAR,100,,,,070105,-12.071549,-77.159976,osm_unverified,,dev,tipo=jr.;num=Nro;tipo_pegado;loc=coma;sin_tildes
OSM-n4398303403,osm_addr,Malecón Pardo 100,La Punta,Callao,Callao,MALECON,PARDO,100,,,,070105,-12.073929,-77.164877,osm_unverified,,dev,addr:street y addr:housenumber de OSM
SYN-n4398303403-1,synthetic,Mlcn. Pardo N° 100,La Punta,,,MALECON,PARDO,100,,,,070105,-12.073929,-77.164877,osm_unverified,,dev,tipo=Mlcn.;num=N°;loc=campo;sin_tildes
SYN-n4398303403-2,synthetic,"Malecón Pardo 100, La Punta, Callao",,,,MALECON,PARDO,100,,,,070105,-12.073929,-77.164877,osm_unverified,,dev,tipo=Malecón;loc=dist_prov
OSM-n4398303404,osm_addr,Calle Elías Aguirre 199,La Punta,Callao,Callao,CALLE,ELIAS AGUIRRE,199,,,,070105,-12.068918,-77.158748,osm_unverified,,dev,addr:street y addr:housenumber de OSM
SYN-n4398303404-1,synthetic,Calle Elias Aguirre #199,La Punta,,,CALLE,ELIAS AGUIRRE,199,,,,070105,-12.068918,-77.158748,osm_unverified,,dev,tipo=Calle;num=#;loc=campo;sin_tildes
SYN-n4398303404-2,synthetic,Ca. Elias Aguirre N°199 - La Punta,,,,CALLE,ELIAS AGUIRRE,199,,,,070105,-12.068918,-77.158748,osm_unverified,,dev,tipo=Ca.;num=N°;loc=guion;sin_tildes
OSM-n4398303405,osm_addr,Calle Galvez 199,La Punta,Callao,Callao,CALLE,GALVEZ,199,,,,070105,-12.067768,-77.158744,osm_unverified,,dev,addr:street y addr:housenumber de OSM
SYN-n4398303405-1,synthetic,Ca.Galvez N° 199 La Punta,,,,CALLE,GALVEZ,199,,,,070105,-12.067768,-77.158744,osm_unverified,,dev,tipo=Ca.;num=N°;tipo_pegado;loc=espacio
SYN-n4398303405-2,synthetic,"CA. GALVEZ N°199, LA PUNTA",,,,CALLE,GALVEZ,199,,,,070105,-12.067768,-77.158744,osm_unverified,,dev,tipo=Ca.;num=N°;loc=coma;mayusculas;sin_tildes
OSM-n4398303406,osm_addr,Jirón Arrieta 199,La Punta,Callao,Callao,JIRON,ARRIETA,199,,,,070105,-12.072348,-77.161511,osm_unverified,,dev,addr:street y addr:housenumber de OSM
SYN-n4398303406-1,synthetic,JIRÓN ARRIETA Nº 199 - LA PUNTA,,Callao,,JIRON,ARRIETA,199,,,,070105,-12.072348,-77.161511,osm_unverified,,dev,tipo=Jirón;num=Nº;loc=mixta;mayusculas
SYN-n4398303406-2,synthetic,Jr.Arrieta N° 199 La Punta,,,,JIRON,ARRIETA,199,,,,070105,-12.072348,-77.161511,osm_unverified,,dev,tipo=Jr.;num=N°;tipo_pegado;loc=espacio
OSM-n4398303407,osm_addr,Jirón Comandante Fanning 199,La Punta,Callao,Callao,JIRON,COMANDANTE FANNING,199,,,,070105,-12.071469,-77.164843,osm_unverified,,dev,addr:street y addr:housenumber de OSM
SYN-n4398303407-1,synthetic,Jr. Cdte. Fanning 199 - La Punta,,,,JIRON,COMANDANTE FANNING,199,,,,070105,-12.071469,-77.164843,osm_unverified,,dev,titulo_abreviado;tipo=Jr.;loc=guion;sin_tildes
SYN-n4398303407-2,synthetic,"Jr. Cdte. Fanning #199, La Punta",,,,JIRON,COMANDANTE FANNING,199,,,,070105,-12.071469,-77.164843,osm_unverified,,dev,titulo_abreviado;tipo=Jr.;num=#;loc=coma
OSM-n4398303408,osm_addr,Jirón Ferre 199,La Punta,Callao,Callao,JIRON,FERRE,199,,,,070105,-12.069552,-77.159343,osm_unverified,,dev,addr:street y addr:housenumber de OSM
SYN-n4398303408-1,synthetic,JR FERRE #199 - LA PUNTA,,Callao,,JIRON,FERRE,199,,,,070105,-12.069552,-77.159343,osm_unverified,,dev,tipo=Jr;num=#;loc=mixta;mayusculas
SYN-n4398303408-2,synthetic,Jiron Ferre N°199 Int 4B,La Punta,,,JIRON,FERRE,199,,,,070105,-12.069552,-77.159343,osm_unverified,,dev,tipo=Jirón;num=N°;interior;loc=campo;sin_tildes
OSM-n4398303409,osm_addr,Jirón Garcia y Garcia 199,La Punta,Callao,Callao,JIRON,GARCIA Y GARCIA,199,,,,070105,-12.071843,-77.160890,osm_unverified,,test,addr:street y addr:housenumber de OSM
SYN-n4398303409-1,synthetic,Jr. Garcia y Garcia #199,La Punta,,,JIRON,GARCIA Y GARCIA,199,,,,070105,-12.071843,-77.160890,osm_unverified,,test,tipo=Jr.;num=#;loc=campo
SYN-n4398303409-2,synthetic,jr garcia y garcia nº 199,La Punta,,,JIRON,GARCIA Y GARCIA,199,,,,070105,-12.071843,-77.160890,osm_unverified,,test,tipo=Jr;num=Nº;loc=campo;minusculas
OSM-n4398303410,osm_addr,Jirón Palacios 199,La Punta,Callao,Callao,JIRON,PALACIOS,199,,,,070105,-12.070087,-77.160014,osm_unverified,,dev,addr:street y addr:housenumber de OSM
SYN-n4398303410-1,synthetic,JR. PALACIOS #199 - LA PUNTA,,,,JIRON,PALACIOS,199,,,,070105,-12.070087,-77.160014,osm_unverified,,dev,tipo=Jr.;num=#;loc=guion;mayusculas
SYN-n4398303410-2,synthetic,"Jr. Palacios 199, La Punta",,,,JIRON,PALACIOS,199,,,,070105,-12.070087,-77.160014,osm_unverified,,dev,tipo=Jr.;loc=coma;sin_tildes
OSM-n4398303411,osm_addr,Jirón Tovar 199,La Punta,Callao,Callao,JIRON,TOVAR,199,,,,070105,-12.071281,-77.160192,osm_unverified,,dev,addr:street y addr:housenumber de OSM
SYN-n4398303411-1,synthetic,"Jr. Tovar N°199, La Punta, Callao, Callao",,,,JIRON,TOVAR,199,,,,070105,-12.071281,-77.160192,osm_unverified,,dev,tipo=Jr.;num=N°;loc=dist_prov_dep
SYN-n4398303411-2,synthetic,Jr Tovar 199,La Punta,,,JIRON,TOVAR,199,,,,070105,-12.071281,-77.160192,osm_unverified,,dev,tipo=Jr;loc=campo;sin_tildes
OSM-n4398303412,osm_addr,Malecón Pardo 199,La Punta,Callao,Callao,MALECON,PARDO,199,,,,070105,-12.074341,-77.163500,osm_unverified,,dev,addr:street y addr:housenumber de OSM
SYN-n4398303412-1,synthetic,Malecon Pardo #199,La Punta,,,MALECON,PARDO,199,,,,070105,-12.074341,-77.163500,osm_unverified,,dev,tipo=Malecón;num=#;loc=campo;sin_tildes
SYN-n4398303412-2,synthetic,"PARDO 199, LA PUNTA, CALLAO, CALLAO",,,,,PARDO,199,,,,070105,-12.074341,-77.163500,osm_unverified,,dev,tipo_omitido;loc=dist_prov_dep;mayusculas;sin_tildes
OSM-n4398303413,osm_addr,Calle Elías Aguirre 200,La Punta,Callao,Callao,CALLE,ELIAS AGUIRRE,200,,,,070105,-12.068807,-77.158829,osm_unverified,,dev,addr:street y addr:housenumber de OSM
SYN-n4398303413-1,synthetic,"Cl. Elias Aguirre 200, La Punta, Callao, Callao",,,,CALLE,ELIAS AGUIRRE,200,,,,070105,-12.068807,-77.158829,osm_unverified,,dev,tipo=Cl.;loc=dist_prov_dep;sin_tildes
SYN-n4398303413-2,synthetic,CALLE ELÍAS AGUIRRE N° 200 DPTO. 201,La Punta,,,CALLE,ELIAS AGUIRRE,200,,,,070105,-12.068807,-77.158829,osm_unverified,,dev,tipo=Calle;num=N°;interior;loc=campo;mayusculas
OSM-n4398303414,osm_addr,Jirón Arrieta 200,La Punta,Callao,Callao,JIRON,ARRIETA,200,,,,070105,-12.072064,-77.161743,osm_unverified,,dev,addr:street y addr:housenumber de OSM
SYN-n4398303414-1,synthetic,"jr. Arrieta #200, La Punta",,,,JIRON,ARRIETA,200,,,,070105,-12.072064,-77.161743,osm_unverified,,dev,tipo=jr.;num=#;loc=coma
SYN-n4398303414-2,synthetic,JR. Arrieta # 200,La Punta,,,JIRON,ARRIETA,200,,,,070105,-12.072064,-77.161743,osm_unverified,,dev,tipo=JR.;num=#;loc=campo
OSM-n4398303415,osm_addr,Jirón Comandante Fanning 200,La Punta,Callao,Callao,JIRON,COMANDANTE FANNING,200,,,,070105,-12.071293,-77.164638,osm_unverified,,dev,addr:street y addr:housenumber de OSM
SYN-n4398303415-1,synthetic,Jr Cdte. Fanning Nº 200 - La Punta,,Callao,,JIRON,COMANDANTE FANNING,200,,,,070105,-12.071293,-77.164638,osm_unverified,,dev,titulo_abreviado;tipo=Jr;num=Nº;loc=mixta
SYN-n4398303415-2,synthetic,Jirón Comandante Fanning 200 - La Punta,,Callao,,JIRON,COMANDANTE FANNING,200,,,,070105,-12.071293,-77.164638,osm_unverified,,dev,tipo=Jirón;loc=mixta
OSM-n4398303416,osm_addr,Jirón Ferre 200,La Punta,Callao,Callao,JIRON,FERRE,200,,,,070105,-12.069310,-77.159513,osm_unverified,,dev,addr:street y addr:housenumber de OSM
SYN-n4398303416-1,synthetic,"JR FERRE # 200, LA PUNTA, CALLAO",,,,JIRON,FERRE,200,,,,070105,-12.069310,-77.159513,osm_unverified,,dev,tipo=Jr;num=#;loc=dist_prov;mayusculas
SYN-n4398303416-2,synthetic,"jr. Ferre N°200, La Punta, Callao, Callao",,,,JIRON,FERRE,200,,,,070105,-12.069310,-77.159513,osm_unverified,,dev,tipo=jr.;num=N°;loc=dist_prov_dep
OSM-w436317577,osm_addr,Avenida Miguel Grau 275,La Punta,Callao,Callao,AVENIDA,MIGUEL GRAU,275,,,,070105,-12.072231,-77.163235,osm_unverified,,dev,addr:street y addr:housenumber de OSM
SYN-w436317577-1,synthetic,"av. Miguel Grau 275, La Punta, Callao",,,,AVENIDA,MIGUEL GRAU,275,,,,070105,-12.072231,-77.163235,osm_unverified,,dev,tipo=av.;loc=dist_prov;sin_tildes
SYN-w436317577-2,synthetic,AV. MIGUEL GRAU Nº 275 - LA PUNTA,,,,AVENIDA,MIGUEL GRAU,275,,,,070105,-12.072231,-77.163235,osm_unverified,,dev,tipo=Av.;num=Nº;loc=guion;mayusculas
OSM-w436317578,osm_addr,Avenida Miguel Grau 265,La Punta,Callao,Callao,AVENIDA,MIGUEL GRAU,265,,,,070105,-12.072281,-77.163285,osm_unverified,,dev,addr:street y addr:housenumber de OSM
SYN-w436317578-1,synthetic,"AV. MIGUEL GRAU NRO 265, LA PUNTA",,,,AVENIDA,MIGUEL GRAU,265,,,,070105,-12.072281,-77.163285,osm_unverified,,dev,tipo=Av.;num=Nro;loc=coma;mayusculas;sin_tildes
SYN-w436317578-2,synthetic,"avda. miguel grau 265, la punta, callao",,,,AVENIDA,MIGUEL GRAU,265,,,,070105,-12.072281,-77.163285,osm_unverified,,dev,tipo=Avda.;loc=dist_prov;minusculas
OSM-w436427352,osm_addr,Jirón Medina 351,La Punta,Callao,Callao,JIRON,MEDINA,351,,,,070105,-12.073086,-77.164712,osm_unverified,,dev,addr:street y addr:housenumber de OSM
SYN-w436427352-1,synthetic,"Jiron Medina Nro 351, La Punta, Callao",,,,JIRON,MEDINA,351,,,,070105,-12.073086,-77.164712,osm_unverified,,dev,tipo=Jiron;num=Nro;loc=dist_prov;sin_tildes
SYN-w436427352-2,synthetic,jr. Medina nro. 351 - La Punta,,,,JIRON,MEDINA,351,,,,070105,-12.073086,-77.164712,osm_unverified,,dev,tipo=jr.;num=nro.;loc=guion
OSM-n13974744201,osm_addr,Calle 8 3,Ventanilla,Callao,Callao,CALLE,8,3,,,,070106,-11.871777,-77.112714,osm_unverified,,dev,addr:street y addr:housenumber de OSM
SYN-n13974744201-1,synthetic,Cl.8 # 3 - Ventanilla,,,,CALLE,8,3,,,,070106,-11.871777,-77.112714,osm_unverified,,dev,tipo=Cl.;num=#;tipo_pegado;loc=guion;sin_tildes
SYN-n13974744201-2,synthetic,Cl.8 3 Dpto. 201 - Ventanilla,,,,CALLE,8,3,,,,070106,-11.871777,-77.112714,osm_unverified,,dev,tipo=Cl.;tipo_pegado;interior;loc=guion;sin_tildes
OSM-n4715829290,osm_addr,Bolognesi 601,Ventanilla,Callao,Callao,,BOLOGNESI,601,,,,070106,-11.832359,-77.123807,osm_unverified,,dev,addr:street y addr:housenumber de OSM
SYN-n4715829290-1,synthetic,"Bolognesi Nro. 601, Ventanilla, Callao",,,,,BOLOGNESI,601,,,,070106,-11.832359,-77.123807,osm_unverified,,dev,num=Nro.;loc=dist_prov;sin_tildes
SYN-n4715829290-2,synthetic,"Bolognesi Nro 601, Ventanilla, Callao",,,,,BOLOGNESI,601,,,,070106,-11.832359,-77.123807,osm_unverified,,dev,num=Nro;loc=dist_prov;sin_tildes
OSM-n5397044221,osm_addr,Calle 5 162,Ventanilla,Callao,Callao,CALLE,5,162,,,,070106,-11.880909,-77.128362,osm_unverified,,dev,addr:street y addr:housenumber de OSM
SYN-n5397044221-1,synthetic,"calle 5 Nº 162, Ventanilla",,,,CALLE,5,162,,,,070106,-11.880909,-77.128362,osm_unverified,,dev,tipo=calle;num=Nº;loc=coma;sin_tildes
SYN-n5397044221-2,synthetic,"calle 5 162, Ventanilla, Callao, Callao",,,,CALLE,5,162,,,,070106,-11.880909,-77.128362,osm_unverified,,dev,tipo=calle;loc=dist_prov_dep;sin_tildes
OSM-n6354861539,osm_addr,Avenida Eucalíptos 8,Ventanilla,Callao,Callao,AVENIDA,EUCALIPTOS,8,,,,070106,-11.873871,-77.122693,osm_unverified,,dev,addr:street y addr:housenumber de OSM
SYN-n6354861539-1,synthetic,"Avenida Eucalíptos N° 8, Ventanilla, Callao",,,,AVENIDA,EUCALIPTOS,8,,,,070106,-11.873871,-77.122693,osm_unverified,,dev,tipo=Avenida;num=N°;loc=dist_prov
SYN-n6354861539-2,synthetic,"EUCALIPTOS NRO 8, VENTANILLA",,,,,EUCALIPTOS,8,,,,070106,-11.873871,-77.122693,osm_unverified,,dev,tipo_omitido;num=Nro;loc=coma;mayusculas;sin_tildes
OSM-w1489915228,osm_addr,Calle 17 272,Ventanilla,Callao,Callao,CALLE,17,272,,,,070106,-11.871677,-77.117161,osm_unverified,,test,addr:street y addr:housenumber de OSM
SYN-w1489915228-1,synthetic,Calle 17 Nro. 272 Ventanilla,,,,CALLE,17,272,,,,070106,-11.871677,-77.117161,osm_unverified,,test,tipo=Calle;num=Nro.;loc=espacio;sin_tildes
SYN-w1489915228-2,synthetic,Cll 17 # 272,Ventanilla,,,CALLE,17,272,,,,070106,-11.871677,-77.117161,osm_unverified,,test,tipo=Cll;num=#;loc=campo;sin_tildes
OSM-w436322424,osm_addr,Avenida Pedro Beltrán 136,Ventanilla,Callao,Callao,AVENIDA,PEDRO BELTRAN,136,,,,070106,-11.872870,-77.126117,osm_unverified,,dev,addr:street y addr:housenumber de OSM
SYN-w436322424-1,synthetic,"avda. pedro beltran n° 136, ventanilla, callao",,,,AVENIDA,PEDRO BELTRAN,136,,,,070106,-11.872870,-77.126117,osm_unverified,,dev,tipo=Avda.;num=N°;loc=dist_prov;minusculas;sin_tildes
SYN-w436322424-2,synthetic,"AV. Pedro Beltran #136, Ventanilla, Callao",,,,AVENIDA,PEDRO BELTRAN,136,,,,070106,-11.872870,-77.126117,osm_unverified,,dev,tipo=AV.;num=#;loc=dist_prov;sin_tildes
OSM-w995465381,osm_addr,Calle Taurus 102,Ventanilla,Callao,Callao,CALLE,TAURUS,102,,,,070106,-11.886025,-77.126656,osm_unverified,,test,addr:street y addr:housenumber de OSM
SYN-w995465381-1,synthetic,"Calle Taurus Nro 102, Ventanilla, Callao",,,,CALLE,TAURUS,102,,,,070106,-11.886025,-77.126656,osm_unverified,,test,tipo=Calle;num=Nro;loc=dist_prov;sin_tildes
SYN-w995465381-2,synthetic,Taurus Nº 102 - Ventanilla,,Callao,,,TAURUS,102,,,,070106,-11.886025,-77.126656,osm_unverified,,test,tipo_omitido;num=Nº;loc=mixta;sin_tildes
OSM-w1275002629,osm_addr,Calle Israel 001,Mi Perú,Callao,Callao,CALLE,ISRAEL,001,,,,070107,-11.850699,-77.118287,osm_unverified,,test,addr:street y addr:housenumber de OSM
SYN-w1275002629-1,synthetic,"Ca. Israel N°001 Int 4B, Mi Perú, Callao, Callao",,,,CALLE,ISRAEL,001,,,,070107,-11.850699,-77.118287,osm_unverified,,test,tipo=Ca.;num=N°;interior;loc=dist_prov_dep
SYN-w1275002629-2,synthetic,"Cl.Israel N°001, Mi Peru, Callao",,,,CALLE,ISRAEL,001,,,,070107,-11.850699,-77.118287,osm_unverified,,test,tipo=Cl.;num=N°;tipo_pegado;loc=dist_prov;sin_tildes
OSM-w1275002630,osm_addr,Calle Israel 003,Mi Perú,Callao,Callao,CALLE,ISRAEL,003,,,,070107,-11.850678,-77.118386,osm_unverified,,test,addr:street y addr:housenumber de OSM
SYN-w1275002630-1,synthetic,Cl. Israel # 003 - Mi Perú,,Callao,,CALLE,ISRAEL,003,,,,070107,-11.850678,-77.118386,osm_unverified,,test,tipo=Cl.;num=#;loc=mixta
SYN-w1275002630-2,synthetic,Ca. Israel # 003 Mi Peru,,,,CALLE,ISRAEL,003,,,,070107,-11.850678,-77.118386,osm_unverified,,test,tipo=Ca.;num=#;loc=espacio;sin_tildes
OSM-w1275002631,osm_addr,Calle Maranatha 003,Mi Perú,Callao,Callao,CALLE,MARANATHA,003,,,,070107,-11.850824,-77.118446,osm_unverified,,dev,addr:street y addr:housenumber de OSM
SYN-w1275002631-1,synthetic,"CL.MARANATHA # 003 DPTO. 201, MI PERU, CALLAO, CALLAO",,,,CALLE,MARANATHA,003,,,,070107,-11.850824,-77.118446,osm_unverified,,dev,tipo=Cl.;num=#;tipo_pegado;interior;loc=dist_prov_dep;mayusculas;sin_tildes
SYN-w1275002631-2,synthetic,Cll Maranatha # 003 - Mi Peru,,,,CALLE,MARANATHA,003,,,,070107,-11.850824,-77.118446,osm_unverified,,dev,tipo=Cll;num=#;loc=guion;sin_tildes
OSM-n11203793707,osm_addr,Jirón Luisa Beausejour 2088,Lima,Lima,Lima,JIRON,LUISA BEAUSEJOUR,2088,,,,150101,-12.055276,-77.061569,osm_unverified,,test,addr:street y addr:housenumber de OSM
SYN-n11203793707-1,synthetic,"LUISA BEAUSEJOUR NRO 2088, LIMA CERCADO, LIMA",,,,,LUISA BEAUSEJOUR,2088,,,,150101,-12.055276,-77.061569,osm_unverified,,test,tipo_omitido;num=Nro;alias_distrito;loc=dist_prov;mayusculas;sin_tildes
SYN-n11203793707-2,synthetic,"Jirón Luisa Beausejour # 2088, Lima, Lima, Lima",,,,JIRON,LUISA BEAUSEJOUR,2088,,,,150101,-12.055276,-77.061569,osm_unverified,,test,tipo=Jirón;num=#;loc=dist_prov_dep
OSM-n11203793708,osm_addr,Avenida Alejandro Bertello 711,Lima,Lima,Lima,AVENIDA,ALEJANDRO BERTELLO,711,,,,150101,-12.062516,-77.069024,osm_unverified,,dev,addr:street y addr:housenumber de OSM
SYN-n11203793708-1,synthetic,"Av. Alejandro Bertello 711, Lima, Lima, Lima",,,,AVENIDA,ALEJANDRO BERTELLO,711,,,,150101,-12.062516,-77.069024,osm_unverified,,dev,tipo=Av.;loc=dist_prov_dep;sin_tildes
SYN-n11203793708-2,synthetic,"Av Alejandro Bertello Nº 711, Lima, Lima, Lima",,,,AVENIDA,ALEJANDRO BERTELLO,711,,,,150101,-12.062516,-77.069024,osm_unverified,,dev,tipo=Av;num=Nº;loc=dist_prov_dep;sin_tildes
OSM-n11203793709,osm_addr,Avenida Tingo María 910,Lima,Lima,Lima,AVENIDA,TINGO MARIA,910,,,,150101,-12.054852,-77.057394,osm_unverified,,dev,addr:street y addr:housenumber de OSM
SYN-n11203793709-1,synthetic,"av. Tingo Maria 910, Lima Cercado, Lima",,,,AVENIDA,TINGO MARIA,910,,,,150101,-12.054852,-77.057394,osm_unverified,,dev,tipo=av.;alias_distrito;loc=dist_prov;sin_tildes
SYN-n11203793709-2,synthetic,"Avda. Tingo María Nro 910, Lima, Lima, Lima",,,,AVENIDA,TINGO MARIA,910,,,,150101,-12.054852,-77.057394,osm_unverified,,dev,tipo=Avda.;num=Nro;loc=dist_prov_dep
OSM-n4313244191,osm_addr,Jirón Paraguay 426,Lima,Lima,Lima,JIRON,PARAGUAY,426,,,,150101,-12.058886,-77.040623,osm_unverified,,dev,addr:street y addr:housenumber de OSM
SYN-n4313244191-1,synthetic,"Paraguay Nº 426, Lima, Lima, Lima",,,,,PARAGUAY,426,,,,150101,-12.058886,-77.040623,osm_unverified,,dev,tipo_omitido;num=Nº;loc=dist_prov_dep;sin_tildes
SYN-n4313244191-2,synthetic,"JR. PARAGUAY #426, LIMA, LIMA, LIMA",,,,JIRON,PARAGUAY,426,,,,150101,-12.058886,-77.040623,osm_unverified,,dev,tipo=Jr.;num=#;loc=dist_prov_dep;mayusculas
OSM-n4335731961,osm_addr,Jirón Junín 284,Lima,Lima,Lima,JIRON,JUNIN,284,,,,150101,-12.046226,-77.029198,osm_unverified,,dev,addr:street y addr:housenumber de OSM
SYN-n4335731961-1,synthetic,"JR. Junín #284, Lima, Lima, Lima",,,,JIRON,JUNIN,284,,,,150101,-12.046226,-77.029198,osm_unverified,,dev,tipo=JR.;num=#;loc=dist_prov_dep
SYN-n4335731961-2,synthetic,"JR. JUNÍN NRO. 284, LIMA, LIMA, LIMA",,,,JIRON,JUNIN,284,,,,150101,-12.046226,-77.029198,osm_unverified,,dev,tipo=JR.;num=nro.;loc=dist_prov_dep;mayusculas
OSM-n4381797216,osm_addr,Jirón Lampa 401,Lima,Lima,Lima,JIRON,LAMPA,401,,,,150101,-12.047414,-77.029502,osm_unverified,,dev,addr:street y addr:housenumber de OSM
SYN-n4381797216-1,synthetic,jr. Lampa Nro. 401,Lima,,,JIRON,LAMPA,401,,,,150101,-12.047414,-77.029502,osm_unverified,,dev,tipo=jr.;num=Nro.;loc=campo;sin_tildes
SYN-n4381797216-2,synthetic,"Jirón Lampa Nro. 401, Lima, Lima, Lima",,,,JIRON,LAMPA,401,,,,150101,-12.047414,-77.029502,osm_unverified,,dev,tipo=Jirón;num=Nro.;loc=dist_prov_dep
OSM-n4381797219,osm_addr,Jirón Ayacucho 499,Lima,Lima,Lima,JIRON,AYACUCHO,499,,,,150101,-12.050264,-77.026748,osm_unverified,,dev,addr:street y addr:housenumber de OSM
SYN-n4381797219-1,synthetic,"JIRON AYACUCHO # 499, LIMA, LIMA, LIMA",,,,JIRON,AYACUCHO,499,,,,150101,-12.050264,-77.026748,osm_unverified,,dev,tipo=Jiron;num=#;loc=dist_prov_dep;mayusculas;sin_tildes
SYN-n4381797219-2,synthetic,"jr. Ayacucho #499, Cercado de Lima",,,,JIRON,AYACUCHO,499,,,,150101,-12.050264,-77.026748,osm_unverified,,dev,tipo=jr.;num=#;alias_distrito;loc=coma
OSM-n4382648110,osm_addr,Jirón Montevideo 200,Lima,Lima,Lima,JIRON,MONTEVIDEO,200,,,,150101,-12.057671,-77.029867,osm_unverified,,test,addr:street y addr:housenumber de OSM
SYN-n4382648110-1,synthetic,"Jr.Montevideo Nro. 200 Int 4B, Lima, Lima, Lima",,,,JIRON,MONTEVIDEO,200,,,,150101,-12.057671,-77.029867,osm_unverified,,test,tipo=Jr.;num=Nro.;tipo_pegado;interior;loc=dist_prov_dep;sin_tildes
SYN-n4382648110-2,synthetic,"JR. MONTEVIDEO Nº 200 INT 4B, LIMA, LIMA, LIMA",,,,JIRON,MONTEVIDEO,200,,,,150101,-12.057671,-77.029867,osm_unverified,,test,tipo=jr.;num=Nº;interior;loc=dist_prov_dep;mayusculas;sin_tildes
OSM-n4382648112,osm_addr,Jirón Paruro 400,Lima,Lima,Lima,JIRON,PARURO,400,,,,150101,-12.047472,-77.022832,osm_unverified,,dev,addr:street y addr:housenumber de OSM
SYN-n4382648112-1,synthetic,JR. Paruro Nro. 400 - Cercado de Lima,,Lima,,JIRON,PARURO,400,,,,150101,-12.047472,-77.022832,osm_unverified,,dev,tipo=JR.;num=Nro.;alias_distrito;loc=mixta
SYN-n4382648112-2,synthetic,Jr. Paruro Nº 400,Lima,,,JIRON,PARURO,400,,,,150101,-12.047472,-77.022832,osm_unverified,,dev,tipo=Jr.;num=Nº;loc=campo
OSM-n4382648115,osm_addr,Jirón Andahuaylas 499,Lima,Lima,Lima,JIRON,ANDAHUAYLAS,499,,,,150101,-12.048782,-77.024823,osm_unverified,,dev,addr:street y addr:housenumber de OSM
SYN-n4382648115-1,synthetic,"Jr Andahuaylas 499, Lima, Lima, Lima",,,,JIRON,ANDAHUAYLAS,499,,,,150101,-12.048782,-77.024823,osm_unverified,,dev,tipo=Jr;loc=dist_prov_dep;sin_tildes
SYN-n4382648115-2,synthetic,jr andahuaylas nro. 499,Lima,,,JIRON,ANDAHUAYLAS,499,,,,150101,-12.048782,-77.024823,osm_unverified,,dev,tipo=Jr;num=Nro.;loc=campo;minusculas;sin_tildes
OSM-n4382648116,osm_addr,Jirón Huanta 299,Lima,Lima,Lima,JIRON,HUANTA,299,,,,150101,-12.050156,-77.022519,osm_unverified,,dev,addr:street y addr:housenumber de OSM
SYN-n4382648116-1,synthetic,"Jr. Huanta # 299, Lima Cercado, Lima, Lima",,,,JIRON,HUANTA,299,,,,150101,-12.050156,-77.022519,osm_unverified,,dev,tipo=Jr.;num=#;alias_distrito;loc=dist_prov_dep;sin_tildes
SYN-n4382648116-2,synthetic,"Jr Huanta # 299, Lima, Lima, Lima",,,,JIRON,HUANTA,299,,,,150101,-12.050156,-77.022519,osm_unverified,,dev,tipo=Jr;num=#;loc=dist_prov_dep
OSM-n4382648118,osm_addr,Jirón Montevideo 299,Lima,Lima,Lima,JIRON,MONTEVIDEO,299,,,,150101,-12.057532,-77.028690,osm_unverified,,test,addr:street y addr:housenumber de OSM
SYN-n4382648118-1,synthetic,"Jr. Montevideo 299, Lima, Lima, Lima",,,,JIRON,MONTEVIDEO,299,,,,150101,-12.057532,-77.028690,osm_unverified,,test,tipo=Jr.;loc=dist_prov_dep
SYN-n4382648118-2,synthetic,JIRON MONTEVIDEO N° 299,Lima Cercado,,,JIRON,MONTEVIDEO,299,,,,150101,-12.057532,-77.028690,osm_unverified,,test,tipo=Jiron;num=N°;alias_distrito;loc=campo;mayusculas
OSM-n5086961306,osm_addr,Avenida Arequipa 701,Lima,Lima,Lima,AVENIDA,AREQUIPA,701,,,,150101,-12.071488,-77.036583,osm_unverified,,dev,addr:street y addr:housenumber de OSM
SYN-n5086961306-1,synthetic,"av. Arequipa Nº 701 Piso 2, Cercado de Lima, Lima, Lima",,,,AVENIDA,AREQUIPA,701,,,,150101,-12.071488,-77.036583,osm_unverified,,dev,tipo=av.;num=Nº;interior;alias_distrito;loc=dist_prov_dep;sin_tildes
SYN-n5086961306-2,synthetic,"av. Arequipa 701, Lima, Lima, Lima",,,,AVENIDA,AREQUIPA,701,,,,150101,-12.071488,-77.036583,osm_unverified,,dev,tipo=av.;loc=dist_prov_dep;sin_tildes
OSM-n5086961307,osm_addr,Avenida Arequipa 799,Lima,Lima,Lima,AVENIDA,AREQUIPA,799,,,,150101,-12.072229,-77.036463,osm_unverified,,dev,addr:street y addr:housenumber de OSM
SYN-n5086961307-1,synthetic,Av Arequipa nro. 799,Lima,,,AVENIDA,AREQUIPA,799,,,,150101,-12.072229,-77.036463,osm_unverified,,dev,tipo=Av;num=nro.;loc=campo;sin_tildes
SYN-n5086961307-2,synthetic,"avenida arequipa #799, lima, lima, lima",,,,AVENIDA,AREQUIPA,799,,,,150101,-12.072229,-77.036463,osm_unverified,,dev,tipo=Avenida;num=#;loc=dist_prov_dep;minusculas;sin_tildes
OSM-n8945106497,osm_addr,Jirón Francisco de Asis 108,Lima,Lima,Lima,JIRON,FRANCISCO DE ASIS,108,,,,150101,-12.061046,-77.068357,osm_unverified,,test,addr:street y addr:housenumber de OSM
SYN-n8945106497-1,synthetic,"JIRON FRANCISCO DE ASIS NRO 108, LIMA, LIMA, LIMA",,,,JIRON,FRANCISCO DE ASIS,108,,,,150101,-12.061046,-77.068357,osm_unverified,,test,tipo=Jiron;num=Nro;loc=dist_prov_dep;mayusculas
SYN-n8945106497-2,synthetic,"Jiron Francisco de Asis 108, Lima, Lima, Lima",,,,JIRON,FRANCISCO DE ASIS,108,,,,150101,-12.061046,-77.068357,osm_unverified,,test,tipo=Jiron;loc=dist_prov_dep;sin_tildes
OSM-w435717075,osm_addr,Avenida Emancipación 897,Lima,Lima,Lima,AVENIDA,EMANCIPACION,897,,,,150101,-12.044249,-77.041370,osm_unverified,,test,addr:street y addr:housenumber de OSM
SYN-w435717075-1,synthetic,"Emancipación Nro. 897 Dpto 1203, Lima, Lima, Lima",,,,,EMANCIPACION,897,,,,150101,-12.044249,-77.041370,osm_unverified,,test,tipo_omitido;num=Nro.;interior;loc=dist_prov_dep
SYN-w435717075-2,synthetic,"av. emancipacion n° 897, lima, lima, lima",,,,AVENIDA,EMANCIPACION,897,,,,150101,-12.044249,-77.041370,osm_unverified,,test,tipo=Av.;num=N°;loc=dist_prov_dep;minusculas;sin_tildes
OSM-w435717076,osm_addr,Jirón Angares 560,Lima,Lima,Lima,JIRON,ANGARES,560,,,,150101,-12.044928,-77.040894,osm_unverified,,test,addr:street y addr:housenumber de OSM
SYN-w435717076-1,synthetic,"JR. Angares N°560, Lima, Lima, Lima",,,,JIRON,ANGARES,560,,,,150101,-12.044928,-77.040894,osm_unverified,,test,tipo=JR.;num=N°;loc=dist_prov_dep
SYN-w435717076-2,synthetic,"jr. Angares # 560, Lima, Lima, Lima",,,,JIRON,ANGARES,560,,,,150101,-12.044928,-77.040894,osm_unverified,,test,tipo=jr.;num=#;loc=dist_prov_dep;sin_tildes
OSM-w449993103,osm_addr,Emilio Fernandez 536,Lima,Lima,Lima,,EMILIO FERNANDEZ,536,,,,150101,-12.073127,-77.033048,osm_unverified,,test,addr:street y addr:housenumber de OSM
SYN-w449993103-1,synthetic,"Emilio Fernandez #536, Lima, Lima, Lima",,,,,EMILIO FERNANDEZ,536,,,,150101,-12.073127,-77.033048,osm_unverified,,test,num=#;loc=dist_prov_dep;sin_tildes
SYN-w449993103-2,synthetic,"EMILIO FERNANDEZ NRO. 536 DPTO. 201, LIMA, LIMA, LIMA",,,,,EMILIO FERNANDEZ,536,,,,150101,-12.073127,-77.033048,osm_unverified,,test,num=nro.;interior;loc=dist_prov_dep;mayusculas
OSM-w450261095,osm_addr,Avenida Alejandro Tirado 751,Lima,Lima,Lima,AVENIDA,ALEJANDRO TIRADO,751,,,,150101,-12.073558,-77.031158,osm_unverified,,dev,addr:street y addr:housenumber de OSM
SYN-w450261095-1,synthetic,AV. Alejandro Tirado 751 - Cercado,,Lima,,AVENIDA,ALEJANDRO TIRADO,751,,,,150101,-12.073558,-77.031158,osm_unverified,,dev,tipo=AV.;alias_distrito;loc=mixta;sin_tildes
SYN-w450261095-2,synthetic,"Avenida Alejandro Tirado 751, Lima, Lima, Lima",,,,AVENIDA,ALEJANDRO TIRADO,751,,,,150101,-12.073558,-77.031158,osm_unverified,,dev,tipo=Avenida;loc=dist_prov_dep;sin_tildes
OSM-w450261096,osm_addr,Avenida Alejandro Tirado 653,Lima,Lima,Lima,AVENIDA,ALEJANDRO TIRADO,653,,,,150101,-12.073664,-77.031953,osm_unverified,,dev,addr:street y addr:housenumber de OSM
SYN-w450261096-1,synthetic,"AV.ALEJANDRO TIRADO 653, LIMA, LIMA, LIMA",,,,AVENIDA,ALEJANDRO TIRADO,653,,,,150101,-12.073664,-77.031953,osm_unverified,,dev,tipo=AV.;tipo_pegado;loc=dist_prov_dep;mayusculas
SYN-w450261096-2,synthetic,"Av Alejandro Tirado nro. 653, Lima, Lima, Lima",,,,AVENIDA,ALEJANDRO TIRADO,653,,,,150101,-12.073664,-77.031953,osm_unverified,,dev,tipo=Av;num=nro.;loc=dist_prov_dep;sin_tildes
OSM-w1361218571,osm_addr,malecon bardelli 171,Ancón,Lima,Lima,MALECON,BARDELLI,171,,,,150102,-11.775172,-77.184555,osm_unverified,,test,addr:street y addr:housenumber de OSM
SYN-w1361218571-1,synthetic,MALECON BARDELLI 171,Ancon,,,MALECON,BARDELLI,171,,,,150102,-11.775172,-77.184555,osm_unverified,,test,tipo=Malecon;loc=campo;mayusculas;sin_tildes
SYN-w1361218571-2,synthetic,Malecon bardelli #171 - Ancon,,,,MALECON,BARDELLI,171,,,,150102,-11.775172,-77.184555,osm_unverified,,test,tipo=Malecon;num=#;loc=guion;sin_tildes
OSM-w153102542,osm_addr,Malecón Ferreyros 375,Ancón,Lima,Lima,MALECON,FERREYROS,375,,,,150102,-11.773850,-77.176129,osm_unverified,,test,addr:street y addr:housenumber de OSM
SYN-w153102542-1,synthetic,"Malecon Ferreyros N°375, Ancon, Lima, Lima",,,,MALECON,FERREYROS,375,,,,150102,-11.773850,-77.176129,osm_unverified,,test,tipo=Malecon;num=N°;loc=dist_prov_dep;sin_tildes
SYN-w153102542-2,synthetic,MLCN. FERREYROS NRO. 375 - ANCON,,Lima,,MALECON,FERREYROS,375,,,,150102,-11.773850,-77.176129,osm_unverified,,test,tipo=Mlcn.;num=nro.;loc=mixta;mayusculas;sin_tildes
OSM-w465231306,osm_addr,Jirón Loa 595,Ancón,Lima,Lima,JIRON,LOA,595,,,,150102,-11.774480,-77.172760,osm_unverified,,dev,addr:street y addr:housenumber de OSM
SYN-w465231306-1,synthetic,"JR. LOA #595, ANCÓN, LIMA",,,,JIRON,LOA,595,,,,150102,-11.774480,-77.172760,osm_unverified,,dev,tipo=JR.;num=#;loc=dist_prov;mayusculas
SYN-w465231306-2,synthetic,Jirón Loa # 595,Ancón,,,JIRON,LOA,595,,,,150102,-11.774480,-77.172760,osm_unverified,,dev,tipo=Jirón;num=#;loc=campo
OSM-n3289024095,osm_addr,Avenida Circunvalación 2301,Ate,Lima,Lima,AVENIDA,CIRCUNVALACION,2301,,,,150103,-12.076619,-76.989414,osm_unverified,,dev,addr:street y addr:housenumber de OSM
SYN-n3289024095-1,synthetic,AV. CIRCUNVALACIÓN #2301,Ate,,,AVENIDA,CIRCUNVALACION,2301,,,,150103,-12.076619,-76.989414,osm_unverified,,dev,tipo=AV.;num=#;loc=campo;mayusculas
SYN-n3289024095-2,synthetic,AV. CIRCUNVALACIÓN 2301 - ATE,,,,AVENIDA,CIRCUNVALACION,2301,,,,150103,-12.076619,-76.989414,osm_unverified,,dev,tipo=AV.;loc=guion;mayusculas
OSM-n3293752102,osm_addr,Los Paracas 214,Ate,Lima,Lima,,LOS PARACAS,214,,,,150103,-12.076609,-76.987107,osm_unverified,,dev,addr:street y addr:housenumber de OSM
SYN-n3293752102-1,synthetic,Los Paracas Nro 214 - Ate,,,,,LOS PARACAS,214,,,,150103,-12.076609,-76.987107,osm_unverified,,dev,num=Nro;loc=guion
SYN-n3293752102-2,synthetic,Los Paracas 214 - Ate,,,,,LOS PARACAS,214,,,,150103,-12.076609,-76.987107,osm_unverified,,dev,loc=guion;sin_tildes
OSM-n3293804439,osm_addr,Garcilazo de la Vega 131,Ate,Lima,Lima,,GARCILAZO DE LA VEGA,131,,,,150103,-12.075067,-76.987908,osm_unverified,,test,addr:street y addr:housenumber de OSM
SYN-n3293804439-1,synthetic,"Garcilazo de la Vega 131 Int 4B, Ate, Lima",,,,,GARCILAZO DE LA VEGA,131,,,,150103,-12.075067,-76.987908,osm_unverified,,test,interior;loc=dist_prov
SYN-n3293804439-2,synthetic,"garcilazo de la vega nro. 131, ate, lima, lima",,,,,GARCILAZO DE LA VEGA,131,,,,150103,-12.075067,-76.987908,osm_unverified,,test,num=nro.;loc=dist_prov_dep;minusculas
OSM-n4365132621,osm_addr,Avenida Nicolás de Ayllón 1301,Ate,Lima,Lima,AVENIDA,NICOLAS DE AYLLON,1301,,,,150103,-12.063486,-76.996083,osm_unverified,,dev,addr:street y addr:housenumber de OSM
SYN-n4365132621-1,synthetic,AV.Nicolas de Ayllon # 1301 Ate,,,,AVENIDA,NICOLAS DE AYLLON,1301,,,,150103,-12.063486,-76.996083,osm_unverified,,dev,tipo=AV.;num=#;tipo_pegado;loc=espacio;sin_tildes
SYN-n4365132621-2,synthetic,AV.Nicolas de Ayllon 1301 Ate,,,,AVENIDA,NICOLAS DE AYLLON,1301,,,,150103,-12.063486,-76.996083,osm_unverified,,dev,tipo=AV.;tipo_pegado;loc=espacio;sin_tildes
OSM-n5131306403,osm_addr,Calle Santa Isabel 194,Ate,Lima,Lima,CALLE,SANTA ISABEL,194,,,,150103,-12.068492,-76.985946,osm_unverified,,dev,addr:street y addr:housenumber de OSM
SYN-n5131306403-1,synthetic,"Sta. Isabel Nro 194, Ate, Lima",,,,,SANTA ISABEL,194,,,,150103,-12.068492,-76.985946,osm_unverified,,dev,titulo_abreviado;tipo_omitido;num=Nro;loc=dist_prov;sin_tildes
SYN-n5131306403-2,synthetic,Cll Santa Isabel Nro. 194 Dpto 1203 - Ate,,,,CALLE,SANTA ISABEL,194,,,,150103,-12.068492,-76.985946,osm_unverified,,dev,tipo=Cll;num=Nro.;interior;loc=guion
OSM-n5147841721,osm_addr,Miguel Valcárcel 185,Ate,Lima,Lima,,MIGUEL VALCARCEL,185,,,,150103,-12.067740,-76.974484,osm_unverified,,dev,addr:street y addr:housenumber de OSM
SYN-n5147841721-1,synthetic,Miguel Valcarcel Nº 185 Ate,,,,,MIGUEL VALCARCEL,185,,,,150103,-12.067740,-76.974484,osm_unverified,,dev,num=Nº;loc=espacio;sin_tildes
SYN-n5147841721-2,synthetic,Miguel Valcárcel N°185 Dpto. 201,Ate,,,,MIGUEL VALCARCEL,185,,,,150103,-12.067740,-76.974484,osm_unverified,,dev,num=N°;interior;loc=campo
OSM-n5207342801,osm_addr,Avenida Central 201,Ate,Lima,Lima,AVENIDA,CENTRAL,201,,,,150103,-12.025102,-76.920086,osm_unverified,,dev,addr:street y addr:housenumber de OSM
SYN-n5207342801-1,synthetic,Central 201,Ate,,,,CENTRAL,201,,,,150103,-12.025102,-76.920086,osm_unverified,,dev,tipo_omitido;loc=campo;sin_tildes
SYN-n5207342801-2,synthetic,"Avda. Central Nro 201, Ate",,,,AVENIDA,CENTRAL,201,,,,150103,-12.025102,-76.920086,osm_unverified,,dev,tipo=Avda.;num=Nro;loc=coma;sin_tildes
OSM-n5222547024,osm_addr,Tapiceros 116,Ate,Lima,Lima,,TAPICEROS,116,,,,150103,-12.064245,-76.967542,osm_unverified,,dev,addr:street y addr:housenumber de OSM
SYN-n5222547024-1,synthetic,"Tapiceros nro. 116, Ate, Lima",,,,,TAPICEROS,116,,,,150103,-12.064245,-76.967542,osm_unverified,,dev,num=nro.;loc=dist_prov
SYN-n5222547024-2,synthetic,TAPICEROS NRO 116 - ATE,,Lima,,,TAPICEROS,116,,,,150103,-12.064245,-76.967542,osm_unverified,,dev,num=Nro;loc=mixta;mayusculas
OSM-n5571339423,osm_addr,Avenida Luis Galvani 494,Ate,Lima,Lima,AVENIDA,LUIS GALVANI,494,,,,150103,-12.062460,-76.969745,osm_unverified,,test,addr:street y addr:housenumber de OSM
SYN-n5571339423-1,synthetic,"AV LUIS GALVANI Nº 494 INT 4B, ATE",,,,AVENIDA,LUIS GALVANI,494,,,,150103,-12.062460,-76.969745,osm_unverified,,test,tipo=Av;num=Nº;interior;loc=coma;mayusculas
SYN-n5571339423-2,synthetic,"Av Luis Galvani Nro. 494, Ate, Lima",,,,AVENIDA,LUIS GALVANI,494,,,,150103,-12.062460,-76.969745,osm_unverified,,test,tipo=Av;num=Nro.;loc=dist_prov;sin_tildes
OSM-n5667866321,osm_addr,Carretera Central 16040,Ate,Lima,Lima,CARRETERA,CENTRAL,16040,,,,150103,-12.007684,-76.856221,osm_unverified,,dev,addr:street y addr:housenumber de OSM
SYN-n5667866321-1,synthetic,CARRETERA CENTRAL #16040 - ATE,,,,CARRETERA,CENTRAL,16040,,,,150103,-12.007684,-76.856221,osm_unverified,,dev,tipo=Carretera;num=#;loc=guion;mayusculas
SYN-n5667866321-2,synthetic,Carr. Central N°16040 Ate,,,,CARRETERA,CENTRAL,16040,,,,150103,-12.007684,-76.856221,osm_unverified,,dev,tipo=Carr.;num=N°;loc=espacio;sin_tildes
OSM-n5825829253,osm_addr,Avenida Los Frutales 211,Ate,Lima,Lima,AVENIDA,LOS FRUTALES,211,,,,150103,-12.059246,-76.967195,osm_unverified,,dev,addr:street y addr:housenumber de OSM
SYN-n5825829253-1,synthetic,"AVDA. LOS FRUTALES NRO. 211, ATE",,,,AVENIDA,LOS FRUTALES,211,,,,150103,-12.059246,-76.967195,osm_unverified,,dev,tipo=Avda.;num=nro.;loc=coma;mayusculas;sin_tildes
SYN-n5825829253-2,synthetic,av. Los Frutales #211 - Ate,,,,AVENIDA,LOS FRUTALES,211,,,,150103,-12.059246,-76.967195,osm_unverified,,dev,tipo=av.;num=#;loc=guion
OSM-n6018386585,osm_addr,Santa Lucía 172,Ate,Lima,Lima,,SANTA LUCIA,172,,,,150103,-12.067654,-76.984678,osm_unverified,,dev,addr:street y addr:housenumber de OSM
SYN-n6018386585-1,synthetic,Santa Lucia #172 - Ate,,,,,SANTA LUCIA,172,,,,150103,-12.067654,-76.984678,osm_unverified,,dev,num=#;loc=guion;sin_tildes
SYN-n6018386585-2,synthetic,STA. LUCÍA # 172 ATE,,,,,SANTA LUCIA,172,,,,150103,-12.067654,-76.984678,osm_unverified,,dev,titulo_abreviado;num=#;loc=espacio;mayusculas
OSM-n6708057713,osm_addr,Avenida Euterpe 194,Ate,Lima,Lima,AVENIDA,EUTERPE,194,,,,150103,-12.073470,-76.979627,osm_unverified,,dev,addr:street y addr:housenumber de OSM
SYN-n6708057713-1,synthetic,"AV.Euterpe Nro. 194, Ate, Lima",,,,AVENIDA,EUTERPE,194,,,,150103,-12.073470,-76.979627,osm_unverified,,dev,tipo=AV.;num=Nro.;tipo_pegado;loc=dist_prov
SYN-n6708057713-2,synthetic,av euterpe # 194 ate,,,,AVENIDA,EUTERPE,194,,,,150103,-12.073470,-76.979627,osm_unverified,,dev,tipo=Av;num=#;loc=espacio;minusculas
OSM-w1251657838,osm_addr,Chicheros 168,Ate,Lima,Lima,,CHICHEROS,168,,,,150103,-12.058207,-76.957956,osm_unverified,,test,addr:street y addr:housenumber de OSM
SYN-w1251657838-1,synthetic,Chicheros nro. 168 - Ate,,Lima,,,CHICHEROS,168,,,,150103,-12.058207,-76.957956,osm_unverified,,test,num=nro.;loc=mixta
SYN-w1251657838-2,synthetic,chicheros n° 168 - ate,,,,,CHICHEROS,168,,,,150103,-12.058207,-76.957956,osm_unverified,,test,num=N°;loc=guion;minusculas
OSM-w320437024,osm_addr,Jirón Paruro 138,Ate,Lima,Lima,JIRON,PARURO,138,,,,150103,-12.056133,-76.957052,osm_unverified,,test,addr:street y addr:housenumber de OSM
SYN-w320437024-1,synthetic,"Jiron Paruro Nº 138, Ate",,,,JIRON,PARURO,138,,,,150103,-12.056133,-76.957052,osm_unverified,,test,tipo=Jiron;num=Nº;loc=coma
SYN-w320437024-2,synthetic,"Jirón Paruro #138, Ate",,,,JIRON,PARURO,138,,,,150103,-12.056133,-76.957052,osm_unverified,,test,tipo=Jirón;num=#;loc=coma
OSM-w436303337,osm_addr,Avenida Nicolás de Ayllón 4770,Ate,Lima,Lima,AVENIDA,NICOLAS DE AYLLON,4770,,,,150103,-12.041002,-76.932111,osm_unverified,,dev,addr:street y addr:housenumber de OSM
SYN-w436303337-1,synthetic,AV NICOLAS DE AYLLON Nº 4770 - ATE,,Lima,,AVENIDA,NICOLAS DE AYLLON,4770,,,,150103,-12.041002,-76.932111,osm_unverified,,dev,tipo=Av;num=Nº;loc=mixta;mayusculas;sin_tildes
SYN-w436303337-2,synthetic,"Av. Nicolas de Ayllon Nro 4770, Ate",,,,AVENIDA,NICOLAS DE AYLLON,4770,,,,150103,-12.041002,-76.932111,osm_unverified,,dev,tipo=Av.;num=Nro;loc=coma;sin_tildes
OSM-w454602357,osm_addr,Los Manzanos 153,Ate,Lima,Lima,,LOS MANZANOS,153,,,,150103,-12.026608,-76.909193,osm_unverified,,test,addr:street y addr:housenumber de OSM
SYN-w454602357-1,synthetic,Los Manzanos #153 Ate,,,,,LOS MANZANOS,153,,,,150103,-12.026608,-76.909193,osm_unverified,,test,num=#;loc=espacio
SYN-w454602357-2,synthetic,Los Manzanos N°153,Ate,,,,LOS MANZANOS,153,,,,150103,-12.026608,-76.909193,osm_unverified,,test,num=N°;loc=campo;sin_tildes
OSM-w483793690,osm_addr,La Estrella 160,Ate,Lima,Lima,,LA ESTRELLA,160,,,,150103,-12.016156,-76.884974,osm_unverified,,test,addr:street y addr:housenumber de OSM
SYN-w483793690-1,synthetic,"LA ESTRELLA Nº 160, ATE, LIMA, LIMA",,,,,LA ESTRELLA,160,,,,150103,-12.016156,-76.884974,osm_unverified,,test,num=Nº;loc=dist_prov_dep;mayusculas
SYN-w483793690-2,synthetic,LA ESTRELLA Nº 160 INT 4B,Ate,,,,LA ESTRELLA,160,,,,150103,-12.016156,-76.884974,osm_unverified,,test,num=Nº;interior;loc=campo;mayusculas
OSM-w485193875,osm_addr,Avenida Daniel Alcides Carrión 245,Ate,Lima,Lima,AVENIDA,DANIEL ALCIDES CARRION,245,,,,150103,-12.020581,-76.880073,osm_unverified,,dev,addr:street y addr:housenumber de OSM
SYN-w485193875-1,synthetic,Av. Daniel Alcides Carrión Nro. 245 Ate,,,,AVENIDA,DANIEL ALCIDES CARRION,245,,,,150103,-12.020581,-76.880073,osm_unverified,,dev,tipo=Av.;num=Nro.;loc=espacio
SYN-w485193875-2,synthetic,Avenida Daniel Alcides Carrion #245 Ate,,,,AVENIDA,DANIEL ALCIDES CARRION,245,,,,150103,-12.020581,-76.880073,osm_unverified,,dev,tipo=Avenida;num=#;loc=espacio;sin_tildes
OSM-w494319233,osm_addr,Avenida Asturias 341,Ate,Lima,Lima,AVENIDA,ASTURIAS,341,,,,150103,-12.053100,-76.942272,osm_unverified,,test,addr:street y addr:housenumber de OSM
SYN-w494319233-1,synthetic,"Avda. Asturias nro. 341, Ate, Lima",,,,AVENIDA,ASTURIAS,341,,,,150103,-12.053100,-76.942272,osm_unverified,,test,tipo=Avda.;num=nro.;loc=dist_prov;sin_tildes
SYN-w494319233-2,synthetic,Av. Asturias N° 341 - Ate,,,,AVENIDA,ASTURIAS,341,,,,150103,-12.053100,-76.942272,osm_unverified,,test,tipo=Av.;num=N°;loc=guion;sin_tildes
OSM-n10219128844,osm_addr,Avenida Francisco Bolognesi 808,Barranco,Lima,Lima,AVENIDA,FRANCISCO BOLOGNESI,808,,,,150104,-12.143232,-77.018164,osm_unverified,,test,addr:street y addr:housenumber de OSM
SYN-n10219128844-1,synthetic,"avda. francisco bolognesi n° 808, barranco",,,,AVENIDA,FRANCISCO BOLOGNESI,808,,,,150104,-12.143232,-77.018164,osm_unverified,,test,tipo=Avda.;num=N°;loc=coma;minusculas
SYN-n10219128844-2,synthetic,AVENIDA FRANCISCO BOLOGNESI N° 808,Barranco,,,AVENIDA,FRANCISCO BOLOGNESI,808,,,,150104,-12.143232,-77.018164,osm_unverified,,test,tipo=Avenida;num=N°;loc=campo;mayusculas
OSM-n11975651569,osm_addr,Jirón Libertad 210,Barranco,Lima,Lima,JIRON,LIBERTAD,210,,,,150104,-12.154641,-77.020941,osm_unverified,,test,addr:street y addr:housenumber de OSM
SYN-n11975651569-1,synthetic,JR. Libertad 210 Barranco,,,,JIRON,LIBERTAD,210,,,,150104,-12.154641,-77.020941,osm_unverified,,test,tipo=JR.;loc=espacio
SYN-n11975651569-2,synthetic,Jr Libertad # 210 Barranco,,,,JIRON,LIBERTAD,210,,,,150104,-12.154641,-77.020941,osm_unverified,,test,tipo=Jr;num=#;loc=espacio;sin_tildes
OSM-n13136347601,osm_addr,Avenida Almirante Miguel Grau 1101,Barranco,Lima,Lima,AVENIDA,ALMIRANTE MIGUEL GRAU,1101,,,,150104,-12.140270,-77.022421,osm_unverified,,dev,addr:street y addr:housenumber de OSM
SYN-n13136347601-1,synthetic,"Avenida Almirante Miguel Grau nro. 1101, Barranco, Lima",,,,AVENIDA,ALMIRANTE MIGUEL GRAU,1101,,,,150104,-12.140270,-77.022421,osm_unverified,,dev,tipo=Avenida;num=nro.;loc=dist_prov
SYN-n13136347601-2,synthetic,Avenida Almirante Miguel Grau Nº 1101 - Barranco,,Lima,,AVENIDA,ALMIRANTE MIGUEL GRAU,1101,,,,150104,-12.140270,-77.022421,osm_unverified,,dev,tipo=Avenida;num=Nº;loc=mixta
OSM-n4323782173,osm_addr,Jirón Alfonso Ugarte 242,Barranco,Lima,Lima,JIRON,ALFONSO UGARTE,242,,,,150104,-12.146950,-77.022714,osm_unverified,,dev,addr:street y addr:housenumber de OSM
SYN-n4323782173-1,synthetic,"JR. Alfonso Ugarte nro. 242, Barranco, Lima",,,,JIRON,ALFONSO UGARTE,242,,,,150104,-12.146950,-77.022714,osm_unverified,,dev,tipo=JR.;num=nro.;loc=dist_prov;sin_tildes
SYN-n4323782173-2,synthetic,Jr. Alfonso Ugarte 242 - Barranco,,Lima,,JIRON,ALFONSO UGARTE,242,,,,150104,-12.146950,-77.022714,osm_unverified,,dev,tipo=Jr.;loc=mixta;sin_tildes
OSM-n4346422369,osm_addr,Avenida Balta 180,Barranco,Lima,Lima,AVENIDA,BALTA,180,,,,150104,-12.142623,-77.016933,osm_unverified,,dev,addr:street y addr:housenumber de OSM
SYN-n4346422369-1,synthetic,Avenida Balta 180,Barranco,,,AVENIDA,BALTA,180,,,,150104,-12.142623,-77.016933,osm_unverified,,dev,tipo=Avenida;loc=campo;sin_tildes
SYN-n4346422369-2,synthetic,Balta Nro. 180,Barranco,,,,BALTA,180,,,,150104,-12.142623,-77.016933,osm_unverified,,dev,tipo_omitido;num=Nro.;loc=campo;sin_tildes
OSM-n4990723093,osm_addr,Avenida Sáenz Peña 129,Barranco,Lima,Lima,AVENIDA,SAENZ PEÑA,129,,,,150104,-12.143537,-77.022883,osm_unverified,,test,addr:street y addr:housenumber de OSM
SYN-n4990723093-1,synthetic,"Avda. Saenz Peña Nro. 129, Barranco, Lima",,,,AVENIDA,SAENZ PEÑA,129,,,,150104,-12.143537,-77.022883,osm_unverified,,test,tipo=Avda.;num=Nro.;loc=dist_prov;sin_tildes
SYN-n4990723093-2,synthetic,"av. Saenz Peña Nro. 129, Barranco",,,,AVENIDA,SAENZ PEÑA,129,,,,150104,-12.143537,-77.022883,osm_unverified,,test,tipo=av.;num=Nro.;loc=coma;sin_tildes
OSM-n5009822308,osm_addr,Jirón Lima 658,Barranco,Lima,Lima,JIRON,LIMA,658,,,,150104,-12.145509,-77.016972,osm_unverified,,dev,addr:street y addr:housenumber de OSM
SYN-n5009822308-1,synthetic,"JR.Lima 658, Barranco",,,,JIRON,LIMA,658,,,,150104,-12.145509,-77.016972,osm_unverified,,dev,tipo=JR.;tipo_pegado;loc=coma
SYN-n5009822308-2,synthetic,"lima n° 658, barranco, lima",,,,,LIMA,658,,,,150104,-12.145509,-77.016972,osm_unverified,,dev,tipo_omitido;num=N°;loc=dist_prov;minusculas
OSM-n5009822309,osm_addr,Jirón Lima 623,Barranco,Lima,Lima,JIRON,LIMA,623,,,,150104,-12.145682,-77.017277,osm_unverified,,dev,addr:street y addr:housenumber de OSM
SYN-n5009822309-1,synthetic,Jr.Lima # 623,Barranco,,,JIRON,LIMA,623,,,,150104,-12.145682,-77.017277,osm_unverified,,dev,tipo=Jr.;num=#;tipo_pegado;loc=campo
SYN-n5009822309-2,synthetic,"Jr. Lima N° 623 Int. 3, Barranco, Lima",,,,JIRON,LIMA,623,,,,150104,-12.145682,-77.017277,osm_unverified,,dev,tipo=Jr.;num=N°;interior;loc=dist_prov;sin_tildes
OSM-n5480781656,osm_addr,Jirón Carlos Arrieta 276,Barranco,Lima,Lima,JIRON,CARLOS ARRIETA,276,,,,150104,-12.137355,-77.021220,osm_unverified,,test,addr:street y addr:housenumber de OSM
SYN-n5480781656-1,synthetic,Jr Carlos Arrieta nro. 276 - Barranco,,Lima,,JIRON,CARLOS ARRIETA,276,,,,150104,-12.137355,-77.021220,osm_unverified,,test,tipo=Jr;num=nro.;loc=mixta;sin_tildes
SYN-n5480781656-2,synthetic,Jr Carlos Arrieta 276 - Barranco,,Lima,,JIRON,CARLOS ARRIETA,276,,,,150104,-12.137355,-77.021220,osm_unverified,,test,tipo=Jr;loc=mixta;sin_tildes
OSM-n5494937544,osm_addr,Jirón Batalla de Junin 267,Barranco,Lima,Lima,JIRON,BATALLA DE JUNIN,267,,,,150104,-12.145553,-77.023917,osm_unverified,,dev,addr:street y addr:housenumber de OSM
SYN-n5494937544-1,synthetic,JIRON BATALLA DE JUNIN 267,Barranco,,,JIRON,BATALLA DE JUNIN,267,,,,150104,-12.145553,-77.023917,osm_unverified,,dev,tipo=Jiron;loc=campo;mayusculas
SYN-n5494937544-2,synthetic,"Jr Batalla de Junin 267, Barranco, Lima, Lima",,,,JIRON,BATALLA DE JUNIN,267,,,,150104,-12.145553,-77.023917,osm_unverified,,dev,tipo=Jr;loc=dist_prov_dep
OSM-n5595068291,osm_addr,Jirón Las Mimosas 124,Barranco,Lima,Lima,JIRON,LAS MIMOSAS,124,,,,150104,-12.139593,-77.025397,osm_unverified,,dev,addr:street y addr:housenumber de OSM
SYN-n5595068291-1,synthetic,"Jr Las Mimosas nro. 124, Barranco, Lima",,,,JIRON,LAS MIMOSAS,124,,,,150104,-12.139593,-77.025397,osm_unverified,,dev,tipo=Jr;num=nro.;loc=dist_prov
SYN-n5595068291-2,synthetic,Jr Las Mimosas nro. 124 Barranco,,,,JIRON,LAS MIMOSAS,124,,,,150104,-12.139593,-77.025397,osm_unverified,,dev,tipo=Jr;num=nro.;loc=espacio;sin_tildes
OSM-n6035244397,osm_addr,Jirón Domeyer 366,Barranco,Lima,Lima,JIRON,DOMEYER,366,,,,150104,-12.148257,-77.023761,osm_unverified,,dev,addr:street y addr:housenumber de OSM
SYN-n6035244397-1,synthetic,"Jr Domeyer nro. 366, Barranco",,,,JIRON,DOMEYER,366,,,,150104,-12.148257,-77.023761,osm_unverified,,dev,tipo=Jr;num=nro.;loc=coma
SYN-n6035244397-2,synthetic,"domeyer nro. 366, barranco, lima",,,,,DOMEYER,366,,,,150104,-12.148257,-77.023761,osm_unverified,,dev,tipo_omitido;num=Nro.;loc=dist_prov;minusculas
OSM-n6470564185,osm_addr,Avenida El Sol 147,Barranco,Lima,Lima,AVENIDA,EL SOL,147,,,,150104,-12.139555,-77.022864,osm_unverified,,dev,addr:street y addr:housenumber de OSM
SYN-n6470564185-1,synthetic,Av El Sol 147 - Barranco,,Lima,,AVENIDA,EL SOL,147,,,,150104,-12.139555,-77.022864,osm_unverified,,dev,tipo=Av;loc=mixta;sin_tildes
SYN-n6470564185-2,synthetic,"El Sol 147, Barranco, Lima",,,,,EL SOL,147,,,,150104,-12.139555,-77.022864,osm_unverified,,dev,tipo_omitido;loc=dist_prov;sin_tildes
OSM-w436591478,osm_addr,Avenida Miraflores 411,Barranco,Lima,Lima,AVENIDA,MIRAFLORES,411,,,,150104,-12.143160,-77.019007,osm_unverified,,dev,addr:street y addr:housenumber de OSM
SYN-w436591478-1,synthetic,Av. Miraflores N°411 Int. 3 - Barranco,,,,AVENIDA,MIRAFLORES,411,,,,150104,-12.143160,-77.019007,osm_unverified,,dev,tipo=Av.;num=N°;interior;loc=guion
SYN-w436591478-2,synthetic,AVDA. MIRAFLORES Nº 411 DPTO 1203 BARRANCO,,,,AVENIDA,MIRAFLORES,411,,,,150104,-12.143160,-77.019007,osm_unverified,,dev,tipo=Avda.;num=Nº;interior;loc=espacio;mayusculas;sin_tildes
OSM-w436592492,osm_addr,Miraflores 339,Barranco,Lima,Lima,,MIRAFLORES,339,,,,150104,-12.142966,-77.019572,osm_unverified,,dev,addr:street y addr:housenumber de OSM
SYN-w436592492-1,synthetic,Miraflores 339,Barranco,,,,MIRAFLORES,339,,,,150104,-12.142966,-77.019572,osm_unverified,,dev,loc=campo;sin_tildes
SYN-w436592492-2,synthetic,Miraflores Nro 339 - Barranco,,,,,MIRAFLORES,339,,,,150104,-12.142966,-77.019572,osm_unverified,,dev,num=Nro;loc=guion
OSM-w436603128,osm_addr,Avenida Prolongación General José de San Martín 144,Barranco,Lima,Lima,AVENIDA,PROLONGACION GENERAL JOSE DE SAN MARTIN,144,,,,150104,-12.145581,-77.022857,osm_unverified,,dev,addr:street y addr:housenumber de OSM
SYN-w436603128-1,synthetic,"AVENIDA PROLONGACIÓN GRAL. JOSÉ DE SN MARTÍN 144, BARRANCO",,,,AVENIDA,PROLONGACION GENERAL JOSE DE SAN MARTIN,144,,,,150104,-12.145581,-77.022857,osm_unverified,,dev,titulo_abreviado;tipo=Avenida;loc=coma;mayusculas
SYN-w436603128-2,synthetic,Avda. Prolongacion General Jose de Sn Martin #144 - Barranco,,,,AVENIDA,PROLONGACION GENERAL JOSE DE SAN MARTIN,144,,,,150104,-12.145581,-77.022857,osm_unverified,,dev,titulo_abreviado;tipo=Avda.;num=#;loc=guion;sin_tildes
OSM-w436610334,osm_addr,Avenida República de Panamá 201,Barranco,Lima,Lima,AVENIDA,REPUBLICA DE PANAMA,201,,,,150104,-12.140212,-77.018058,osm_unverified,,dev,addr:street y addr:housenumber de OSM
SYN-w436610334-1,synthetic,av. Republica de Panama Nro 201,Barranco,,,AVENIDA,REPUBLICA DE PANAMA,201,,,,150104,-12.140212,-77.018058,osm_unverified,,dev,tipo=av.;num=Nro;loc=campo;sin_tildes
SYN-w436610334-2,synthetic,Av República de Panamá Nro. 201 - Barranco,,,,AVENIDA,REPUBLICA DE PANAMA,201,,,,150104,-12.140212,-77.018058,osm_unverified,,dev,tipo=Av;num=Nro.;loc=guion
OSM-w436622699,osm_addr,Avenida Francisco Bolognesi 591,Barranco,Lima,Lima,AVENIDA,FRANCISCO BOLOGNESI,591,,,,150104,-12.145455,-77.019375,osm_unverified,,test,addr:street y addr:housenumber de OSM
SYN-w436622699-1,synthetic,AV. FRANCISCO BOLOGNESI N° 591 BARRANCO,,,,AVENIDA,FRANCISCO BOLOGNESI,591,,,,150104,-12.145455,-77.019375,osm_unverified,,test,tipo=av.;num=N°;loc=espacio;mayusculas
SYN-w436622699-2,synthetic,"Av Francisco Bolognesi # 591, Barranco, Lima, Lima",,,,AVENIDA,FRANCISCO BOLOGNESI,591,,,,150104,-12.145455,-77.019375,osm_unverified,,test,tipo=Av;num=#;loc=dist_prov_dep
OSM-w436774113,osm_addr,Calle Teodocio Parreño 429,Barranco,Lima,Lima,CALLE,TEODOCIO PARREÑO,429,,,,150104,-12.132478,-77.020008,osm_unverified,,dev,addr:street y addr:housenumber de OSM
SYN-w436774113-1,synthetic,"calle Teodocio Parreño #429, Barranco, Lima, Lima",,,,CALLE,TEODOCIO PARREÑO,429,,,,150104,-12.132478,-77.020008,osm_unverified,,dev,tipo=calle;num=#;loc=dist_prov_dep
SYN-w436774113-2,synthetic,Ca. Teodocio Parreño N° 429 - Barranco,,Lima,,CALLE,TEODOCIO PARREÑO,429,,,,150104,-12.132478,-77.020008,osm_unverified,,dev,tipo=Ca.;num=N°;loc=mixta;sin_tildes
OSM-w437212067,osm_addr,Jirón Medrano Silva 165,Barranco,Lima,Lima,JIRON,MEDRANO SILVA,165,,,,150104,-12.135131,-77.022139,osm_unverified,,dev,addr:street y addr:housenumber de OSM
SYN-w437212067-1,synthetic,"Jr Medrano Silva N°165 Dpto 1203, Barranco, Lima, Lima",,,,JIRON,MEDRANO SILVA,165,,,,150104,-12.135131,-77.022139,osm_unverified,,dev,tipo=Jr;num=N°;interior;loc=dist_prov_dep
SYN-w437212067-2,synthetic,Jiron Medrano Silva # 165 - Barranco,,Lima,,JIRON,MEDRANO SILVA,165,,,,150104,-12.135131,-77.022139,osm_unverified,,dev,tipo=Jiron;num=#;loc=mixta
OSM-n11203788236,osm_addr,Jirón Carhuaz 834,Breña,Lima,Lima,JIRON,CARHUAZ,834,,,,150105,-12.054090,-77.051516,osm_unverified,,dev,addr:street y addr:housenumber de OSM
SYN-n11203788236-1,synthetic,"Jr. Carhuaz Nro. 834 Of. 502, Breña, Lima",,,,JIRON,CARHUAZ,834,,,,150105,-12.054090,-77.051516,osm_unverified,,dev,tipo=Jr.;num=Nro.;interior;loc=dist_prov;sin_tildes
SYN-n11203788236-2,synthetic,carhuaz nro. 834,Breña,,,,CARHUAZ,834,,,,150105,-12.054090,-77.051516,osm_unverified,,dev,tipo_omitido;num=nro.;loc=campo;minusculas;sin_tildes
OSM-n11203806773,osm_addr,Jirón Carhuaz 294,Breña,Lima,Lima,JIRON,CARHUAZ,294,,,,150105,-12.053560,-77.044970,osm_unverified,,dev,addr:street y addr:housenumber de OSM
SYN-n11203806773-1,synthetic,Jr. Carhuaz 294,Breña,,,JIRON,CARHUAZ,294,,,,150105,-12.053560,-77.044970,osm_unverified,,dev,tipo=Jr.;loc=campo
SYN-n11203806773-2,synthetic,"jr. Carhuaz Nº 294, Breña, Lima",,,,JIRON,CARHUAZ,294,,,,150105,-12.053560,-77.044970,osm_unverified,,dev,tipo=jr.;num=Nº;loc=dist_prov
OSM-n4415198857,osm_addr,Jirón Huaraz 1194,Breña,Lima,Lima,JIRON,HUARAZ,1194,,,,150105,-12.061660,-77.046600,osm_unverified,,test,addr:street y addr:housenumber de OSM
SYN-n4415198857-1,synthetic,Huaraz #1194 Breña,,,,,HUARAZ,1194,,,,150105,-12.061660,-77.046600,osm_unverified,,test,tipo_omitido;num=#;loc=espacio;sin_tildes
SYN-n4415198857-2,synthetic,"jr huaraz n°1194, breña, lima, lima",,,,JIRON,HUARAZ,1194,,,,150105,-12.061660,-77.046600,osm_unverified,,test,tipo=Jr;num=N°;loc=dist_prov_dep;minusculas;sin_tildes
OSM-n4471963694,osm_addr,Jirón General Vidal 577,Breña,Lima,Lima,JIRON,GENERAL VIDAL,577,,,,150105,-12.061436,-77.050641,osm_unverified,,dev,addr:street y addr:housenumber de OSM
SYN-n4471963694-1,synthetic,Jiron General Vidal # 577 Breña,,,,JIRON,GENERAL VIDAL,577,,,,150105,-12.061436,-77.050641,osm_unverified,,dev,tipo=Jiron;num=#;loc=espacio
SYN-n4471963694-2,synthetic,Jr. General Vidal N°577 - Breña,,Lima,,JIRON,GENERAL VIDAL,577,,,,150105,-12.061436,-77.050641,osm_unverified,,dev,tipo=Jr.;num=N°;loc=mixta
OSM-n4589572539,osm_addr,Avenida República de Venezuela 747,Breña,Lima,Lima,AVENIDA,REPUBLICA DE VENEZUELA,747,,,,150105,-12.054777,-77.044331,osm_unverified,,test,addr:street y addr:housenumber de OSM
SYN-n4589572539-1,synthetic,Avda. Republica de Venezuela 747 Breña,,,,AVENIDA,REPUBLICA DE VENEZUELA,747,,,,150105,-12.054777,-77.044331,osm_unverified,,test,tipo=Avda.;loc=espacio;sin_tildes
SYN-n4589572539-2,synthetic,AV REPÚBLICA DE VENEZUELA NRO 747,Breña,,,AVENIDA,REPUBLICA DE VENEZUELA,747,,,,150105,-12.054777,-77.044331,osm_unverified,,test,tipo=Av;num=Nro;loc=campo;mayusculas
OSM-n5133562411,osm_addr,Iquique 439,Breña,Lima,Lima,,IQUIQUE,439,,,,150105,-12.055069,-77.043843,osm_unverified,,test,addr:street y addr:housenumber de OSM
SYN-n5133562411-1,synthetic,"Iquique nro. 439, Breña, Lima",,,,,IQUIQUE,439,,,,150105,-12.055069,-77.043843,osm_unverified,,test,num=nro.;loc=dist_prov
SYN-n5133562411-2,synthetic,"Iquique N° 439, Breña",,,,,IQUIQUE,439,,,,150105,-12.055069,-77.043843,osm_unverified,,test,num=N°;loc=coma
OSM-n5491653552,osm_addr,Avenida Bolívar 537,Breña,Lima,Lima,AVENIDA,BOLIVAR,537,,,,150105,-12.056515,-77.042850,osm_unverified,,dev,addr:street y addr:housenumber de OSM
SYN-n5491653552-1,synthetic,"Av Bolívar Nº 537, Breña, Lima",,,,AVENIDA,BOLIVAR,537,,,,150105,-12.056515,-77.042850,osm_unverified,,dev,tipo=Av;num=Nº;loc=dist_prov
SYN-n5491653552-2,synthetic,av. bolívar nro. 537 int. 3 - breña,,Lima,,AVENIDA,BOLIVAR,537,,,,150105,-12.056515,-77.042850,osm_unverified,,dev,tipo=Av.;num=nro.;interior;loc=mixta;minusculas
OSM-n6431313213,osm_addr,Avenida Brasil 680,Breña,Lima,Lima,AVENIDA,BRASIL,680,,,,150105,-12.065978,-77.046598,osm_unverified,,dev,addr:street y addr:housenumber de OSM
SYN-n6431313213-1,synthetic,Avenida Brasil # 680,Breña,,,AVENIDA,BRASIL,680,,,,150105,-12.065978,-77.046598,osm_unverified,,dev,tipo=Avenida;num=#;loc=campo;sin_tildes
SYN-n6431313213-2,synthetic,av. brasil n°680 breña,,,,AVENIDA,BRASIL,680,,,,150105,-12.065978,-77.046598,osm_unverified,,dev,tipo=AV.;num=N°;loc=espacio;minusculas;sin_tildes
OSM-n7909242610,osm_addr,Jirón General Varela 1855,Breña,Lima,Lima,JIRON,GENERAL VARELA,1855,,,,150105,-12.066158,-77.051719,osm_unverified,,dev,addr:street y addr:housenumber de OSM
SYN-n7909242610-1,synthetic,"Jiron Gral. Varela 1855 Dpto 1203, Breña",,,,JIRON,GENERAL VARELA,1855,,,,150105,-12.066158,-77.051719,osm_unverified,,dev,titulo_abreviado;tipo=Jiron;interior;loc=coma;sin_tildes
SYN-n7909242610-2,synthetic,"JR. General Varela N° 1855, Breña",,,,JIRON,GENERAL VARELA,1855,,,,150105,-12.066158,-77.051719,osm_unverified,,dev,tipo=JR.;num=N°;loc=coma;sin_tildes
OSM-w1184563406,osm_addr,Jirón Restauracion 750,Breña,Lima,Lima,JIRON,RESTAURACION,750,,,,150105,-12.061451,-77.052451,osm_unverified,,dev,addr:street y addr:housenumber de OSM
SYN-w1184563406-1,synthetic,"Jr Restauracion Nº 750, Breña",,,,JIRON,RESTAURACION,750,,,,150105,-12.061451,-77.052451,osm_unverified,,dev,tipo=Jr;num=Nº;loc=coma
SYN-w1184563406-2,synthetic,"jr. Restauracion nro. 750, Breña",,,,JIRON,RESTAURACION,750,,,,150105,-12.061451,-77.052451,osm_unverified,,dev,tipo=jr.;num=nro.;loc=coma
OSM-w1226752785,osm_addr,Jirón Alto de la Luna 971,Breña,Lima,Lima,JIRON,ALTO DE LA LUNA,971,,,,150105,-12.064159,-77.056763,osm_unverified,,test,addr:street y addr:housenumber de OSM
SYN-w1226752785-1,synthetic,Alto de la Luna Nro 971 - Breña,,,,,ALTO DE LA LUNA,971,,,,150105,-12.064159,-77.056763,osm_unverified,,test,tipo_omitido;num=Nro;loc=guion;sin_tildes
SYN-w1226752785-2,synthetic,"Jr. Alto de la Luna 971, Breña, Lima, Lima",,,,JIRON,ALTO DE LA LUNA,971,,,,150105,-12.064159,-77.056763,osm_unverified,,test,tipo=Jr.;loc=dist_prov_dep;sin_tildes
OSM-w295180830,osm_addr,Jirón General Orbegoso 140,Breña,Lima,Lima,JIRON,GENERAL ORBEGOSO,140,,,,150105,-12.067628,-77.048293,osm_unverified,,dev,addr:street y addr:housenumber de OSM
SYN-w295180830-1,synthetic,"jr. General Orbegoso Nº 140 Dpto. 201, Breña",,,,JIRON,GENERAL ORBEGOSO,140,,,,150105,-12.067628,-77.048293,osm_unverified,,dev,tipo=jr.;num=Nº;interior;loc=coma
SYN-w295180830-2,synthetic,Jiron Gral. Orbegoso nro. 140,Breña,,,JIRON,GENERAL ORBEGOSO,140,,,,150105,-12.067628,-77.048293,osm_unverified,,dev,titulo_abreviado;tipo=Jirón;num=nro.;loc=campo;sin_tildes
OSM-w441073342,osm_addr,Jirón Pomabamba 650,Breña,Lima,Lima,JIRON,POMABAMBA,650,,,,150105,-12.050577,-77.048870,osm_unverified,,test,addr:street y addr:housenumber de OSM
SYN-w441073342-1,synthetic,"jr.pomabamba 650, breña",,,,JIRON,POMABAMBA,650,,,,150105,-12.050577,-77.048870,osm_unverified,,test,tipo=JR.;tipo_pegado;loc=coma;minusculas;sin_tildes
SYN-w441073342-2,synthetic,pomabamba # 650 - breña,,Lima,,,POMABAMBA,650,,,,150105,-12.050577,-77.048870,osm_unverified,,test,tipo_omitido;num=#;loc=mixta;minusculas
OSM-w493475790,osm_addr,Jirón Napo 111,Breña,Lima,Lima,JIRON,NAPO,111,,,,150105,-12.061006,-77.054994,osm_unverified,,dev,addr:street y addr:housenumber de OSM
SYN-w493475790-1,synthetic,JIRON NAPO NRO 111 BREÑA,,,,JIRON,NAPO,111,,,,150105,-12.061006,-77.054994,osm_unverified,,dev,tipo=Jirón;num=Nro;loc=espacio;mayusculas;sin_tildes
SYN-w493475790-2,synthetic,JIRÓN NAPO #111 - BREÑA,,Lima,,JIRON,NAPO,111,,,,150105,-12.061006,-77.054994,osm_unverified,,dev,tipo=Jirón;num=#;loc=mixta;mayusculas
OSM-w493475791,osm_addr,Jirón Napo 1129,Breña,Lima,Lima,JIRON,NAPO,1129,,,,150105,-12.061281,-77.055191,osm_unverified,,dev,addr:street y addr:housenumber de OSM
SYN-w493475791-1,synthetic,JR.NAPO NRO. 1129 - BREÑA,,Lima,,JIRON,NAPO,1129,,,,150105,-12.061281,-77.055191,osm_unverified,,dev,tipo=Jr.;num=Nro.;tipo_pegado;loc=mixta;mayusculas
SYN-w493475791-2,synthetic,Jr Napo N° 1129 Dpto. 201 - Breña,,Lima,,JIRON,NAPO,1129,,,,150105,-12.061281,-77.055191,osm_unverified,,dev,tipo=Jr;num=N°;interior;loc=mixta
OSM-w720376905,osm_addr,Jirón Pomabamba 780,Breña,Lima,Lima,JIRON,POMABAMBA,780,,,,150105,-12.050169,-77.050800,osm_unverified,,test,addr:street y addr:housenumber de OSM
SYN-w720376905-1,synthetic,JR. Pomabamba 780,Breña,,,JIRON,POMABAMBA,780,,,,150105,-12.050169,-77.050800,osm_unverified,,test,tipo=JR.;loc=campo;sin_tildes
SYN-w720376905-2,synthetic,Jr.Pomabamba Nº 780 Breña,,,,JIRON,POMABAMBA,780,,,,150105,-12.050169,-77.050800,osm_unverified,,test,tipo=Jr.;num=Nº;tipo_pegado;loc=espacio
OSM-w720655439,osm_addr,Jirón Iquique 585,Breña,Lima,Lima,JIRON,IQUIQUE,585,,,,150105,-12.056056,-77.043965,osm_unverified,,test,addr:street y addr:housenumber de OSM
SYN-w720655439-1,synthetic,Jiron Iquique N° 585 - Breña,,,,JIRON,IQUIQUE,585,,,,150105,-12.056056,-77.043965,osm_unverified,,test,tipo=Jiron;num=N°;loc=guion
SYN-w720655439-2,synthetic,Jr. Iquique Nro. 585 - Breña,,,,JIRON,IQUIQUE,585,,,,150105,-12.056056,-77.043965,osm_unverified,,test,tipo=Jr.;num=Nro.;loc=guion;sin_tildes
OSM-w720717066,osm_addr,Jirón Manoa 244,Breña,Lima,Lima,JIRON,MANOA,244,,,,150105,-12.050392,-77.053541,osm_unverified,,dev,addr:street y addr:housenumber de OSM
SYN-w720717066-1,synthetic,jr. Manoa N° 244,Breña,,,JIRON,MANOA,244,,,,150105,-12.050392,-77.053541,osm_unverified,,dev,tipo=jr.;num=N°;loc=campo;sin_tildes
SYN-w720717066-2,synthetic,"jr. Manoa nro. 244, Breña",,,,JIRON,MANOA,244,,,,150105,-12.050392,-77.053541,osm_unverified,,dev,tipo=jr.;num=nro.;loc=coma;sin_tildes
OSM-w720717067,osm_addr,Jirón Manoa 248,Breña,Lima,Lima,JIRON,MANOA,248,,,,150105,-12.050592,-77.053648,osm_unverified,,dev,addr:street y addr:housenumber de OSM
SYN-w720717067-1,synthetic,Jiron Manoa N°248,Breña,,,JIRON,MANOA,248,,,,150105,-12.050592,-77.053648,osm_unverified,,dev,tipo=Jirón;num=N°;loc=campo;sin_tildes
SYN-w720717067-2,synthetic,"JIRON MANOA # 248 PISO 2, BREÑA, LIMA, LIMA",,,,JIRON,MANOA,248,,,,150105,-12.050592,-77.053648,osm_unverified,,dev,tipo=Jiron;num=#;interior;loc=dist_prov_dep;mayusculas;sin_tildes
OSM-w721516547,osm_addr,Avenida Bolivia 595,Breña,Lima,Lima,AVENIDA,BOLIVIA,595,,,,150105,-12.056602,-77.042812,osm_unverified,,dev,addr:street y addr:housenumber de OSM
SYN-w721516547-1,synthetic,"Av. Bolivia N°595, Breña, Lima",,,,AVENIDA,BOLIVIA,595,,,,150105,-12.056602,-77.042812,osm_unverified,,dev,tipo=Av.;num=N°;loc=dist_prov;sin_tildes
SYN-w721516547-2,synthetic,"BOLIVIA 595, BREÑA, LIMA",,,,,BOLIVIA,595,,,,150105,-12.056602,-77.042812,osm_unverified,,dev,tipo_omitido;loc=dist_prov;mayusculas
OSM-n10805826906,osm_addr,Avenida Universitaria 217,Carabayllo,Lima,Lima,AVENIDA,UNIVERSITARIA,217,,,,150106,-11.897904,-77.038578,osm_unverified,,test,addr:street y addr:housenumber de OSM
SYN-n10805826906-1,synthetic,"AV. UNIVERSITARIA NRO. 217 INT 4B, CARABAYLLO, LIMA",,,,AVENIDA,UNIVERSITARIA,217,,,,150106,-11.897904,-77.038578,osm_unverified,,test,tipo=AV.;num=nro.;interior;loc=dist_prov;mayusculas
SYN-n10805826906-2,synthetic,"AVDA. UNIVERSITARIA 217, CARABAYLLO, LIMA",,,,AVENIDA,UNIVERSITARIA,217,,,,150106,-11.897904,-77.038578,osm_unverified,,test,tipo=Avda.;loc=dist_prov;mayusculas;sin_tildes
OSM-n6060615285,osm_addr,Avenida Siempre Viva 409,Carabayllo,Lima,Lima,AVENIDA,SIEMPRE VIVA,409,,,,150106,-11.898368,-77.035414,osm_unverified,,dev,addr:street y addr:housenumber de OSM
SYN-n6060615285-1,synthetic,Av Siempre Viva # 409 - Carabayllo,,,,AVENIDA,SIEMPRE VIVA,409,,,,150106,-11.898368,-77.035414,osm_unverified,,dev,tipo=Av;num=#;loc=guion
SYN-n6060615285-2,synthetic,"Av Siempre Viva #409 Int 4B, Carabayllo, Lima, Lima",,,,AVENIDA,SIEMPRE VIVA,409,,,,150106,-11.898368,-77.035414,osm_unverified,,dev,tipo=Av;num=#;interior;loc=dist_prov_dep
OSM-w435683949,osm_addr,Avenida Túpac Amaru 303,Carabayllo,Lima,Lima,AVENIDA,TUPAC AMARU,303,,,,150106,-11.877588,-77.017307,osm_unverified,,dev,addr:street y addr:housenumber de OSM
SYN-w435683949-1,synthetic,"av. Túpac Amaru Nro 303, Carabayllo",,,,AVENIDA,TUPAC AMARU,303,,,,150106,-11.877588,-77.017307,osm_unverified,,dev,tipo=av.;num=Nro;loc=coma
SYN-w435683949-2,synthetic,"Av. Túpac Amaru #303 Piso 2, Carabayllo, Lima",,,,AVENIDA,TUPAC AMARU,303,,,,150106,-11.877588,-77.017307,osm_unverified,,dev,tipo=Av.;num=#;interior;loc=dist_prov
OSM-w435683954,osm_addr,Avenida Túpac Amaru 300,Carabayllo,Lima,Lima,AVENIDA,TUPAC AMARU,300,,,,150106,-11.877220,-77.017134,osm_unverified,,dev,addr:street y addr:housenumber de OSM
SYN-w435683954-1,synthetic,"Avenida Túpac Amaru N°300, Carabayllo",,,,AVENIDA,TUPAC AMARU,300,,,,150106,-11.877220,-77.017134,osm_unverified,,dev,tipo=Avenida;num=N°;loc=coma
SYN-w435683954-2,synthetic,"Av Túpac Amaru nro. 300, Carabayllo, Lima, Lima",,,,AVENIDA,TUPAC AMARU,300,,,,150106,-11.877220,-77.017134,osm_unverified,,dev,tipo=Av;num=nro.;loc=dist_prov_dep
OSM-w653821290,osm_addr,Jirón Piura 190,Carabayllo,Lima,Lima,JIRON,PIURA,190,,,,150106,-11.884068,-77.018881,osm_unverified,,test,addr:street y addr:housenumber de OSM
SYN-w653821290-1,synthetic,Jr Piura #190 - Carabayllo,,,,JIRON,PIURA,190,,,,150106,-11.884068,-77.018881,osm_unverified,,test,tipo=Jr;num=#;loc=guion;sin_tildes
SYN-w653821290-2,synthetic,"JR.PIURA #190, CARABAYLLO, LIMA, LIMA",,,,JIRON,PIURA,190,,,,150106,-11.884068,-77.018881,osm_unverified,,test,tipo=jr.;num=#;tipo_pegado;loc=dist_prov_dep;mayusculas
OSM-w653822924,osm_addr,Jirón Alhelíes 132,Carabayllo,Lima,Lima,JIRON,ALHELIES,132,,,,150106,-11.884053,-77.020082,osm_unverified,,dev,addr:street y addr:housenumber de OSM
SYN-w653822924-1,synthetic,"JIRÓN ALHELÍES #132 INT 4B, CARABAYLLO, LIMA, LIMA",,,,JIRON,ALHELIES,132,,,,150106,-11.884053,-77.020082,osm_unverified,,dev,tipo=Jirón;num=#;interior;loc=dist_prov_dep;mayusculas
SYN-w653822924-2,synthetic,"Jiron Alhelies 132, Carabayllo, Lima, Lima",,,,JIRON,ALHELIES,132,,,,150106,-11.884053,-77.020082,osm_unverified,,dev,tipo=Jirón;loc=dist_prov_dep;sin_tildes
OSM-w653822925,osm_addr,Jirón Alhelíes 151,Carabayllo,Lima,Lima,JIRON,ALHELIES,151,,,,150106,-11.884001,-77.020028,osm_unverified,,dev,addr:street y addr:housenumber de OSM
SYN-w653822925-1,synthetic,JR. Alhelies Nº 151 Int. 3,Carabayllo,,,JIRON,ALHELIES,151,,,,150106,-11.884001,-77.020028,osm_unverified,,dev,tipo=JR.;num=Nº;interior;loc=campo;sin_tildes
SYN-w653822925-2,synthetic,JR. Alhelies Nro 151 Int. 3 - Carabayllo,,,,JIRON,ALHELIES,151,,,,150106,-11.884001,-77.020028,osm_unverified,,dev,tipo=JR.;num=Nro;interior;loc=guion;sin_tildes
OSM-w653822928,osm_addr,Jirón Chiclayo 118,Carabayllo,Lima,Lima,JIRON,CHICLAYO,118,,,,150106,-11.883994,-77.019837,osm_unverified,,dev,addr:street y addr:housenumber de OSM
SYN-w653822928-1,synthetic,Jiron Chiclayo 118 Carabayllo,,,,JIRON,CHICLAYO,118,,,,150106,-11.883994,-77.019837,osm_unverified,,dev,tipo=Jiron;loc=espacio
SYN-w653822928-2,synthetic,jr. chiclayo nro. 118,Carabayllo,,,JIRON,CHICLAYO,118,,,,150106,-11.883994,-77.019837,osm_unverified,,dev,tipo=Jr.;num=nro.;loc=campo;minusculas
OSM-w653822929,osm_addr,Jirón Chiclayo 132,Carabayllo,Lima,Lima,JIRON,CHICLAYO,132,,,,150106,-11.884049,-77.019775,osm_unverified,,dev,addr:street y addr:housenumber de OSM
SYN-w653822929-1,synthetic,"jr chiclayo n°132, carabayllo, lima, lima",,,,JIRON,CHICLAYO,132,,,,150106,-11.884049,-77.019775,osm_unverified,,dev,tipo=Jr;num=N°;loc=dist_prov_dep;minusculas;sin_tildes
SYN-w653822929-2,synthetic,Jiron Chiclayo N°132,Carabayllo,,,JIRON,CHICLAYO,132,,,,150106,-11.884049,-77.019775,osm_unverified,,dev,tipo=Jirón;num=N°;loc=campo;sin_tildes
OSM-w654801755,osm_addr,Jirón Los Geranios Este 365,Carabayllo,Lima,Lima,JIRON,LOS GERANIOS ESTE,365,,,,150106,-11.881021,-77.016870,osm_unverified,,test,addr:street y addr:housenumber de OSM
SYN-w654801755-1,synthetic,"Los Geranios Este nro. 365, Carabayllo, Lima, Lima",,,,,LOS GERANIOS ESTE,365,,,,150106,-11.881021,-77.016870,osm_unverified,,test,tipo_omitido;num=nro.;loc=dist_prov_dep;sin_tildes
SYN-w654801755-2,synthetic,JIRON LOS GERANIOS ESTE N° 365 - CARABAYLLO,,Lima,,JIRON,LOS GERANIOS ESTE,365,,,,150106,-11.881021,-77.016870,osm_unverified,,test,tipo=Jiron;num=N°;loc=mixta;mayusculas
OSM-w654801758,osm_addr,Jirón Los Geranios Este 371,Carabayllo,Lima,Lima,JIRON,LOS GERANIOS ESTE,371,,,,150106,-11.881072,-77.016800,osm_unverified,,test,addr:street y addr:housenumber de OSM
SYN-w654801758-1,synthetic,"JR.Los Geranios Este Nro 371, Carabayllo, Lima, Lima",,,,JIRON,LOS GERANIOS ESTE,371,,,,150106,-11.881072,-77.016800,osm_unverified,,test,tipo=JR.;num=Nro;tipo_pegado;loc=dist_prov_dep;sin_tildes
SYN-w654801758-2,synthetic,"Jr. Los Geranios Este 371, Carabayllo, Lima",,,,JIRON,LOS GERANIOS ESTE,371,,,,150106,-11.881072,-77.016800,osm_unverified,,test,tipo=Jr.;loc=dist_prov
OSM-w654809104,osm_addr,Jirón Miguel Grau Este 220,Carabayllo,Lima,Lima,JIRON,MIGUEL GRAU ESTE,220,,,,150106,-11.879042,-77.017073,osm_unverified,,dev,addr:street y addr:housenumber de OSM
SYN-w654809104-1,synthetic,Jiron Miguel Grau Este 220,Carabayllo,,,JIRON,MIGUEL GRAU ESTE,220,,,,150106,-11.879042,-77.017073,osm_unverified,,dev,tipo=Jiron;loc=campo
SYN-w654809104-2,synthetic,JR.Miguel Grau Este # 220 Carabayllo,,,,JIRON,MIGUEL GRAU ESTE,220,,,,150106,-11.879042,-77.017073,osm_unverified,,dev,tipo=JR.;num=#;tipo_pegado;loc=espacio;sin_tildes
OSM-w654814170,osm_addr,Jirón Miguel Grau Este 390,Carabayllo,Lima,Lima,JIRON,MIGUEL GRAU ESTE,390,,,,150106,-11.879844,-77.015503,osm_unverified,,dev,addr:street y addr:housenumber de OSM
SYN-w654814170-1,synthetic,"JR. Miguel Grau Este Nro. 390, Carabayllo, Lima",,,,JIRON,MIGUEL GRAU ESTE,390,,,,150106,-11.879844,-77.015503,osm_unverified,,dev,tipo=JR.;num=Nro.;loc=dist_prov;sin_tildes
SYN-w654814170-2,synthetic,JR. Miguel Grau Este Nro. 390,Carabayllo,,,JIRON,MIGUEL GRAU ESTE,390,,,,150106,-11.879844,-77.015503,osm_unverified,,dev,tipo=JR.;num=Nro.;loc=campo;sin_tildes
OSM-w654814177,osm_addr,Jirón Los Claveles Este 100,Carabayllo,Lima,Lima,JIRON,LOS CLAVELES ESTE,100,,,,150106,-11.880160,-77.016091,osm_unverified,,dev,addr:street y addr:housenumber de OSM
SYN-w654814177-1,synthetic,Jiron Los Claveles Este 100,Carabayllo,,,JIRON,LOS CLAVELES ESTE,100,,,,150106,-11.880160,-77.016091,osm_unverified,,dev,tipo=Jiron;loc=campo
SYN-w654814177-2,synthetic,JR. LOS CLAVELES ESTE N°100 - CARABAYLLO,,Lima,,JIRON,LOS CLAVELES ESTE,100,,,,150106,-11.880160,-77.016091,osm_unverified,,dev,tipo=Jr.;num=N°;loc=mixta;mayusculas;sin_tildes
OSM-w654814183,osm_addr,Jirón Los Claveles Este 152,Carabayllo,Lima,Lima,JIRON,LOS CLAVELES ESTE,152,,,,150106,-11.880339,-77.015760,osm_unverified,,dev,addr:street y addr:housenumber de OSM
SYN-w654814183-1,synthetic,"jiron los claveles este #152, carabayllo, lima, lima",,,,JIRON,LOS CLAVELES ESTE,152,,,,150106,-11.880339,-77.015760,osm_unverified,,dev,tipo=Jiron;num=#;loc=dist_prov_dep;minusculas
SYN-w654814183-2,synthetic,"Jiron Los Claveles Este nro. 152, Carabayllo, Lima",,,,JIRON,LOS CLAVELES ESTE,152,,,,150106,-11.880339,-77.015760,osm_unverified,,dev,tipo=Jiron;num=nro.;loc=dist_prov;sin_tildes
OSM-w666150231,osm_addr,Jirón Tulipanes 331,Carabayllo,Lima,Lima,JIRON,TULIPANES,331,,,,150106,-11.882134,-77.017095,osm_unverified,,test,addr:street y addr:housenumber de OSM
SYN-w666150231-1,synthetic,"jr. Tulipanes # 331, Carabayllo, Lima",,,,JIRON,TULIPANES,331,,,,150106,-11.882134,-77.017095,osm_unverified,,test,tipo=jr.;num=#;loc=dist_prov;sin_tildes
SYN-w666150231-2,synthetic,JR. Tulipanes N°331 Carabayllo,,,,JIRON,TULIPANES,331,,,,150106,-11.882134,-77.017095,osm_unverified,,test,tipo=JR.;num=N°;loc=espacio
OSM-w666176600,osm_addr,Jirón Los Rosales 214,Carabayllo,Lima,Lima,JIRON,LOS ROSALES,214,,,,150106,-11.881027,-77.018382,osm_unverified,,dev,addr:street y addr:housenumber de OSM
SYN-w666176600-1,synthetic,"JIRON LOS ROSALES 214, CARABAYLLO, LIMA",,,,JIRON,LOS ROSALES,214,,,,150106,-11.881027,-77.018382,osm_unverified,,dev,tipo=Jiron;loc=dist_prov;mayusculas
SYN-w666176600-2,synthetic,"Jiron Los Rosales nro. 214, Carabayllo",,,,JIRON,LOS ROSALES,214,,,,150106,-11.881027,-77.018382,osm_unverified,,dev,tipo=Jiron;num=nro.;loc=coma
OSM-w666176601,osm_addr,Jirón Los Rosales 228,Carabayllo,Lima,Lima,JIRON,LOS ROSALES,228,,,,150106,-11.881128,-77.018347,osm_unverified,,dev,addr:street y addr:housenumber de OSM
SYN-w666176601-1,synthetic,Jr Los Rosales #228,Carabayllo,,,JIRON,LOS ROSALES,228,,,,150106,-11.881128,-77.018347,osm_unverified,,dev,tipo=Jr;num=#;loc=campo;sin_tildes
SYN-w666176601-2,synthetic,Jiron Los Rosales N°228 Piso 2 - Carabayllo,,Lima,,JIRON,LOS ROSALES,228,,,,150106,-11.881128,-77.018347,osm_unverified,,dev,tipo=Jiron;num=N°;interior;loc=mixta
OSM-w908284374,osm_addr,Jirón Piura 270,Carabayllo,Lima,Lima,JIRON,PIURA,270,,,,150106,-11.884628,-77.018320,osm_unverified,,test,addr:street y addr:housenumber de OSM
SYN-w908284374-1,synthetic,"jr. piura #270, carabayllo",,,,JIRON,PIURA,270,,,,150106,-11.884628,-77.018320,osm_unverified,,test,tipo=jr.;num=#;loc=coma;minusculas;sin_tildes
SYN-w908284374-2,synthetic,"jiron piura #270 int. 3, carabayllo, lima, lima",,,,JIRON,PIURA,270,,,,150106,-11.884628,-77.018320,osm_unverified,,test,tipo=Jirón;num=#;interior;loc=dist_prov_dep;minusculas;sin_tildes
OSM-w908284375,osm_addr,Jirón Los Cactus 299,Carabayllo,Lima,Lima,JIRON,LOS CACTUS,299,,,,150106,-11.882314,-77.017319,osm_unverified,,test,addr:street y addr:housenumber de OSM
SYN-w908284375-1,synthetic,JR. LOS CACTUS Nº 299 DPTO 1203 - CARABAYLLO,,Lima,,JIRON,LOS CACTUS,299,,,,150106,-11.882314,-77.017319,osm_unverified,,test,tipo=jr.;num=Nº;interior;loc=mixta;mayusculas;sin_tildes
SYN-w908284375-2,synthetic,"Jiron Los Cactus Nro 299, Carabayllo, Lima, Lima",,,,JIRON,LOS CACTUS,299,,,,150106,-11.882314,-77.017319,osm_unverified,,test,tipo=Jiron;num=Nro;loc=dist_prov_dep;sin_tildes
OSM-n13082229484,osm_addr,Avenida Nicolás Ayllón 161C,Chaclacayo,Lima,Lima,AVENIDA,NICOLAS AYLLON,161C,,,,150107,-11.977724,-76.777779,osm_unverified,,dev,addr:street y addr:housenumber de OSM
SYN-n13082229484-1,synthetic,"AV.Nicolas Ayllon nro. 161 C, Chaclacayo, Lima, Lima",,,,AVENIDA,NICOLAS AYLLON,161C,,,,150107,-11.977724,-76.777779,osm_unverified,,dev,tipo=AV.;num=nro.;tipo_pegado;loc=dist_prov_dep;sin_tildes
SYN-n13082229484-2,synthetic,Av Nicolás Ayllón # 161C - Chaclacayo,,,,AVENIDA,NICOLAS AYLLON,161C,,,,150107,-11.977724,-76.777779,osm_unverified,,dev,tipo=Av;num=#;loc=guion
OSM-n13431201686,osm_addr,Calle Los Alamos 1,Chaclacayo,Lima,Lima,CALLE,LOS ALAMOS,1,,,,150107,-11.979302,-76.775461,osm_unverified,,dev,addr:street y addr:housenumber de OSM
SYN-n13431201686-1,synthetic,"clle.los alamos n°1, chaclacayo, lima, lima",,,,CALLE,LOS ALAMOS,1,,,,150107,-11.979302,-76.775461,osm_unverified,,dev,tipo=Clle.;num=N°;tipo_pegado;loc=dist_prov_dep;minusculas;sin_tildes
SYN-n13431201686-2,synthetic,"CALLE LOS ALAMOS #1, CHACLACAYO, LIMA",,,,CALLE,LOS ALAMOS,1,,,,150107,-11.979302,-76.775461,osm_unverified,,dev,tipo=calle;num=#;loc=dist_prov;mayusculas
OSM-n14013558799,osm_addr,Calle Los Olivos 665,Chaclacayo,Lima,Lima,CALLE,LOS OLIVOS,665,,,,150107,-11.976470,-76.770432,osm_unverified,,dev,addr:street y addr:housenumber de OSM
SYN-n14013558799-1,synthetic,Clle. Los Olivos 665 Chaclacayo,,,,CALLE,LOS OLIVOS,665,,,,150107,-11.976470,-76.770432,osm_unverified,,dev,tipo=Clle.;loc=espacio
SYN-n14013558799-2,synthetic,Cl.Los Olivos nro. 665 Chaclacayo,,,,CALLE,LOS OLIVOS,665,,,,150107,-11.976470,-76.770432,osm_unverified,,dev,tipo=Cl.;num=nro.;tipo_pegado;loc=espacio;sin_tildes
OSM-n4556157490,osm_addr,Calle El Sol 599,Chaclacayo,Lima,Lima,CALLE,EL SOL,599,,,,150107,-11.973385,-76.751674,osm_unverified,,dev,addr:street y addr:housenumber de OSM
SYN-n4556157490-1,synthetic,"Ca.El Sol Nº 599, Chaclacayo",,,,CALLE,EL SOL,599,,,,150107,-11.973385,-76.751674,osm_unverified,,dev,tipo=Ca.;num=Nº;tipo_pegado;loc=coma
SYN-n4556157490-2,synthetic,CALLE EL SOL 599,Chaclacayo,,,CALLE,EL SOL,599,,,,150107,-11.973385,-76.751674,osm_unverified,,dev,tipo=Calle;loc=campo;mayusculas
OSM-n4614259389,osm_addr,Calle Los Laureles 595,Chaclacayo,Lima,Lima,CALLE,LOS LAURELES,595,,,,150107,-11.973038,-76.750164,osm_unverified,,test,addr:street y addr:housenumber de OSM
SYN-n4614259389-1,synthetic,calle Los Laureles nro. 595 - Chaclacayo,,Lima,,CALLE,LOS LAURELES,595,,,,150107,-11.973038,-76.750164,osm_unverified,,test,tipo=calle;num=nro.;loc=mixta;sin_tildes
SYN-n4614259389-2,synthetic,"cll los laureles nro. 595, chaclacayo",,,,CALLE,LOS LAURELES,595,,,,150107,-11.973038,-76.750164,osm_unverified,,test,tipo=Cll;num=Nro.;loc=coma;minusculas
OSM-n4915588634,osm_addr,Calle Los Nogales 567,Chaclacayo,Lima,Lima,CALLE,LOS NOGALES,567,,,,150107,-11.977601,-76.771292,osm_unverified,,dev,addr:street y addr:housenumber de OSM
SYN-n4915588634-1,synthetic,"Calle Los Nogales Nro 567 Dpto 1203, Chaclacayo, Lima",,,,CALLE,LOS NOGALES,567,,,,150107,-11.977601,-76.771292,osm_unverified,,dev,tipo=Calle;num=Nro;interior;loc=dist_prov
SYN-n4915588634-2,synthetic,calle Los Nogales N°567,Chaclacayo,,,CALLE,LOS NOGALES,567,,,,150107,-11.977601,-76.771292,osm_unverified,,dev,tipo=calle;num=N°;loc=campo;sin_tildes
OSM-n5596725543,osm_addr,Carretera Central 2032,Chaclacayo,Lima,Lima,CARRETERA,CENTRAL,2032,,,,150107,-11.972214,-76.756501,osm_unverified,,test,addr:street y addr:housenumber de OSM
SYN-n5596725543-1,synthetic,"Carr. Central 2032, Chaclacayo",,,,CARRETERA,CENTRAL,2032,,,,150107,-11.972214,-76.756501,osm_unverified,,test,tipo=Carr.;loc=coma
SYN-n5596725543-2,synthetic,Carretera Central # 2032 - Chaclacayo,,,,CARRETERA,CENTRAL,2032,,,,150107,-11.972214,-76.756501,osm_unverified,,test,tipo=Carretera;num=#;loc=guion
OSM-n5641940821,osm_addr,Carretera Central 900,Chaclacayo,Lima,Lima,CARRETERA,CENTRAL,900,,,,150107,-11.975123,-76.768347,osm_unverified,,test,addr:street y addr:housenumber de OSM
SYN-n5641940821-1,synthetic,"Carretera Central # 900, Chaclacayo, Lima",,,,CARRETERA,CENTRAL,900,,,,150107,-11.975123,-76.768347,osm_unverified,,test,tipo=Carretera;num=#;loc=dist_prov;sin_tildes
SYN-n5641940821-2,synthetic,Carr. Central #900 Chaclacayo,,,,CARRETERA,CENTRAL,900,,,,150107,-11.975123,-76.768347,osm_unverified,,test,tipo=Carr.;num=#;loc=espacio
OSM-n6422080839,osm_addr,Calle Los Cedros 107,Chaclacayo,Lima,Lima,CALLE,LOS CEDROS,107,,,,150107,-11.980343,-76.776564,osm_unverified,,test,addr:street y addr:housenumber de OSM
SYN-n6422080839-1,synthetic,"Calle Los Cedros 107, Chaclacayo",,,,CALLE,LOS CEDROS,107,,,,150107,-11.980343,-76.776564,osm_unverified,,test,tipo=Calle;loc=coma
SYN-n6422080839-2,synthetic,cll los cedros nº 107 - chaclacayo,,,,CALLE,LOS CEDROS,107,,,,150107,-11.980343,-76.776564,osm_unverified,,test,tipo=Cll;num=Nº;loc=guion;minusculas;sin_tildes
OSM-n6575138889,osm_addr,Calle San José 401,Chaclacayo,Lima,Lima,CALLE,SAN JOSE,401,,,,150107,-11.973964,-76.756113,osm_unverified,,dev,addr:street y addr:housenumber de OSM
SYN-n6575138889-1,synthetic,Ca. Sn José # 401 - Chaclacayo,,Lima,,CALLE,SAN JOSE,401,,,,150107,-11.973964,-76.756113,osm_unverified,,dev,titulo_abreviado;tipo=Ca.;num=#;loc=mixta
SYN-n6575138889-2,synthetic,"Cl. San José Nº 401, Chaclacayo, Lima, Lima",,,,CALLE,SAN JOSE,401,,,,150107,-11.973964,-76.756113,osm_unverified,,dev,tipo=Cl.;num=Nº;loc=dist_prov_dep
OSM-n7490223755,osm_addr,Calle Inca Roca 337,Chaclacayo,Lima,Lima,CALLE,INCA ROCA,337,,,,150107,-11.987288,-76.820102,osm_unverified,,test,addr:street y addr:housenumber de OSM
SYN-n7490223755-1,synthetic,"Clle.Inca Roca #337, Chaclacayo, Lima",,,,CALLE,INCA ROCA,337,,,,150107,-11.987288,-76.820102,osm_unverified,,test,tipo=Clle.;num=#;tipo_pegado;loc=dist_prov;sin_tildes
SYN-n7490223755-2,synthetic,INCA ROCA # 337 - CHACLACAYO,,Lima,,,INCA ROCA,337,,,,150107,-11.987288,-76.820102,osm_unverified,,test,tipo_omitido;num=#;loc=mixta;mayusculas;sin_tildes
OSM-w1538472640,osm_addr,Santa Inés 316,Chaclacayo,Lima,Lima,,SANTA INES,316,,,,150107,-11.972411,-76.755847,osm_unverified,,dev,addr:street y addr:housenumber de OSM
SYN-w1538472640-1,synthetic,Sta. Ines #316,Chaclacayo,,,,SANTA INES,316,,,,150107,-11.972411,-76.755847,osm_unverified,,dev,titulo_abreviado;num=#;loc=campo;sin_tildes
SYN-w1538472640-2,synthetic,"Sta. Inés # 316 Piso 2, Chaclacayo, Lima, Lima",,,,,SANTA INES,316,,,,150107,-11.972411,-76.755847,osm_unverified,,dev,titulo_abreviado;num=#;interior;loc=dist_prov_dep
OSM-w318336033,osm_addr,Avenida Nicolas Ayllon 3284,Chaclacayo,Lima,Lima,AVENIDA,NICOLAS AYLLON,3284,,,,150107,-11.967474,-76.740562,osm_unverified,,dev,addr:street y addr:housenumber de OSM
SYN-w318336033-1,synthetic,"Avenida Nicolas Ayllon Nro 3284, Chaclacayo, Lima",,,,AVENIDA,NICOLAS AYLLON,3284,,,,150107,-11.967474,-76.740562,osm_unverified,,dev,tipo=Avenida;num=Nro;loc=dist_prov;sin_tildes
SYN-w318336033-2,synthetic,AV. NICOLAS AYLLON # 3284 DPTO. 201 CHACLACAYO,,,,AVENIDA,NICOLAS AYLLON,3284,,,,150107,-11.967474,-76.740562,osm_unverified,,dev,tipo=Av.;num=#;interior;loc=espacio;mayusculas
OSM-w320738595,osm_addr,Carretera Central Km. 23 Las Retamas 300,Chaclacayo,Lima,Lima,CARRETERA,CENTRAL KM 23 LAS RETAMAS,300,,,,150107,-11.974513,-76.760387,osm_unverified,,dev,addr:street y addr:housenumber de OSM
SYN-w320738595-1,synthetic,Carretera Central Km. 23 Las Retamas nro. 300 Chaclacayo,,,,CARRETERA,CENTRAL KM 23 LAS RETAMAS,300,,,,150107,-11.974513,-76.760387,osm_unverified,,dev,tipo=Carretera;num=nro.;loc=espacio
SYN-w320738595-2,synthetic,"Carretera Central Km. 23 Las Retamas # 300, Chaclacayo",,,,CARRETERA,CENTRAL KM 23 LAS RETAMAS,300,,,,150107,-11.974513,-76.760387,osm_unverified,,dev,tipo=Carretera;num=#;loc=coma
OSM-w439938236,osm_addr,Calle Los Cedros 246,Chaclacayo,Lima,Lima,CALLE,LOS CEDROS,246,,,,150107,-11.979984,-76.774450,osm_unverified,,test,addr:street y addr:housenumber de OSM
SYN-w439938236-1,synthetic,Cl.Los Cedros Nro. 246,Chaclacayo,,,CALLE,LOS CEDROS,246,,,,150107,-11.979984,-76.774450,osm_unverified,,test,tipo=Cl.;num=Nro.;tipo_pegado;loc=campo;sin_tildes
SYN-w439938236-2,synthetic,calle Los Cedros Nº 246,Chaclacayo,,,CALLE,LOS CEDROS,246,,,,150107,-11.979984,-76.774450,osm_unverified,,test,tipo=calle;num=Nº;loc=campo;sin_tildes
OSM-w439938238,osm_addr,Calle Los Robles 411,Chaclacayo,Lima,Lima,CALLE,LOS ROBLES,411,,,,150107,-11.976956,-76.771008,osm_unverified,,test,addr:street y addr:housenumber de OSM
SYN-w439938238-1,synthetic,"Clle.Los Robles 411, Chaclacayo",,,,CALLE,LOS ROBLES,411,,,,150107,-11.976956,-76.771008,osm_unverified,,test,tipo=Clle.;tipo_pegado;loc=coma;sin_tildes
SYN-w439938238-2,synthetic,"CALLE LOS ROBLES NRO. 411, CHACLACAYO, LIMA, LIMA",,,,CALLE,LOS ROBLES,411,,,,150107,-11.976956,-76.771008,osm_unverified,,test,tipo=Calle;num=Nro.;loc=dist_prov_dep;mayusculas;sin_tildes
OSM-w439945772,osm_addr,La Victoria 346,Chaclacayo,Lima,Lima,,LA VICTORIA,346,,,,150107,-11.973111,-76.756831,osm_unverified,,dev,addr:street y addr:housenumber de OSM
SYN-w439945772-1,synthetic,LA VICTORIA N°346 CHACLACAYO,,,,,LA VICTORIA,346,,,,150107,-11.973111,-76.756831,osm_unverified,,dev,num=N°;loc=espacio;mayusculas
SYN-w439945772-2,synthetic,"La Victoria 346 Piso 2, Chaclacayo, Lima",,,,,LA VICTORIA,346,,,,150107,-11.973111,-76.756831,osm_unverified,,dev,interior;loc=dist_prov
OSM-w483500656,osm_addr,Avenida Atahualpa 200,Chaclacayo,Lima,Lima,AVENIDA,ATAHUALPA,200,,,,150107,-11.987245,-76.818363,osm_unverified,,dev,addr:street y addr:housenumber de OSM
SYN-w483500656-1,synthetic,"Avda. Atahualpa # 200, Chaclacayo, Lima, Lima",,,,AVENIDA,ATAHUALPA,200,,,,150107,-11.987245,-76.818363,osm_unverified,,dev,tipo=Avda.;num=#;loc=dist_prov_dep;sin_tildes
SYN-w483500656-2,synthetic,AVENIDA ATAHUALPA N°200 - CHACLACAYO,,,,AVENIDA,ATAHUALPA,200,,,,150107,-11.987245,-76.818363,osm_unverified,,dev,tipo=Avenida;num=N°;loc=guion;mayusculas
OSM-w487185420,osm_addr,Calle Las Moreras 450,Chaclacayo,Lima,Lima,CALLE,LAS MORERAS,450,,,,150107,-11.976057,-76.767268,osm_unverified,,test,addr:street y addr:housenumber de OSM
SYN-w487185420-1,synthetic,CL. LAS MORERAS 450 CHACLACAYO,,,,CALLE,LAS MORERAS,450,,,,150107,-11.976057,-76.767268,osm_unverified,,test,tipo=Cl.;loc=espacio;mayusculas;sin_tildes
SYN-w487185420-2,synthetic,CA. LAS MORERAS N°450 INT 4B - CHACLACAYO,,,,CALLE,LAS MORERAS,450,,,,150107,-11.976057,-76.767268,osm_unverified,,test,tipo=Ca.;num=N°;interior;loc=guion;mayusculas;sin_tildes
OSM-w835903451,osm_addr,Avenida Atahualpa 373,Chaclacayo,Lima,Lima,AVENIDA,ATAHUALPA,373,,,,150107,-11.986545,-76.819979,osm_unverified,,dev,addr:street y addr:housenumber de OSM
SYN-w835903451-1,synthetic,av.Atahualpa #373 Chaclacayo,,,,AVENIDA,ATAHUALPA,373,,,,150107,-11.986545,-76.819979,osm_unverified,,dev,tipo=av.;num=#;tipo_pegado;loc=espacio;sin_tildes
SYN-w835903451-2,synthetic,AV. ATAHUALPA 373 CHACLACAYO,,,,AVENIDA,ATAHUALPA,373,,,,150107,-11.986545,-76.819979,osm_unverified,,dev,tipo=av.;loc=espacio;mayusculas
OSM-n13002639816,osm_addr,Jirón Justo Pastor Davila 197,Chorrillos,Lima,Lima,JIRON,JUSTO PASTOR DAVILA,197,,,,150108,-12.169823,-77.020752,osm_unverified,,dev,addr:street y addr:housenumber de OSM
SYN-n13002639816-1,synthetic,Jr Justo Pastor Davila Nº 197,Chorrillos,,,JIRON,JUSTO PASTOR DAVILA,197,,,,150108,-12.169823,-77.020752,osm_unverified,,dev,tipo=Jr;num=Nº;loc=campo;sin_tildes
SYN-n13002639816-2,synthetic,"Justo Pastor Davila 197, Chorrillos, Lima",,,,,JUSTO PASTOR DAVILA,197,,,,150108,-12.169823,-77.020752,osm_unverified,,dev,tipo_omitido;loc=dist_prov
OSM-n4351694256,osm_addr,Avenida Ariosto Matellini 287,Chorrillos,Lima,Lima,AVENIDA,ARIOSTO MATELLINI,287,,,,150108,-12.180493,-77.011141,osm_unverified,,dev,addr:street y addr:housenumber de OSM
SYN-n4351694256-1,synthetic,av. Ariosto Matellini 287 - Chorrillos,,Lima,,AVENIDA,ARIOSTO MATELLINI,287,,,,150108,-12.180493,-77.011141,osm_unverified,,dev,tipo=av.;loc=mixta
SYN-n4351694256-2,synthetic,Av. Ariosto Matellini Nro. 287,Chorrillos,,,AVENIDA,ARIOSTO MATELLINI,287,,,,150108,-12.180493,-77.011141,osm_unverified,,dev,tipo=Av.;num=Nro.;loc=campo;sin_tildes
OSM-n4358170972,osm_addr,Avenida El Sol 1457,Chorrillos,Lima,Lima,AVENIDA,EL SOL,1457,,,,150108,-12.179446,-76.994587,osm_unverified,,dev,addr:street y addr:housenumber de OSM
SYN-n4358170972-1,synthetic,"avda.el sol nro. 1457, chorrillos, lima, lima",,,,AVENIDA,EL SOL,1457,,,,150108,-12.179446,-76.994587,osm_unverified,,dev,tipo=Avda.;num=Nro.;tipo_pegado;loc=dist_prov_dep;minusculas
SYN-n4358170972-2,synthetic,Avenida El Sol N° 1457 Int. 3 Chorrillos,,,,AVENIDA,EL SOL,1457,,,,150108,-12.179446,-76.994587,osm_unverified,,dev,tipo=Avenida;num=N°;interior;loc=espacio
OSM-n7784815404,osm_addr,Jirón Emilio Sandoval 501,Chorrillos,Lima,Lima,JIRON,EMILIO SANDOVAL,501,,,,150108,-12.167843,-77.020509,osm_unverified,,dev,addr:street y addr:housenumber de OSM
SYN-n7784815404-1,synthetic,Jirón Emilio Sandoval # 501 - Chorrillos,,,,JIRON,EMILIO SANDOVAL,501,,,,150108,-12.167843,-77.020509,osm_unverified,,dev,tipo=Jirón;num=#;loc=guion
SYN-n7784815404-2,synthetic,JR. EMILIO SANDOVAL #501 CHORRILLOS,,,,JIRON,EMILIO SANDOVAL,501,,,,150108,-12.167843,-77.020509,osm_unverified,,dev,tipo=Jr.;num=#;loc=espacio;mayusculas
OSM-n7784818524,osm_addr,Avenida Fernando Terán 825,Chorrillos,Lima,Lima,AVENIDA,FERNANDO TERAN,825,,,,150108,-12.168123,-77.019623,osm_unverified,,test,addr:street y addr:housenumber de OSM
SYN-n7784818524-1,synthetic,AV. Fernando Teran Nro 825 Chorrillos,,,,AVENIDA,FERNANDO TERAN,825,,,,150108,-12.168123,-77.019623,osm_unverified,,test,tipo=AV.;num=Nro;loc=espacio;sin_tildes
SYN-n7784818524-2,synthetic,Avda.Fernando Terán N°825 Dpto. 201 - Chorrillos,,,,AVENIDA,FERNANDO TERAN,825,,,,150108,-12.168123,-77.019623,osm_unverified,,test,tipo=Avda.;num=N°;tipo_pegado;interior;loc=guion
OSM-n8866135210,osm_addr,Calle Donald Douglas 415,Chorrillos,Lima,Lima,CALLE,DONALD DOUGLAS,415,,,,150108,-12.176139,-77.005346,osm_unverified,,dev,addr:street y addr:housenumber de OSM
SYN-n8866135210-1,synthetic,"Cl. Donald Douglas Nro 415, Chorrillos, Lima, Lima",,,,CALLE,DONALD DOUGLAS,415,,,,150108,-12.176139,-77.005346,osm_unverified,,dev,tipo=Cl.;num=Nro;loc=dist_prov_dep
SYN-n8866135210-2,synthetic,"cl. donald douglas n° 415, chorrillos, lima, lima",,,,CALLE,DONALD DOUGLAS,415,,,,150108,-12.176139,-77.005346,osm_unverified,,dev,tipo=Cl.;num=N°;loc=dist_prov_dep;minusculas
OSM-n9254911194,osm_addr,Avenida Defensores del Morro 4263,Chorrillos,Lima,Lima,AVENIDA,DEFENSORES DEL MORRO,4263,,,,150108,-12.213999,-76.981468,osm_unverified,,dev,addr:street y addr:housenumber de OSM
SYN-n9254911194-1,synthetic,"Avenida Defensores del Morro #4263, Chorrillos, Lima, Lima",,,,AVENIDA,DEFENSORES DEL MORRO,4263,,,,150108,-12.213999,-76.981468,osm_unverified,,dev,tipo=Avenida;num=#;loc=dist_prov_dep
SYN-n9254911194-2,synthetic,Av Defensores del Morro N° 4263 - Chorrillos,,,,AVENIDA,DEFENSORES DEL MORRO,4263,,,,150108,-12.213999,-76.981468,osm_unverified,,dev,tipo=Av;num=N°;loc=guion
OSM-n9986470985,osm_addr,Avenida Alameda Premio Real 422,Chorrillos,Lima,Lima,AVENIDA,ALAMEDA PREMIO REAL,422,,,,150108,-12.206148,-77.003023,osm_unverified,,dev,addr:street y addr:housenumber de OSM
SYN-n9986470985-1,synthetic,Av Alameda Premio Real nro. 422 Int 4B - Chorrillos,,Lima,,AVENIDA,ALAMEDA PREMIO REAL,422,,,,150108,-12.206148,-77.003023,osm_unverified,,dev,tipo=Av;num=nro.;interior;loc=mixta
SYN-n9986470985-2,synthetic,"AV. ALAMEDA PREMIO REAL NRO 422, CHORRILLOS, LIMA",,,,AVENIDA,ALAMEDA PREMIO REAL,422,,,,150108,-12.206148,-77.003023,osm_unverified,,dev,tipo=av.;num=Nro;loc=dist_prov;mayusculas;sin_tildes
OSM-w318183763,osm_addr,Avenida Malecón Montarela 224,Chorrillos,Lima,Lima,AVENIDA,MALECON MONTARELA,224,,,,150108,-12.164641,-77.024341,osm_unverified,,dev,addr:street y addr:housenumber de OSM
SYN-w318183763-1,synthetic,AV. MALECON MONTARELA NRO 224,Chorrillos,,,AVENIDA,MALECON MONTARELA,224,,,,150108,-12.164641,-77.024341,osm_unverified,,dev,tipo=AV.;num=Nro;loc=campo;mayusculas;sin_tildes
SYN-w318183763-2,synthetic,"AV. Malecon Montarela nro. 224, Chorrillos, Lima, Lima",,,,AVENIDA,MALECON MONTARELA,224,,,,150108,-12.164641,-77.024341,osm_unverified,,dev,tipo=AV.;num=nro.;loc=dist_prov_dep;sin_tildes
OSM-w436794475,osm_addr,Avenida Fernando Teran 258,Chorrillos,Lima,Lima,AVENIDA,FERNANDO TERAN,258,,,,150108,-12.172448,-77.019316,osm_unverified,,test,addr:street y addr:housenumber de OSM
SYN-w436794475-1,synthetic,AV. Fernando Teran N°258 Chorrillos,,,,AVENIDA,FERNANDO TERAN,258,,,,150108,-12.172448,-77.019316,osm_unverified,,test,tipo=AV.;num=N°;loc=espacio
SYN-w436794475-2,synthetic,AV. FERNANDO TERAN N° 258 PISO 2 - CHORRILLOS,,,,AVENIDA,FERNANDO TERAN,258,,,,150108,-12.172448,-77.019316,osm_unverified,,test,tipo=AV.;num=N°;interior;loc=guion;mayusculas
OSM-w436797865,osm_addr,Calle Santa Teresa 264,Chorrillos,Lima,Lima,CALLE,SANTA TERESA,264,,,,150108,-12.165594,-77.025078,osm_unverified,,dev,addr:street y addr:housenumber de OSM
SYN-w436797865-1,synthetic,Clle. Sta. Teresa N° 264 Int. 3 - Chorrillos,,,,CALLE,SANTA TERESA,264,,,,150108,-12.165594,-77.025078,osm_unverified,,dev,titulo_abreviado;tipo=Clle.;num=N°;interior;loc=guion
SYN-w436797865-2,synthetic,"calle Santa Teresa Nro. 264, Chorrillos, Lima, Lima",,,,CALLE,SANTA TERESA,264,,,,150108,-12.165594,-77.025078,osm_unverified,,dev,tipo=calle;num=Nro.;loc=dist_prov_dep
OSM-w436797866,osm_addr,Calle Santa Teresa 212,Chorrillos,Lima,Lima,CALLE,SANTA TERESA,212,,,,150108,-12.165288,-77.024756,osm_unverified,,dev,addr:street y addr:housenumber de OSM
SYN-w436797866-1,synthetic,"Ca. Santa Teresa N° 212, Chorrillos",,,,CALLE,SANTA TERESA,212,,,,150108,-12.165288,-77.024756,osm_unverified,,dev,tipo=Ca.;num=N°;loc=coma;sin_tildes
SYN-w436797866-2,synthetic,"cll sta. teresa #212 int 4b, chorrillos, lima, lima",,,,CALLE,SANTA TERESA,212,,,,150108,-12.165288,-77.024756,osm_unverified,,dev,titulo_abreviado;tipo=Cll;num=#;interior;loc=dist_prov_dep;minusculas
OSM-w436945253,osm_addr,Avenida Malecón Miguel Grau 1395,Chorrillos,Lima,Lima,AVENIDA,MALECON MIGUEL GRAU,1395,,,,150108,-12.167583,-77.033132,osm_unverified,,dev,addr:street y addr:housenumber de OSM
SYN-w436945253-1,synthetic,Av Malecón Miguel Grau 1395 Of. 502,Chorrillos,,,AVENIDA,MALECON MIGUEL GRAU,1395,,,,150108,-12.167583,-77.033132,osm_unverified,,dev,tipo=Av;interior;loc=campo
SYN-w436945253-2,synthetic,Av. Malecon Miguel Grau N°1395 Dpto 1203 - Chorrillos,,,,AVENIDA,MALECON MIGUEL GRAU,1395,,,,150108,-12.167583,-77.033132,osm_unverified,,dev,tipo=Av.;num=N°;interior;loc=guion;sin_tildes
OSM-w436945254,osm_addr,Avenida Malecón Miguel Grau 1321,Chorrillos,Lima,Lima,AVENIDA,MALECON MIGUEL GRAU,1321,,,,150108,-12.167834,-77.032462,osm_unverified,,dev,addr:street y addr:housenumber de OSM
SYN-w436945254-1,synthetic,Avenida Malecon Miguel Grau nro. 1321 - Chorrillos,,Lima,,AVENIDA,MALECON MIGUEL GRAU,1321,,,,150108,-12.167834,-77.032462,osm_unverified,,dev,tipo=Avenida;num=nro.;loc=mixta;sin_tildes
SYN-w436945254-2,synthetic,"AV. Malecón Miguel Grau Nro. 1321, Chorrillos, Lima, Lima",,,,AVENIDA,MALECON MIGUEL GRAU,1321,,,,150108,-12.167834,-77.032462,osm_unverified,,dev,tipo=AV.;num=Nro.;loc=dist_prov_dep
OSM-w436945255,osm_addr,Avenida Lozano La Rosa 197,Chorrillos,Lima,Lima,AVENIDA,LOZANO LA ROSA,197,,,,150108,-12.168223,-77.031139,osm_unverified,,dev,addr:street y addr:housenumber de OSM
SYN-w436945255-1,synthetic,"Lozano La Rosa # 197, Chorrillos",,,,,LOZANO LA ROSA,197,,,,150108,-12.168223,-77.031139,osm_unverified,,dev,tipo_omitido;num=#;loc=coma;sin_tildes
SYN-w436945255-2,synthetic,"av. Lozano La Rosa #197 Of. 502, Chorrillos, Lima, Lima",,,,AVENIDA,LOZANO LA ROSA,197,,,,150108,-12.168223,-77.031139,osm_unverified,,dev,tipo=av.;num=#;interior;loc=dist_prov_dep
OSM-w436945259,osm_addr,Avenida Mariscal Ramon Castilla 176,Chorrillos,Lima,Lima,AVENIDA,MARISCAL RAMON CASTILLA,176,,,,150108,-12.168183,-77.030249,osm_unverified,,dev,addr:street y addr:housenumber de OSM
SYN-w436945259-1,synthetic,AVDA. MARISCAL RAMON CASTILLA 176 - CHORRILLOS,,,,AVENIDA,MARISCAL RAMON CASTILLA,176,,,,150108,-12.168183,-77.030249,osm_unverified,,dev,tipo=Avda.;loc=guion;mayusculas;sin_tildes
SYN-w436945259-2,synthetic,"avda. mariscal ramon castilla # 176, chorrillos, lima",,,,AVENIDA,MARISCAL RAMON CASTILLA,176,,,,150108,-12.168183,-77.030249,osm_unverified,,dev,tipo=Avda.;num=#;loc=dist_prov;minusculas
OSM-w436945261,osm_addr,Calle Nicanor Cipriano Rivas 310A,Chorrillos,Lima,Lima,CALLE,NICANOR CIPRIANO RIVAS,310A,,,,150108,-12.170558,-77.026552,osm_unverified,,dev,addr:street y addr:housenumber de OSM
SYN-w436945261-1,synthetic,CALLE NICANOR CIPRIANO RIVAS Nº 310 A - CHORRILLOS,,Lima,,CALLE,NICANOR CIPRIANO RIVAS,310A,,,,150108,-12.170558,-77.026552,osm_unverified,,dev,tipo=calle;num=Nº;loc=mixta;mayusculas;sin_tildes
SYN-w436945261-2,synthetic,"Cll Nicanor Cipriano Rivas Nro. 310 A, Chorrillos",,,,CALLE,NICANOR CIPRIANO RIVAS,310A,,,,150108,-12.170558,-77.026552,osm_unverified,,dev,tipo=Cll;num=Nro.;loc=coma
OSM-w436945262,osm_addr,Calle Hipolito De La Melena 278,Chorrillos,Lima,Lima,CALLE,HIPOLITO DE LA MELENA,278,,,,150108,-12.170533,-77.024535,osm_unverified,,test,addr:street y addr:housenumber de OSM
SYN-w436945262-1,synthetic,"Cll Hipolito De La Melena Nro. 278, Chorrillos, Lima, Lima",,,,CALLE,HIPOLITO DE LA MELENA,278,,,,150108,-12.170533,-77.024535,osm_unverified,,test,tipo=Cll;num=Nro.;loc=dist_prov_dep;sin_tildes
SYN-w436945262-2,synthetic,Cl. Hipolito De La Melena 278 Chorrillos,,,,CALLE,HIPOLITO DE LA MELENA,278,,,,150108,-12.170533,-77.024535,osm_unverified,,test,tipo=Cl.;loc=espacio
OSM-w437683592,osm_addr,Avenida Defensores del Morro 2066,Chorrillos,Lima,Lima,AVENIDA,DEFENSORES DEL MORRO,2066,,,,150108,-12.180194,-77.014122,osm_unverified,,dev,addr:street y addr:housenumber de OSM
SYN-w437683592-1,synthetic,av. Defensores del Morro N° 2066 - Chorrillos,,Lima,,AVENIDA,DEFENSORES DEL MORRO,2066,,,,150108,-12.180194,-77.014122,osm_unverified,,dev,tipo=av.;num=N°;loc=mixta
SYN-w437683592-2,synthetic,"av. Defensores del Morro # 2066, Chorrillos",,,,AVENIDA,DEFENSORES DEL MORRO,2066,,,,150108,-12.180194,-77.014122,osm_unverified,,dev,tipo=av.;num=#;loc=coma
OSM-w568396654,osm_addr,Calle Leopoldo Arias 200,Chorrillos,Lima,Lima,CALLE,LEOPOLDO ARIAS,200,,,,150108,-12.166130,-77.020261,osm_unverified,,dev,addr:street y addr:housenumber de OSM
SYN-w568396654-1,synthetic,"Leopoldo Arias Nº 200, Chorrillos, Lima",,,,,LEOPOLDO ARIAS,200,,,,150108,-12.166130,-77.020261,osm_unverified,,dev,tipo_omitido;num=Nº;loc=dist_prov
SYN-w568396654-2,synthetic,Calle Leopoldo Arias 200 - Chorrillos,,Lima,,CALLE,LEOPOLDO ARIAS,200,,,,150108,-12.166130,-77.020261,osm_unverified,,dev,tipo=Calle;loc=mixta;sin_tildes
OSM-n4433593233,osm_addr,Avenida Nueva Toledo 200B,Cieneguilla,Lima,Lima,AVENIDA,NUEVA TOLEDO,200B,,,,150109,-12.119091,-76.813915,osm_unverified,,test,addr:street y addr:housenumber de OSM
SYN-n4433593233-1,synthetic,AVDA. NUEVA TOLEDO Nº 200B CIENEGUILLA,,,,AVENIDA,NUEVA TOLEDO,200B,,,,150109,-12.119091,-76.813915,osm_unverified,,test,tipo=Avda.;num=Nº;loc=espacio;mayusculas;sin_tildes
SYN-n4433593233-2,synthetic,Av. Nueva Toledo 200-B Piso 2 - Cieneguilla,,,,AVENIDA,NUEVA TOLEDO,200B,,,,150109,-12.119091,-76.813915,osm_unverified,,test,tipo=Av.;interior;loc=guion;sin_tildes
OSM-n5641941022,osm_addr,Avenida Malecón Lurín 25,Cieneguilla,Lima,Lima,AVENIDA,MALECON LURIN,25,,,,150109,-12.113603,-76.806099,osm_unverified,,test,addr:street y addr:housenumber de OSM
SYN-n5641941022-1,synthetic,Avenida Malecon Lurin N°25,Cieneguilla,,,AVENIDA,MALECON LURIN,25,,,,150109,-12.113603,-76.806099,osm_unverified,,test,tipo=Avenida;num=N°;loc=campo;sin_tildes
SYN-n5641941022-2,synthetic,Av.Malecón Lurín 25 Cieneguilla,,,,AVENIDA,MALECON LURIN,25,,,,150109,-12.113603,-76.806099,osm_unverified,,test,tipo=Av.;tipo_pegado;loc=espacio
OSM-n6812638893,osm_addr,Calle Quillapampa 21,Cieneguilla,Lima,Lima,CALLE,QUILLAPAMPA,21,,,,150109,-12.096571,-76.780070,osm_unverified,,dev,addr:street y addr:housenumber de OSM
SYN-n6812638893-1,synthetic,"Cll Quillapampa #21, Cieneguilla, Lima, Lima",,,,CALLE,QUILLAPAMPA,21,,,,150109,-12.096571,-76.780070,osm_unverified,,dev,tipo=Cll;num=#;loc=dist_prov_dep
SYN-n6812638893-2,synthetic,"Cl. Quillapampa #21, Cieneguilla, Lima, Lima",,,,CALLE,QUILLAPAMPA,21,,,,150109,-12.096571,-76.780070,osm_unverified,,dev,tipo=Cl.;num=#;loc=dist_prov_dep;sin_tildes
OSM-n6940368460,osm_addr,Avenida Nueva Toledo 132A,Cieneguilla,Lima,Lima,AVENIDA,NUEVA TOLEDO,132A,,,,150109,-12.102034,-76.797894,osm_unverified,,test,addr:street y addr:housenumber de OSM
SYN-n6940368460-1,synthetic,Nueva Toledo Nº 132A,Cieneguilla,,,,NUEVA TOLEDO,132A,,,,150109,-12.102034,-76.797894,osm_unverified,,test,tipo_omitido;num=Nº;loc=campo;sin_tildes
SYN-n6940368460-2,synthetic,Av Nueva Toledo 132A - Cieneguilla,,,,AVENIDA,NUEVA TOLEDO,132A,,,,150109,-12.102034,-76.797894,osm_unverified,,test,tipo=Av;loc=guion;sin_tildes
OSM-n7929543347,osm_addr,Avenida Luis Felipe de las Casas Grieve 172,Cieneguilla,Lima,Lima,AVENIDA,LUIS FELIPE DE LAS CASAS GRIEVE,172,,,,150109,-12.129873,-76.815494,osm_unverified,,test,addr:street y addr:housenumber de OSM
SYN-n7929543347-1,synthetic,AVENIDA LUIS FELIPE DE LAS CASAS GRIEVE # 172 PISO 2 - CIENEGUILLA,,,,AVENIDA,LUIS FELIPE DE LAS CASAS GRIEVE,172,,,,150109,-12.129873,-76.815494,osm_unverified,,test,tipo=Avenida;num=#;interior;loc=guion;mayusculas
SYN-n7929543347-2,synthetic,Av. Luis Felipe de las Casas Grieve Nro. 172 - Cieneguilla,,,,AVENIDA,LUIS FELIPE DE LAS CASAS GRIEVE,172,,,,150109,-12.129873,-76.815494,osm_unverified,,test,tipo=Av.;num=Nro.;loc=guion;sin_tildes
OSM-n4529098041,osm_addr,Jirón César Vallejo 446,Comas,Lima,Lima,JIRON,CESAR VALLEJO,446,,,,150110,-11.912480,-77.023570,osm_unverified,,dev,addr:street y addr:housenumber de OSM
SYN-n4529098041-1,synthetic,Jr. Cesar Vallejo nro. 446 Comas,,,,JIRON,CESAR VALLEJO,446,,,,150110,-11.912480,-77.023570,osm_unverified,,dev,tipo=Jr.;num=nro.;loc=espacio;sin_tildes
SYN-n4529098041-2,synthetic,JR. Cesar Vallejo nro. 446 - Comas,,,,JIRON,CESAR VALLEJO,446,,,,150110,-11.912480,-77.023570,osm_unverified,,dev,tipo=JR.;num=nro.;loc=guion;sin_tildes
OSM-n5373910122,osm_addr,Avenida Micaela Bastidas 401,Comas,Lima,Lima,AVENIDA,MICAELA BASTIDAS,401,,,,150110,-11.931627,-77.050845,osm_unverified,,test,addr:street y addr:housenumber de OSM
SYN-n5373910122-1,synthetic,Av Micaela Bastidas Nro 401 - Comas,,Lima,,AVENIDA,MICAELA BASTIDAS,401,,,,150110,-11.931627,-77.050845,osm_unverified,,test,tipo=Av;num=Nro;loc=mixta;sin_tildes
SYN-n5373910122-2,synthetic,AV MICAELA BASTIDAS #401 - COMAS,,Lima,,AVENIDA,MICAELA BASTIDAS,401,,,,150110,-11.931627,-77.050845,osm_unverified,,test,tipo=Av;num=#;loc=mixta;mayusculas;sin_tildes
OSM-n5380455721,osm_addr,Avenida Universitaria 5941,Comas,Lima,Lima,AVENIDA,UNIVERSITARIA,5941,,,,150110,-11.958809,-77.061020,osm_unverified,,dev,addr:street y addr:housenumber de OSM
SYN-n5380455721-1,synthetic,Avenida Universitaria Nº 5941,Comas,,,AVENIDA,UNIVERSITARIA,5941,,,,150110,-11.958809,-77.061020,osm_unverified,,dev,tipo=Avenida;num=Nº;loc=campo
SYN-n5380455721-2,synthetic,"Universitaria N°5941, Comas, Lima, Lima",,,,,UNIVERSITARIA,5941,,,,150110,-11.958809,-77.061020,osm_unverified,,dev,tipo_omitido;num=N°;loc=dist_prov_dep
OSM-n5574652505,osm_addr,Avenida José de la Torre Ugarte 100,Comas,Lima,Lima,AVENIDA,JOSE DE LA TORRE UGARTE,100,,,,150110,-11.939784,-77.055107,osm_unverified,,test,addr:street y addr:housenumber de OSM
SYN-n5574652505-1,synthetic,"Avda. Jose de la Torre Ugarte N°100, Comas",,,,AVENIDA,JOSE DE LA TORRE UGARTE,100,,,,150110,-11.939784,-77.055107,osm_unverified,,test,tipo=Avda.;num=N°;loc=coma;sin_tildes
SYN-n5574652505-2,synthetic,"AV. JOSE DE LA TORRE UGARTE NRO. 100, COMAS, LIMA, LIMA",,,,AVENIDA,JOSE DE LA TORRE UGARTE,100,,,,150110,-11.939784,-77.055107,osm_unverified,,test,tipo=av.;num=nro.;loc=dist_prov_dep;mayusculas;sin_tildes
OSM-n5574652506,osm_addr,Jirón José de la Mar 345,Comas,Lima,Lima,JIRON,JOSE DE LA MAR,345,,,,150110,-11.942611,-77.054905,osm_unverified,,dev,addr:street y addr:housenumber de OSM
SYN-n5574652506-1,synthetic,JR. José de la Mar #345,Comas,,,JIRON,JOSE DE LA MAR,345,,,,150110,-11.942611,-77.054905,osm_unverified,,dev,tipo=JR.;num=#;loc=campo
SYN-n5574652506-2,synthetic,JR. JOSÉ DE LA MAR 345 COMAS,,,,JIRON,JOSE DE LA MAR,345,,,,150110,-11.942611,-77.054905,osm_unverified,,dev,tipo=Jr.;loc=espacio;mayusculas
OSM-n5574703698,osm_addr,Jirón José de la Mar 433,Comas,Lima,Lima,JIRON,JOSE DE LA MAR,433,,,,150110,-11.943608,-77.053604,osm_unverified,,dev,addr:street y addr:housenumber de OSM
SYN-n5574703698-1,synthetic,jiron josé de la mar nro 433 comas,,,,JIRON,JOSE DE LA MAR,433,,,,150110,-11.943608,-77.053604,osm_unverified,,dev,tipo=Jiron;num=Nro;loc=espacio;minusculas
SYN-n5574703698-2,synthetic,"Jirón José de la Mar 433, Comas, Lima",,,,JIRON,JOSE DE LA MAR,433,,,,150110,-11.943608,-77.053604,osm_unverified,,dev,tipo=Jirón;loc=dist_prov
OSM-n5574745293,osm_addr,Jirón Asunción 502,Comas,Lima,Lima,JIRON,ASUNCION,502,,,,150110,-11.957746,-77.055600,osm_unverified,,dev,addr:street y addr:housenumber de OSM
SYN-n5574745293-1,synthetic,jr. Asunción Nro. 502 - Comas,,,,JIRON,ASUNCION,502,,,,150110,-11.957746,-77.055600,osm_unverified,,dev,tipo=jr.;num=Nro.;loc=guion
SYN-n5574745293-2,synthetic,Jirón Asunción #502 Comas,,,,JIRON,ASUNCION,502,,,,150110,-11.957746,-77.055600,osm_unverified,,dev,tipo=Jirón;num=#;loc=espacio
OSM-n5976874180,osm_addr,Avenida Túpac Amaru 4788,Comas,Lima,Lima,AVENIDA,TUPAC AMARU,4788,,,,150110,-11.958867,-77.053192,osm_unverified,,test,addr:street y addr:housenumber de OSM
SYN-n5976874180-1,synthetic,av. Túpac Amaru 4788 - Comas,,Lima,,AVENIDA,TUPAC AMARU,4788,,,,150110,-11.958867,-77.053192,osm_unverified,,test,tipo=av.;loc=mixta
SYN-n5976874180-2,synthetic,AV. Túpac Amaru #4788,Comas,,,AVENIDA,TUPAC AMARU,4788,,,,150110,-11.958867,-77.053192,osm_unverified,,test,tipo=AV.;num=#;loc=campo
OSM-n6300332922,osm_addr,Avenida Alfredo Mendiola 7042,Comas,Lima,Lima,AVENIDA,ALFREDO MENDIOLA,7042,,,,150110,-11.939944,-77.069721,osm_unverified,,dev,addr:street y addr:housenumber de OSM
SYN-n6300332922-1,synthetic,"Avenida Alfredo Mendiola # 7042, Comas, Lima, Lima",,,,AVENIDA,ALFREDO MENDIOLA,7042,,,,150110,-11.939944,-77.069721,osm_unverified,,dev,tipo=Avenida;num=#;loc=dist_prov_dep;sin_tildes
SYN-n6300332922-2,synthetic,"AV. ALFREDO MENDIOLA 7042, COMAS, LIMA",,,,AVENIDA,ALFREDO MENDIOLA,7042,,,,150110,-11.939944,-77.069721,osm_unverified,,dev,tipo=Av.;loc=dist_prov;mayusculas
OSM-n6422042968,osm_addr,Primavera 16,Comas,Lima,Lima,,PRIMAVERA,16,,,,150110,-11.941569,-77.068805,osm_unverified,,dev,addr:street y addr:housenumber de OSM
SYN-n6422042968-1,synthetic,"PRIMAVERA NRO. 16, COMAS, LIMA",,,,,PRIMAVERA,16,,,,150110,-11.941569,-77.068805,osm_unverified,,dev,num=Nro.;loc=dist_prov;mayusculas;sin_tildes
SYN-n6422042968-2,synthetic,"Primavera # 16, Comas, Lima, Lima",,,,,PRIMAVERA,16,,,,150110,-11.941569,-77.068805,osm_unverified,,dev,num=#;loc=dist_prov_dep;sin_tildes
OSM-n9074468472,osm_addr,Santa Angelica 216,Comas,Lima,Lima,,SANTA ANGELICA,216,,,,150110,-11.948433,-77.067508,osm_unverified,,dev,addr:street y addr:housenumber de OSM
SYN-n9074468472-1,synthetic,"SANTA ANGELICA #216, COMAS, LIMA",,,,,SANTA ANGELICA,216,,,,150110,-11.948433,-77.067508,osm_unverified,,dev,num=#;loc=dist_prov;mayusculas;sin_tildes
SYN-n9074468472-2,synthetic,Sta. Angelica 216 - Comas,,Lima,,,SANTA ANGELICA,216,,,,150110,-11.948433,-77.067508,osm_unverified,,dev,titulo_abreviado;loc=mixta
OSM-w111800007,osm_addr,Avenida Guillermo de la Fuente 541,Comas,Lima,Lima,AVENIDA,GUILLERMO DE LA FUENTE,541,,,,150110,-11.943165,-77.057233,osm_unverified,,test,addr:street y addr:housenumber de OSM
SYN-w111800007-1,synthetic,av. guillermo de la fuente nro. 541 of. 502 - comas,,Lima,,AVENIDA,GUILLERMO DE LA FUENTE,541,,,,150110,-11.943165,-77.057233,osm_unverified,,test,tipo=av.;num=nro.;interior;loc=mixta;minusculas;sin_tildes
SYN-w111800007-2,synthetic,"AV.Guillermo de la Fuente nro. 541, Comas, Lima, Lima",,,,AVENIDA,GUILLERMO DE LA FUENTE,541,,,,150110,-11.943165,-77.057233,osm_unverified,,test,tipo=AV.;num=nro.;tipo_pegado;loc=dist_prov_dep
OSM-w1290166957,osm_addr,Avenida Alfredo Mendiola 8150,Comas,Lima,Lima,AVENIDA,ALFREDO MENDIOLA,8150,,,,150110,-11.927593,-77.071923,osm_unverified,,dev,addr:street y addr:housenumber de OSM
SYN-w1290166957-1,synthetic,"AVDA.ALFREDO MENDIOLA N°8150, COMAS",,,,AVENIDA,ALFREDO MENDIOLA,8150,,,,150110,-11.927593,-77.071923,osm_unverified,,dev,tipo=Avda.;num=N°;tipo_pegado;loc=coma;mayusculas
SYN-w1290166957-2,synthetic,av. Alfredo Mendiola N° 8150 - Comas,,Lima,,AVENIDA,ALFREDO MENDIOLA,8150,,,,150110,-11.927593,-77.071923,osm_unverified,,dev,tipo=av.;num=N°;loc=mixta;sin_tildes
OSM-w436605953,osm_addr,Avenida Túpac Amaru 1520,Comas,Lima,Lima,AVENIDA,TUPAC AMARU,1520,,,,150110,-11.952469,-77.050188,osm_unverified,,test,addr:street y addr:housenumber de OSM
SYN-w436605953-1,synthetic,Avenida Tupac Amaru nro. 1520 - Comas,,Lima,,AVENIDA,TUPAC AMARU,1520,,,,150110,-11.952469,-77.050188,osm_unverified,,test,tipo=Avenida;num=nro.;loc=mixta;sin_tildes
SYN-w436605953-2,synthetic,TUPAC AMARU NRO 1520 COMAS,,,,,TUPAC AMARU,1520,,,,150110,-11.952469,-77.050188,osm_unverified,,test,tipo_omitido;num=Nro;loc=espacio;mayusculas;sin_tildes
OSM-w474406314,osm_addr,Avenida Carabayllo 1476,Comas,Lima,Lima,AVENIDA,CARABAYLLO,1476,,,,150110,-11.948140,-77.054678,osm_unverified,,test,addr:street y addr:housenumber de OSM
SYN-w474406314-1,synthetic,av. carabayllo n° 1476,Comas,,,AVENIDA,CARABAYLLO,1476,,,,150110,-11.948140,-77.054678,osm_unverified,,test,tipo=av.;num=N°;loc=campo;minusculas;sin_tildes
SYN-w474406314-2,synthetic,AV. Carabayllo Nro 1476 - Comas,,Lima,,AVENIDA,CARABAYLLO,1476,,,,150110,-11.948140,-77.054678,osm_unverified,,test,tipo=AV.;num=Nro;loc=mixta;sin_tildes
OSM-w476170889,osm_addr,Avenida Ricardo Palma 550,Comas,Lima,Lima,AVENIDA,RICARDO PALMA,550,,,,150110,-11.957732,-77.050234,osm_unverified,,test,addr:street y addr:housenumber de OSM
SYN-w476170889-1,synthetic,Av.Ricardo Palma Nro 550 - Comas,,Lima,,AVENIDA,RICARDO PALMA,550,,,,150110,-11.957732,-77.050234,osm_unverified,,test,tipo=Av.;num=Nro;tipo_pegado;loc=mixta;sin_tildes
SYN-w476170889-2,synthetic,"Ricardo Palma N° 550, Comas",,,,,RICARDO PALMA,550,,,,150110,-11.957732,-77.050234,osm_unverified,,test,tipo_omitido;num=N°;loc=coma;sin_tildes
OSM-w749239827,osm_addr,Calle Pimentel 235,Comas,Lima,Lima,CALLE,PIMENTEL,235,,,,150110,-11.907866,-77.036867,osm_unverified,,dev,addr:street y addr:housenumber de OSM
SYN-w749239827-1,synthetic,Cll Pimentel #235 - Comas,,Lima,,CALLE,PIMENTEL,235,,,,150110,-11.907866,-77.036867,osm_unverified,,dev,tipo=Cll;num=#;loc=mixta;sin_tildes
SYN-w749239827-2,synthetic,PIMENTEL N° 235,Comas,,,,PIMENTEL,235,,,,150110,-11.907866,-77.036867,osm_unverified,,dev,tipo_omitido;num=N°;loc=campo;mayusculas
OSM-w819644986,osm_addr,Jirón Micaela Bastidas 1199,Comas,Lima,Lima,JIRON,MICAELA BASTIDAS,1199,,,,150110,-11.911086,-77.014697,osm_unverified,,test,addr:street y addr:housenumber de OSM
SYN-w819644986-1,synthetic,Jr Micaela Bastidas 1199 - Comas,,Lima,,JIRON,MICAELA BASTIDAS,1199,,,,150110,-11.911086,-77.014697,osm_unverified,,test,tipo=Jr;loc=mixta
SYN-w819644986-2,synthetic,JIRON MICAELA BASTIDAS NRO. 1199 COMAS,,,,JIRON,MICAELA BASTIDAS,1199,,,,150110,-11.911086,-77.014697,osm_unverified,,test,tipo=Jiron;num=Nro.;loc=espacio;mayusculas;sin_tildes
OSM-w835601932,osm_addr,Avenida Santa Rosa de Lima 304,Comas,Lima,Lima,AVENIDA,SANTA ROSA DE LIMA,304,,,,150110,-11.948749,-77.047188,osm_unverified,,dev,addr:street y addr:housenumber de OSM
SYN-w835601932-1,synthetic,Avenida Sta. Rosa de Lima 304 - Comas,,,,AVENIDA,SANTA ROSA DE LIMA,304,,,,150110,-11.948749,-77.047188,osm_unverified,,dev,titulo_abreviado;tipo=Avenida;loc=guion
SYN-w835601932-2,synthetic,AVENIDA SANTA ROSA DE LIMA N°304 COMAS,,,,AVENIDA,SANTA ROSA DE LIMA,304,,,,150110,-11.948749,-77.047188,osm_unverified,,dev,tipo=Avenida;num=N°;loc=espacio;mayusculas;sin_tildes
OSM-w925010250,osm_addr,Avenida Victor Andres Belaunde Oeste 1303,Comas,Lima,Lima,AVENIDA,VICTOR ANDRES BELAUNDE OESTE,1303,,,,150110,-11.933228,-77.060997,osm_unverified,,test,addr:street y addr:housenumber de OSM
SYN-w925010250-1,synthetic,av. Victor Andres Belaunde Oeste 1303,Comas,,,AVENIDA,VICTOR ANDRES BELAUNDE OESTE,1303,,,,150110,-11.933228,-77.060997,osm_unverified,,test,tipo=av.;loc=campo
SYN-w925010250-2,synthetic,"AV VICTOR ANDRES BELAUNDE OESTE N°1303, COMAS, LIMA, LIMA",,,,AVENIDA,VICTOR ANDRES BELAUNDE OESTE,1303,,,,150110,-11.933228,-77.060997,osm_unverified,,test,tipo=Av;num=N°;loc=dist_prov_dep;mayusculas;sin_tildes
OSM-n10174761557,osm_addr,Avenida José Carlos Mariátegui 1199,El Agustino,Lima,Lima,AVENIDA,JOSE CARLOS MARIATEGUI,1199,,,,150111,-12.034713,-76.997458,osm_unverified,,dev,addr:street y addr:housenumber de OSM
SYN-n10174761557-1,synthetic,José Carlos Mariátegui N° 1199,El Agustino,,,,JOSE CARLOS MARIATEGUI,1199,,,,150111,-12.034713,-76.997458,osm_unverified,,dev,tipo_omitido;num=N°;loc=campo
SYN-n10174761557-2,synthetic,"av. José Carlos Mariátegui # 1199, El Agustino, Lima, Lima",,,,AVENIDA,JOSE CARLOS MARIATEGUI,1199,,,,150111,-12.034713,-76.997458,osm_unverified,,dev,tipo=av.;num=#;loc=dist_prov_dep
OSM-n13402111183,osm_addr,Avenida Independencia 1797,El Agustino,Lima,Lima,AVENIDA,INDEPENDENCIA,1797,,,,150111,-12.030554,-76.992860,osm_unverified,,dev,addr:street y addr:housenumber de OSM
SYN-n13402111183-1,synthetic,"Avenida Independencia nro. 1797, El Agustino",,,,AVENIDA,INDEPENDENCIA,1797,,,,150111,-12.030554,-76.992860,osm_unverified,,dev,tipo=Avenida;num=nro.;loc=coma;sin_tildes
SYN-n13402111183-2,synthetic,AV. INDEPENDENCIA #1797 EL AGUSTINO,,,,AVENIDA,INDEPENDENCIA,1797,,,,150111,-12.030554,-76.992860,osm_unverified,,dev,tipo=av.;num=#;loc=espacio;mayusculas
OSM-n3649762007,osm_addr,Jirón Áncash 15006,El Agustino,Lima,Lima,JIRON,ANCASH,15006,,,,150111,-12.040555,-77.001277,osm_unverified,,dev,addr:street y addr:housenumber de OSM
SYN-n3649762007-1,synthetic,jr. Ancash nro. 15006 El Agustino,,,,JIRON,ANCASH,15006,,,,150111,-12.040555,-77.001277,osm_unverified,,dev,tipo=jr.;num=nro.;loc=espacio;sin_tildes
SYN-n3649762007-2,synthetic,JR.Áncash N°15006,El Agustino,,,JIRON,ANCASH,15006,,,,150111,-12.040555,-77.001277,osm_unverified,,dev,tipo=JR.;num=N°;tipo_pegado;loc=campo
OSM-n4317721390,osm_addr,Rio Blanco 139,El Agustino,Lima,Lima,,RIO BLANCO,139,,,,150111,-12.036494,-76.987306,osm_unverified,,dev,addr:street y addr:housenumber de OSM
SYN-n4317721390-1,synthetic,"RIO BLANCO Nº 139, EL AGUSTINO, LIMA",,,,,RIO BLANCO,139,,,,150111,-12.036494,-76.987306,osm_unverified,,dev,num=Nº;loc=dist_prov;mayusculas;sin_tildes
SYN-n4317721390-2,synthetic,Rio Blanco #139 Dpto. 201 El Agustino,,,,,RIO BLANCO,139,,,,150111,-12.036494,-76.987306,osm_unverified,,dev,num=#;interior;loc=espacio;sin_tildes
OSM-n4408313591,osm_addr,Jirón Áncash 1600,El Agustino,Lima,Lima,JIRON,ANCASH,1600,,,,150111,-12.043881,-77.010708,osm_unverified,,dev,addr:street y addr:housenumber de OSM
SYN-n4408313591-1,synthetic,JR. Ancash # 1600 - El Agustino,,,,JIRON,ANCASH,1600,,,,150111,-12.043881,-77.010708,osm_unverified,,dev,tipo=JR.;num=#;loc=guion;sin_tildes
SYN-n4408313591-2,synthetic,"Jiron Ancash Nro. 1600, El Agustino, Lima",,,,JIRON,ANCASH,1600,,,,150111,-12.043881,-77.010708,osm_unverified,,dev,tipo=Jiron;num=Nro.;loc=dist_prov;sin_tildes
OSM-n4408961360,osm_addr,Pativilca 100,El Agustino,Lima,Lima,,PATIVILCA,100,,,,150111,-12.050997,-77.010516,osm_unverified,,dev,addr:street y addr:housenumber de OSM
SYN-n4408961360-1,synthetic,pativilca n° 100,El Agustino,,,,PATIVILCA,100,,,,150111,-12.050997,-77.010516,osm_unverified,,dev,num=N°;loc=campo;minusculas;sin_tildes
SYN-n4408961360-2,synthetic,PATIVILCA NRO. 100 - EL AGUSTINO,,,,,PATIVILCA,100,,,,150111,-12.050997,-77.010516,osm_unverified,,dev,num=Nro.;loc=guion;mayusculas
OSM-n4408980415,osm_addr,Jirón José Rivera y Dávalos 300,El Agustino,Lima,Lima,JIRON,JOSE RIVERA Y DAVALOS,300,,,,150111,-12.044040,-77.010693,osm_unverified,,dev,addr:street y addr:housenumber de OSM
SYN-n4408980415-1,synthetic,JR JOSE RIVERA Y DAVALOS NRO. 300 - EL AGUSTINO,,Lima,,JIRON,JOSE RIVERA Y DAVALOS,300,,,,150111,-12.044040,-77.010693,osm_unverified,,dev,tipo=Jr;num=nro.;loc=mixta;mayusculas;sin_tildes
SYN-n4408980415-2,synthetic,"jr. jose rivera y davalos nro 300, el agustino, lima",,,,JIRON,JOSE RIVERA Y DAVALOS,300,,,,150111,-12.044040,-77.010693,osm_unverified,,dev,tipo=jr.;num=Nro;loc=dist_prov;minusculas;sin_tildes
OSM-n4408980419,osm_addr,Jirón José Rivera y Dávalos 499,El Agustino,Lima,Lima,JIRON,JOSE RIVERA Y DAVALOS,499,,,,150111,-12.045787,-77.010728,osm_unverified,,dev,addr:street y addr:housenumber de OSM
SYN-n4408980419-1,synthetic,"Jirón José Rivera y Dávalos 499, El Agustino",,,,JIRON,JOSE RIVERA Y DAVALOS,499,,,,150111,-12.045787,-77.010728,osm_unverified,,dev,tipo=Jirón;loc=coma
SYN-n4408980419-2,synthetic,"jose rivera y davalos #499 dpto. 201, el agustino",,,,,JOSE RIVERA Y DAVALOS,499,,,,150111,-12.045787,-77.010728,osm_unverified,,dev,tipo_omitido;num=#;interior;loc=coma;minusculas;sin_tildes
OSM-n4408980424,osm_addr,República 600,El Agustino,Lima,Lima,,REPUBLICA,600,,,,150111,-12.049716,-77.011068,osm_unverified,,test,addr:street y addr:housenumber de OSM
SYN-n4408980424-1,synthetic,"Republica 600, El Agustino, Lima, Lima",,,,,REPUBLICA,600,,,,150111,-12.049716,-77.011068,osm_unverified,,test,loc=dist_prov_dep;sin_tildes
SYN-n4408980424-2,synthetic,REPUBLICA NRO. 600 EL AGUSTINO,,,,,REPUBLICA,600,,,,150111,-12.049716,-77.011068,osm_unverified,,test,num=Nro.;loc=espacio;mayusculas;sin_tildes
OSM-n4408980427,osm_addr,República 699,El Agustino,Lima,Lima,,REPUBLICA,699,,,,150111,-12.050002,-77.009762,osm_unverified,,test,addr:street y addr:housenumber de OSM
SYN-n4408980427-1,synthetic,"REPÚBLICA N° 699 OF. 502, EL AGUSTINO, LIMA, LIMA",,,,,REPUBLICA,699,,,,150111,-12.050002,-77.009762,osm_unverified,,test,num=N°;interior;loc=dist_prov_dep;mayusculas
SYN-n4408980427-2,synthetic,Republica Nro. 699 - El Agustino,,,,,REPUBLICA,699,,,,150111,-12.050002,-77.009762,osm_unverified,,test,num=Nro.;loc=guion;sin_tildes
OSM-n5222547030,osm_addr,1 de Mayo 125,El Agustino,Lima,Lima,,1 DE MAYO,125,,,,150111,-12.057786,-76.975564,osm_unverified,,dev,addr:street y addr:housenumber de OSM
SYN-n5222547030-1,synthetic,1 de Mayo N°125 - El Agustino,,,,,1 DE MAYO,125,,,,150111,-12.057786,-76.975564,osm_unverified,,dev,num=N°;loc=guion
SYN-n5222547030-2,synthetic,1 de Mayo # 125,El Agustino,,,,1 DE MAYO,125,,,,150111,-12.057786,-76.975564,osm_unverified,,dev,num=#;loc=campo
OSM-n5266969723,osm_addr,Jirón Los Algarrobos 193,El Agustino,Lima,Lima,JIRON,LOS ALGARROBOS,193,,,,150111,-12.039155,-76.997221,osm_unverified,,dev,addr:street y addr:housenumber de OSM
SYN-n5266969723-1,synthetic,"JIRON LOS ALGARROBOS N° 193, EL AGUSTINO, LIMA",,,,JIRON,LOS ALGARROBOS,193,,,,150111,-12.039155,-76.997221,osm_unverified,,dev,tipo=Jiron;num=N°;loc=dist_prov;mayusculas;sin_tildes
SYN-n5266969723-2,synthetic,Jr. Los Algarrobos N° 193 El Agustino,,,,JIRON,LOS ALGARROBOS,193,,,,150111,-12.039155,-76.997221,osm_unverified,,dev,tipo=Jr.;num=N°;loc=espacio;sin_tildes
OSM-n5266995521,osm_addr,Avenida José Carlos Mariátegui 2415,El Agustino,Lima,Lima,AVENIDA,JOSE CARLOS MARIATEGUI,2415,,,,150111,-12.032203,-76.996723,osm_unverified,,dev,addr:street y addr:housenumber de OSM
SYN-n5266995521-1,synthetic,"AV JOSÉ CARLOS MARIÁTEGUI NRO 2415, EL AGUSTINO",,,,AVENIDA,JOSE CARLOS MARIATEGUI,2415,,,,150111,-12.032203,-76.996723,osm_unverified,,dev,tipo=Av;num=Nro;loc=coma;mayusculas
SYN-n5266995521-2,synthetic,av.José Carlos Mariátegui #2415 - El Agustino,,Lima,,AVENIDA,JOSE CARLOS MARIATEGUI,2415,,,,150111,-12.032203,-76.996723,osm_unverified,,dev,tipo=av.;num=#;tipo_pegado;loc=mixta
OSM-n5597016782,osm_addr,Calle Las Gaviotas 274,El Agustino,Lima,Lima,CALLE,LAS GAVIOTAS,274,,,,150111,-12.032000,-76.999500,osm_unverified,,dev,addr:street y addr:housenumber de OSM
SYN-n5597016782-1,synthetic,"calle Las Gaviotas nro. 274, El Agustino, Lima, Lima",,,,CALLE,LAS GAVIOTAS,274,,,,150111,-12.032000,-76.999500,osm_unverified,,dev,tipo=calle;num=nro.;loc=dist_prov_dep
SYN-n5597016782-2,synthetic,Clle.Las Gaviotas Nº 274,El Agustino,,,CALLE,LAS GAVIOTAS,274,,,,150111,-12.032000,-76.999500,osm_unverified,,dev,tipo=Clle.;num=Nº;tipo_pegado;loc=campo;sin_tildes
OSM-n5597016786,osm_addr,Las Esmeraldas 940,El Agustino,Lima,Lima,,LAS ESMERALDAS,940,,,,150111,-12.030689,-76.998508,osm_unverified,,test,addr:street y addr:housenumber de OSM
SYN-n5597016786-1,synthetic,"Las Esmeraldas nro. 940 Piso 2, El Agustino, Lima, Lima",,,,,LAS ESMERALDAS,940,,,,150111,-12.030689,-76.998508,osm_unverified,,test,num=nro.;interior;loc=dist_prov_dep
SYN-n5597016786-2,synthetic,LAS ESMERALDAS Nº 940 - EL AGUSTINO,,Lima,,,LAS ESMERALDAS,940,,,,150111,-12.030689,-76.998508,osm_unverified,,test,num=Nº;loc=mixta;mayusculas
OSM-n6242829346,osm_addr,Las Amatistas 663,El Agustino,Lima,Lima,,LAS AMATISTAS,663,,,,150111,-12.034845,-77.007629,osm_unverified,,dev,addr:street y addr:housenumber de OSM
SYN-n6242829346-1,synthetic,"Las Amatistas 663, El Agustino",,,,,LAS AMATISTAS,663,,,,150111,-12.034845,-77.007629,osm_unverified,,dev,loc=coma;sin_tildes
SYN-n6242829346-2,synthetic,"Las Amatistas nro. 663, El Agustino, Lima, Lima",,,,,LAS AMATISTAS,663,,,,150111,-12.034845,-77.007629,osm_unverified,,dev,num=nro.;loc=dist_prov_dep;sin_tildes
OSM-n7985748012,osm_addr,25 de Abril 680,El Agustino,Lima,Lima,,25 DE ABRIL,680,,,,150111,-12.055006,-77.000850,osm_unverified,,dev,addr:street y addr:housenumber de OSM
SYN-n7985748012-1,synthetic,25 de Abril N° 680 El Agustino,,,,,25 DE ABRIL,680,,,,150111,-12.055006,-77.000850,osm_unverified,,dev,num=N°;loc=espacio;sin_tildes
SYN-n7985748012-2,synthetic,25 DE ABRIL # 680 - EL AGUSTINO,,,,,25 DE ABRIL,680,,,,150111,-12.055006,-77.000850,osm_unverified,,dev,num=#;loc=guion;mayusculas
OSM-n8365241085,osm_addr,Calle Los Rubies 266,El Agustino,Lima,Lima,CALLE,LOS RUBIES,266,,,,150111,-12.032444,-77.001609,osm_unverified,,dev,addr:street y addr:housenumber de OSM
SYN-n8365241085-1,synthetic,cll los rubies nº 266 - el agustino,,Lima,,CALLE,LOS RUBIES,266,,,,150111,-12.032444,-77.001609,osm_unverified,,dev,tipo=Cll;num=Nº;loc=mixta;minusculas;sin_tildes
SYN-n8365241085-2,synthetic,ca.los rubies 266 el agustino,,,,CALLE,LOS RUBIES,266,,,,150111,-12.032444,-77.001609,osm_unverified,,dev,tipo=Ca.;tipo_pegado;loc=espacio;minusculas
OSM-n9275173704,osm_addr,Jirón Chiquian 2867,El Agustino,Lima,Lima,JIRON,CHIQUIAN,2867,,,,150111,-12.045543,-77.001069,osm_unverified,,test,addr:street y addr:housenumber de OSM
SYN-n9275173704-1,synthetic,"JR CHIQUIAN NRO. 2867, EL AGUSTINO, LIMA, LIMA",,,,JIRON,CHIQUIAN,2867,,,,150111,-12.045543,-77.001069,osm_unverified,,test,tipo=Jr;num=Nro.;loc=dist_prov_dep;mayusculas
SYN-n9275173704-2,synthetic,"Chiquian 2867 Int. 3, El Agustino, Lima, Lima",,,,,CHIQUIAN,2867,,,,150111,-12.045543,-77.001069,osm_unverified,,test,tipo_omitido;interior;loc=dist_prov_dep
OSM-n9826164192,osm_addr,Calle Fatima 173,El Agustino,Lima,Lima,CALLE,FATIMA,173,,,,150111,-12.046617,-77.001188,osm_unverified,,test,addr:street y addr:housenumber de OSM
SYN-n9826164192-1,synthetic,Ca. Fatima nro. 173,El Agustino,,,CALLE,FATIMA,173,,,,150111,-12.046617,-77.001188,osm_unverified,,test,tipo=Ca.;num=nro.;loc=campo;sin_tildes
SYN-n9826164192-2,synthetic,Fatima Nro 173 - El Agustino,,Lima,,,FATIMA,173,,,,150111,-12.046617,-77.001188,osm_unverified,,test,tipo_omitido;num=Nro;loc=mixta;sin_tildes
OSM-n10014394547,osm_addr,Avenida 16 de Marzo 220,Independencia,Lima,Lima,AVENIDA,16 DE MARZO,220,,,,150112,-12.006536,-77.051971,osm_unverified,,dev,addr:street y addr:housenumber de OSM
SYN-n10014394547-1,synthetic,"16 DE MARZO NRO. 220, INDEPENDENCIA, LIMA",,,,,16 DE MARZO,220,,,,150112,-12.006536,-77.051971,osm_unverified,,dev,tipo_omitido;num=nro.;loc=dist_prov;mayusculas
SYN-n10014394547-2,synthetic,av 16 de marzo nº 220 independencia,,,,AVENIDA,16 DE MARZO,220,,,,150112,-12.006536,-77.051971,osm_unverified,,dev,tipo=Av;num=Nº;loc=espacio;minusculas
OSM-n10014394550,osm_addr,Avenida 16 de Marzo 210,Independencia,Lima,Lima,AVENIDA,16 DE MARZO,210,,,,150112,-12.006579,-77.052152,osm_unverified,,dev,addr:street y addr:housenumber de OSM
SYN-n10014394550-1,synthetic,"AV 16 DE MARZO 210, INDEPENDENCIA",,,,AVENIDA,16 DE MARZO,210,,,,150112,-12.006579,-77.052152,osm_unverified,,dev,tipo=Av;loc=coma;mayusculas
SYN-n10014394550-2,synthetic,"av. 16 de Marzo N°210, Independencia",,,,AVENIDA,16 DE MARZO,210,,,,150112,-12.006579,-77.052152,osm_unverified,,dev,tipo=av.;num=N°;loc=coma;sin_tildes
OSM-n10026200471,osm_addr,Avenida Túpac Amaru 120,Independencia,Lima,Lima,AVENIDA,TUPAC AMARU,120,,,,150112,-12.007777,-77.053406,osm_unverified,,dev,addr:street y addr:housenumber de OSM
SYN-n10026200471-1,synthetic,"Av.Túpac Amaru N° 120, Independencia, Lima",,,,AVENIDA,TUPAC AMARU,120,,,,150112,-12.007777,-77.053406,osm_unverified,,dev,tipo=Av.;num=N°;tipo_pegado;loc=dist_prov
SYN-n10026200471-2,synthetic,"av. Túpac Amaru N°120, Independencia, Lima, Lima",,,,AVENIDA,TUPAC AMARU,120,,,,150112,-12.007777,-77.053406,osm_unverified,,dev,tipo=av.;num=N°;loc=dist_prov_dep
OSM-n10030951643,osm_addr,Calle Las Casuarinas 196,Independencia,Lima,Lima,CALLE,LAS CASUARINAS,196,,,,150112,-12.007907,-77.052344,osm_unverified,,test,addr:street y addr:housenumber de OSM
SYN-n10030951643-1,synthetic,"CALLE LAS CASUARINAS #196, INDEPENDENCIA, LIMA",,,,CALLE,LAS CASUARINAS,196,,,,150112,-12.007907,-77.052344,osm_unverified,,test,tipo=calle;num=#;loc=dist_prov;mayusculas;sin_tildes
SYN-n10030951643-2,synthetic,"calle las casuarinas n° 196, independencia, lima, lima",,,,CALLE,LAS CASUARINAS,196,,,,150112,-12.007907,-77.052344,osm_unverified,,test,tipo=calle;num=N°;loc=dist_prov_dep;minusculas;sin_tildes
OSM-n10044177064,osm_addr,Avenida Los Ficus 364,Independencia,Lima,Lima,AVENIDA,LOS FICUS,364,,,,150112,-12.005684,-77.052646,osm_unverified,,dev,addr:street y addr:housenumber de OSM
SYN-n10044177064-1,synthetic,Los Ficus 364,Independencia,,,,LOS FICUS,364,,,,150112,-12.005684,-77.052646,osm_unverified,,dev,tipo_omitido;loc=campo;sin_tildes
SYN-n10044177064-2,synthetic,"Avda.Los Ficus 364, Independencia",,,,AVENIDA,LOS FICUS,364,,,,150112,-12.005684,-77.052646,osm_unverified,,dev,tipo=Avda.;tipo_pegado;loc=coma
OSM-n10044177066,osm_addr,Avenida Los Ficus 314,Independencia,Lima,Lima,AVENIDA,LOS FICUS,314,,,,150112,-12.005911,-77.052607,osm_unverified,,dev,addr:street y addr:housenumber de OSM
SYN-n10044177066-1,synthetic,"Av. Los Ficus 314, Independencia, Lima",,,,AVENIDA,LOS FICUS,314,,,,150112,-12.005911,-77.052607,osm_unverified,,dev,tipo=Av.;loc=dist_prov
SYN-n10044177066-2,synthetic,AV. Los Ficus Nro 314 - Independencia,,,,AVENIDA,LOS FICUS,314,,,,150112,-12.005911,-77.052607,osm_unverified,,dev,tipo=AV.;num=Nro;loc=guion;sin_tildes
OSM-n5576323761,osm_addr,Calle Las Tunas 373,Independencia,Lima,Lima,CALLE,LAS TUNAS,373,,,,150112,-11.985539,-77.062009,osm_unverified,,dev,addr:street y addr:housenumber de OSM
SYN-n5576323761-1,synthetic,Cl. Las Tunas Nº 373 Int. 3 - Independencia,,Lima,,CALLE,LAS TUNAS,373,,,,150112,-11.985539,-77.062009,osm_unverified,,dev,tipo=Cl.;num=Nº;interior;loc=mixta;sin_tildes
SYN-n5576323761-2,synthetic,CLL LAS TUNAS NRO. 373,Independencia,,,CALLE,LAS TUNAS,373,,,,150112,-11.985539,-77.062009,osm_unverified,,dev,tipo=Cll;num=nro.;loc=campo;mayusculas
OSM-n5576323764,osm_addr,Las Peras 262,Independencia,Lima,Lima,,LAS PERAS,262,,,,150112,-11.982200,-77.060600,osm_unverified,,test,addr:street y addr:housenumber de OSM
SYN-n5576323764-1,synthetic,Las Peras # 262 - Independencia,,Lima,,,LAS PERAS,262,,,,150112,-11.982200,-77.060600,osm_unverified,,test,num=#;loc=mixta
SYN-n5576323764-2,synthetic,"LAS PERAS #262, INDEPENDENCIA, LIMA, LIMA",,,,,LAS PERAS,262,,,,150112,-11.982200,-77.060600,osm_unverified,,test,num=#;loc=dist_prov_dep;mayusculas
OSM-n5576323772,osm_addr,Jirón Los Ruibares 303,Independencia,Lima,Lima,JIRON,LOS RUIBARES,303,,,,150112,-11.982804,-77.061392,osm_unverified,,dev,addr:street y addr:housenumber de OSM
SYN-n5576323772-1,synthetic,jr. Los Ruibares #303,Independencia,,,JIRON,LOS RUIBARES,303,,,,150112,-11.982804,-77.061392,osm_unverified,,dev,tipo=jr.;num=#;loc=campo;sin_tildes
SYN-n5576323772-2,synthetic,Jiron Los Ruibares # 303 - Independencia,,,,JIRON,LOS RUIBARES,303,,,,150112,-11.982804,-77.061392,osm_unverified,,dev,tipo=Jirón;num=#;loc=guion;sin_tildes
OSM-n5576323775,osm_addr,Los Maracuyas 4254,Independencia,Lima,Lima,,LOS MARACUYAS,4254,,,,150112,-11.984113,-77.061003,osm_unverified,,dev,addr:street y addr:housenumber de OSM
SYN-n5576323775-1,synthetic,"Los Maracuyas # 4254, Independencia",,,,,LOS MARACUYAS,4254,,,,150112,-11.984113,-77.061003,osm_unverified,,dev,num=#;loc=coma
SYN-n5576323775-2,synthetic,"Los Maracuyas Nº 4254, Independencia, Lima",,,,,LOS MARACUYAS,4254,,,,150112,-11.984113,-77.061003,osm_unverified,,dev,num=Nº;loc=dist_prov
OSM-n5874319638,osm_addr,Calle Sur 131A,Independencia,Lima,Lima,CALLE,SUR,131A,,,,150112,-12.006362,-77.058230,osm_unverified,,dev,addr:street y addr:housenumber de OSM
SYN-n5874319638-1,synthetic,Clle. Sur 131 A,Independencia,,,CALLE,SUR,131A,,,,150112,-12.006362,-77.058230,osm_unverified,,dev,tipo=Clle.;loc=campo;sin_tildes
SYN-n5874319638-2,synthetic,"Cll Sur 131-A, Independencia, Lima, Lima",,,,CALLE,SUR,131A,,,,150112,-12.006362,-77.058230,osm_unverified,,dev,tipo=Cll;loc=dist_prov_dep;sin_tildes
OSM-n6993867864,osm_addr,Mayta Capac 115,Independencia,Lima,Lima,,MAYTA CAPAC,115,,,,150112,-11.984498,-77.056995,osm_unverified,,test,addr:street y addr:housenumber de OSM
SYN-n6993867864-1,synthetic,"Mayta Capac Nro. 115 Int 4B, Independencia, Lima",,,,,MAYTA CAPAC,115,,,,150112,-11.984498,-77.056995,osm_unverified,,test,num=Nro.;interior;loc=dist_prov
SYN-n6993867864-2,synthetic,"Mayta Capac N°115, Independencia, Lima",,,,,MAYTA CAPAC,115,,,,150112,-11.984498,-77.056995,osm_unverified,,test,num=N°;loc=dist_prov;sin_tildes
OSM-w1007641578,osm_addr,Calle Los Andes 510,Independencia,Lima,Lima,CALLE,LOS ANDES,510,,,,150112,-11.990879,-77.062259,osm_unverified,,dev,addr:street y addr:housenumber de OSM
SYN-w1007641578-1,synthetic,Calle Los Andes nro. 510 - Independencia,,,,CALLE,LOS ANDES,510,,,,150112,-11.990879,-77.062259,osm_unverified,,dev,tipo=Calle;num=nro.;loc=guion;sin_tildes
SYN-w1007641578-2,synthetic,"Clle. Los Andes N°510, Independencia",,,,CALLE,LOS ANDES,510,,,,150112,-11.990879,-77.062259,osm_unverified,,dev,tipo=Clle.;num=N°;loc=coma
OSM-w1395137945,osm_addr,Avenida Industrial 3113,Independencia,Lima,Lima,AVENIDA,INDUSTRIAL,3113,,,,150112,-12.001466,-77.058173,osm_unverified,,dev,addr:street y addr:housenumber de OSM
SYN-w1395137945-1,synthetic,"Av Industrial 3113, Independencia, Lima",,,,AVENIDA,INDUSTRIAL,3113,,,,150112,-12.001466,-77.058173,osm_unverified,,dev,tipo=Av;loc=dist_prov
SYN-w1395137945-2,synthetic,"Avda. Industrial Nº 3113, Independencia, Lima",,,,AVENIDA,INDUSTRIAL,3113,,,,150112,-12.001466,-77.058173,osm_unverified,,dev,tipo=Avda.;num=Nº;loc=dist_prov;sin_tildes
OSM-w1395137946,osm_addr,Luis Sanchez Cerro 295,Independencia,Lima,Lima,,LUIS SANCHEZ CERRO,295,,,,150112,-12.004500,-77.057472,osm_unverified,,dev,addr:street y addr:housenumber de OSM
SYN-w1395137946-1,synthetic,"LUIS SANCHEZ CERRO N° 295, INDEPENDENCIA",,,,,LUIS SANCHEZ CERRO,295,,,,150112,-12.004500,-77.057472,osm_unverified,,dev,num=N°;loc=coma;mayusculas
SYN-w1395137946-2,synthetic,"Luis Sanchez Cerro 295, Independencia, Lima, Lima",,,,,LUIS SANCHEZ CERRO,295,,,,150112,-12.004500,-77.057472,osm_unverified,,dev,loc=dist_prov_dep
OSM-w1463842630,osm_addr,Avenida Carlos Alberto Izaguirre 205,Independencia,Lima,Lima,AVENIDA,CARLOS ALBERTO IZAGUIRRE,205,,,,150112,-11.989961,-77.060097,osm_unverified,,test,addr:street y addr:housenumber de OSM
SYN-w1463842630-1,synthetic,"AV. CARLOS ALBERTO IZAGUIRRE N° 205, INDEPENDENCIA",,,,AVENIDA,CARLOS ALBERTO IZAGUIRRE,205,,,,150112,-11.989961,-77.060097,osm_unverified,,test,tipo=AV.;num=N°;loc=coma;mayusculas
SYN-w1463842630-2,synthetic,"Av Carlos Alberto Izaguirre # 205, Independencia",,,,AVENIDA,CARLOS ALBERTO IZAGUIRRE,205,,,,150112,-11.989961,-77.060097,osm_unverified,,test,tipo=Av;num=#;loc=coma;sin_tildes
OSM-w439818640,osm_addr,Avenida Carlos Alberto Izaguirre 220,Independencia,Lima,Lima,AVENIDA,CARLOS ALBERTO IZAGUIRRE,220,,,,150112,-11.989508,-77.061911,osm_unverified,,test,addr:street y addr:housenumber de OSM
SYN-w439818640-1,synthetic,AV CARLOS ALBERTO IZAGUIRRE #220,Independencia,,,AVENIDA,CARLOS ALBERTO IZAGUIRRE,220,,,,150112,-11.989508,-77.061911,osm_unverified,,test,tipo=Av;num=#;loc=campo;mayusculas;sin_tildes
SYN-w439818640-2,synthetic,AV. CARLOS ALBERTO IZAGUIRRE 220,Independencia,,,AVENIDA,CARLOS ALBERTO IZAGUIRRE,220,,,,150112,-11.989508,-77.061911,osm_unverified,,test,tipo=av.;loc=campo;mayusculas;sin_tildes
OSM-w807596706,osm_addr,Las Violetas 188,Independencia,Lima,Lima,,LAS VIOLETAS,188,,,,150112,-12.006446,-77.053701,osm_unverified,,dev,addr:street y addr:housenumber de OSM
SYN-w807596706-1,synthetic,"LAS VIOLETAS NRO. 188, INDEPENDENCIA, LIMA, LIMA",,,,,LAS VIOLETAS,188,,,,150112,-12.006446,-77.053701,osm_unverified,,dev,num=Nro.;loc=dist_prov_dep;mayusculas
SYN-w807596706-2,synthetic,Las Violetas Nro. 188,Independencia,,,,LAS VIOLETAS,188,,,,150112,-12.006446,-77.053701,osm_unverified,,dev,num=Nro.;loc=campo
OSM-w807596712,osm_addr,Avenida Las Violetas 248,Independencia,Lima,Lima,AVENIDA,LAS VIOLETAS,248,,,,150112,-12.005696,-77.053806,osm_unverified,,dev,addr:street y addr:housenumber de OSM
SYN-w807596712-1,synthetic,av. las violetas # 248 independencia,,,,AVENIDA,LAS VIOLETAS,248,,,,150112,-12.005696,-77.053806,osm_unverified,,dev,tipo=av.;num=#;loc=espacio;minusculas
SYN-w807596712-2,synthetic,AV.Las Violetas Nº 248 - Independencia,,,,AVENIDA,LAS VIOLETAS,248,,,,150112,-12.005696,-77.053806,osm_unverified,,dev,tipo=AV.;num=Nº;tipo_pegado;loc=guion;sin_tildes
OSM-w835540643,osm_addr,Jirón Tungasuca 224,Independencia,Lima,Lima,JIRON,TUNGASUCA,224,,,,150112,-11.975100,-77.049088,osm_unverified,,test,addr:street y addr:housenumber de OSM
SYN-w835540643-1,synthetic,JR TUNGASUCA N° 224 INDEPENDENCIA,,,,JIRON,TUNGASUCA,224,,,,150112,-11.975100,-77.049088,osm_unverified,,test,tipo=Jr;num=N°;loc=espacio;mayusculas
SYN-w835540643-2,synthetic,"Jr Tungasuca 224, Independencia, Lima",,,,JIRON,TUNGASUCA,224,,,,150112,-11.975100,-77.049088,osm_unverified,,test,tipo=Jr;loc=dist_prov;sin_tildes
OSM-n1653261682,osm_addr,Jirón Huascar 1601,Jesús María,Lima,Lima,JIRON,HUASCAR,1601,,,,150113,-12.078251,-77.047981,osm_unverified,,test,addr:street y addr:housenumber de OSM
SYN-n1653261682-1,synthetic,Jr Huascar N°1601,Jesus Maria,,,JIRON,HUASCAR,1601,,,,150113,-12.078251,-77.047981,osm_unverified,,test,tipo=Jr;num=N°;loc=campo;sin_tildes
SYN-n1653261682-2,synthetic,"JR HUASCAR N° 1601, JESÚS MARÍA, LIMA",,,,JIRON,HUASCAR,1601,,,,150113,-12.078251,-77.047981,osm_unverified,,test,tipo=Jr;num=N°;loc=dist_prov;mayusculas
OSM-n1653261684,osm_addr,Jirón Lloque Yupanqui 1799,Jesús María,Lima,Lima,JIRON,LLOQUE YUPANQUI,1799,,,,150113,-12.079223,-77.047584,osm_unverified,,test,addr:street y addr:housenumber de OSM
SYN-n1653261684-1,synthetic,"Jr Lloque Yupanqui Nº 1799, Jesus Maria",,,,JIRON,LLOQUE YUPANQUI,1799,,,,150113,-12.079223,-77.047584,osm_unverified,,test,tipo=Jr;num=Nº;loc=coma;sin_tildes
SYN-n1653261684-2,synthetic,"Jr.Lloque Yupanqui 1799, Jesús María, Lima",,,,JIRON,LLOQUE YUPANQUI,1799,,,,150113,-12.079223,-77.047584,osm_unverified,,test,tipo=Jr.;tipo_pegado;loc=dist_prov
OSM-n1653261686,osm_addr,Avenida Húsares de Junín 1099,Jesús María,Lima,Lima,AVENIDA,HUSARES DE JUNIN,1099,,,,150113,-12.079494,-77.045758,osm_unverified,,test,addr:street y addr:housenumber de OSM
SYN-n1653261686-1,synthetic,Av. Húsares de Junín N°1099 - Jesús María,,,,AVENIDA,HUSARES DE JUNIN,1099,,,,150113,-12.079494,-77.045758,osm_unverified,,test,tipo=Av.;num=N°;loc=guion
SYN-n1653261686-2,synthetic,AVDA. HUSARES DE JUNIN Nº 1099 JESUS MARIA,,,,AVENIDA,HUSARES DE JUNIN,1099,,,,150113,-12.079494,-77.045758,osm_unverified,,test,tipo=Avda.;num=Nº;loc=espacio;mayusculas;sin_tildes
OSM-n1653261687,osm_addr,Jirón Huascar 1799,Jesús María,Lima,Lima,JIRON,HUASCAR,1799,,,,150113,-12.079869,-77.049324,osm_unverified,,test,addr:street y addr:housenumber de OSM
SYN-n1653261687-1,synthetic,Jiron Huascar 1799 - Jesus Maria,,Lima,,JIRON,HUASCAR,1799,,,,150113,-12.079869,-77.049324,osm_unverified,,test,tipo=Jirón;loc=mixta;sin_tildes
SYN-n1653261687-2,synthetic,JIRON HUASCAR NRO 1799 - JESUS MARIA,,Lima,,JIRON,HUASCAR,1799,,,,150113,-12.079869,-77.049324,osm_unverified,,test,tipo=Jirón;num=Nro;loc=mixta;mayusculas;sin_tildes
OSM-n1653428702,osm_addr,Jirón Huiracocha 1799,Jesús María,Lima,Lima,JIRON,HUIRACOCHA,1799,,,,150113,-12.080460,-77.050871,osm_unverified,,dev,addr:street y addr:housenumber de OSM
SYN-n1653428702-1,synthetic,"Jirón Huiracocha # 1799, Jesús María",,,,JIRON,HUIRACOCHA,1799,,,,150113,-12.080460,-77.050871,osm_unverified,,dev,tipo=Jirón;num=#;loc=coma
SYN-n1653428702-2,synthetic,"JIRÓN HUIRACOCHA 1799 DPTO 1203, JESÚS MARÍA, LIMA, LIMA",,,,JIRON,HUIRACOCHA,1799,,,,150113,-12.080460,-77.050871,osm_unverified,,dev,tipo=Jirón;interior;loc=dist_prov_dep;mayusculas
OSM-n1653428734,osm_addr,Avenida Cayetano Heredia 500,Jesús María,Lima,Lima,AVENIDA,CAYETANO HEREDIA,500,,,,150113,-12.079921,-77.051934,osm_unverified,,dev,addr:street y addr:housenumber de OSM
SYN-n1653428734-1,synthetic,AV. Cayetano Heredia #500 - Jesús María,,,,AVENIDA,CAYETANO HEREDIA,500,,,,150113,-12.079921,-77.051934,osm_unverified,,dev,tipo=AV.;num=#;loc=guion
SYN-n1653428734-2,synthetic,"AV. CAYETANO HEREDIA # 500, JESÚS MARÍA",,,,AVENIDA,CAYETANO HEREDIA,500,,,,150113,-12.079921,-77.051934,osm_unverified,,dev,tipo=AV.;num=#;loc=coma;mayusculas
OSM-n1653428739,osm_addr,Avenida Horacio Urteaga 191,Jesús María,Lima,Lima,AVENIDA,HORACIO URTEAGA,191,,,,150113,-12.079497,-77.053210,osm_unverified,,dev,addr:street y addr:housenumber de OSM
SYN-n1653428739-1,synthetic,av. Horacio Urteaga Nro. 191,Jesús María,,,AVENIDA,HORACIO URTEAGA,191,,,,150113,-12.079497,-77.053210,osm_unverified,,dev,tipo=av.;num=Nro.;loc=campo
SYN-n1653428739-2,synthetic,"av.Horacio Urteaga 191, Jesus Maria",,,,AVENIDA,HORACIO URTEAGA,191,,,,150113,-12.079497,-77.053210,osm_unverified,,dev,tipo=av.;tipo_pegado;loc=coma;sin_tildes
OSM-n3692363945,osm_addr,Avenida General Garzón 654,Jesús María,Lima,Lima,AVENIDA,GENERAL GARZON,654,,,,150113,-12.066593,-77.045297,osm_unverified,,dev,addr:street y addr:housenumber de OSM
SYN-n3692363945-1,synthetic,Av General Garzon Nro 654,Jesus Maria,,,AVENIDA,GENERAL GARZON,654,,,,150113,-12.066593,-77.045297,osm_unverified,,dev,tipo=Av;num=Nro;loc=campo;sin_tildes
SYN-n3692363945-2,synthetic,"General Garzon N°654, Jesus Maria, Lima, Lima",,,,,GENERAL GARZON,654,,,,150113,-12.066593,-77.045297,osm_unverified,,dev,tipo_omitido;num=N°;loc=dist_prov_dep;sin_tildes
OSM-n4516167263,osm_addr,Jirón Huamachuco 1957,Jesús María,Lima,Lima,JIRON,HUAMACHUCO,1957,,,,150113,-12.081583,-77.053354,osm_unverified,,dev,addr:street y addr:housenumber de OSM
SYN-n4516167263-1,synthetic,Jr Huamachuco Nº 1957 - Jesus Maria,,,,JIRON,HUAMACHUCO,1957,,,,150113,-12.081583,-77.053354,osm_unverified,,dev,tipo=Jr;num=Nº;loc=guion;sin_tildes
SYN-n4516167263-2,synthetic,jr. huamachuco nro 1957 jesus maria,,,,JIRON,HUAMACHUCO,1957,,,,150113,-12.081583,-77.053354,osm_unverified,,dev,tipo=JR.;num=Nro;loc=espacio;minusculas;sin_tildes
OSM-n4676801792,osm_addr,Avenida Gregorio Escobedo 816,Jesús María,Lima,Lima,AVENIDA,GREGORIO ESCOBEDO,816,,,,150113,-12.087520,-77.056074,osm_unverified,,test,addr:street y addr:housenumber de OSM
SYN-n4676801792-1,synthetic,AV. GREGORIO ESCOBEDO 816 JESÚS MARÍA,,,,AVENIDA,GREGORIO ESCOBEDO,816,,,,150113,-12.087520,-77.056074,osm_unverified,,test,tipo=AV.;loc=espacio;mayusculas
SYN-n4676801792-2,synthetic,av. gregorio escobedo 816 of. 502 - jesús maría,,,,AVENIDA,GREGORIO ESCOBEDO,816,,,,150113,-12.087520,-77.056074,osm_unverified,,test,tipo=av.;interior;loc=guion;minusculas
OSM-n4682627892,osm_addr,Avenida Diego de Almagro 440,Jesús María,Lima,Lima,AVENIDA,DIEGO DE ALMAGRO,440,,,,150113,-12.084759,-77.057404,osm_unverified,,dev,addr:street y addr:housenumber de OSM
SYN-n4682627892-1,synthetic,Av Diego de Almagro Nº 440 Dpto 1203 - Jesús María,,Lima,,AVENIDA,DIEGO DE ALMAGRO,440,,,,150113,-12.084759,-77.057404,osm_unverified,,dev,tipo=Av;num=Nº;interior;loc=mixta
SYN-n4682627892-2,synthetic,AV. Diego de Almagro 440,Jesus Maria,,,AVENIDA,DIEGO DE ALMAGRO,440,,,,150113,-12.084759,-77.057404,osm_unverified,,dev,tipo=AV.;loc=campo;sin_tildes
OSM-n5021201937,osm_addr,Avenida General Santa Cruz 458,Jesús María,Lima,Lima,AVENIDA,GENERAL SANTA CRUZ,458,,,,150113,-12.072745,-77.046534,osm_unverified,,dev,addr:street y addr:housenumber de OSM
SYN-n5021201937-1,synthetic,Av.General Santa Cruz Nº 458 - Jesús María,,,,AVENIDA,GENERAL SANTA CRUZ,458,,,,150113,-12.072745,-77.046534,osm_unverified,,dev,tipo=Av.;num=Nº;tipo_pegado;loc=guion
SYN-n5021201937-2,synthetic,Av Gral. Sta. Cruz Nro. 458 Jesus Maria,,,,AVENIDA,GENERAL SANTA CRUZ,458,,,,150113,-12.072745,-77.046534,osm_unverified,,dev,titulo_abreviado;tipo=Av;num=Nro.;loc=espacio;sin_tildes
OSM-n5086132804,osm_addr,Avenida 28 de Julio 399,Jesús María,Lima,Lima,AVENIDA,28 DE JULIO,399,,,,150113,-12.065034,-77.042281,osm_unverified,,dev,addr:street y addr:housenumber de OSM
SYN-n5086132804-1,synthetic,Av 28 de Julio 399,Jesus Maria,,,AVENIDA,28 DE JULIO,399,,,,150113,-12.065034,-77.042281,osm_unverified,,dev,tipo=Av;loc=campo;sin_tildes
SYN-n5086132804-2,synthetic,"Avenida 28 de Julio 399, Jesus Maria, Lima, Lima",,,,AVENIDA,28 DE JULIO,399,,,,150113,-12.065034,-77.042281,osm_unverified,,dev,tipo=Avenida;loc=dist_prov_dep;sin_tildes
OSM-n5086132805,osm_addr,Avenida 28 de Julio 300,Jesús María,Lima,Lima,AVENIDA,28 DE JULIO,300,,,,150113,-12.065171,-77.043371,osm_unverified,,dev,addr:street y addr:housenumber de OSM
SYN-n5086132805-1,synthetic,"AV.28 de Julio 300 Dpto 1203, Jesus Maria, Lima",,,,AVENIDA,28 DE JULIO,300,,,,150113,-12.065171,-77.043371,osm_unverified,,dev,tipo=AV.;tipo_pegado;interior;loc=dist_prov;sin_tildes
SYN-n5086132805-2,synthetic,Av.28 de Julio 300 - Jesús María,,,,AVENIDA,28 DE JULIO,300,,,,150113,-12.065171,-77.043371,osm_unverified,,dev,tipo=Av.;tipo_pegado;loc=guion
OSM-n5087503998,osm_addr,Jirón Francisco de Zela 150,Jesús María,Lima,Lima,JIRON,FRANCISCO DE ZELA,150,,,,150113,-12.071113,-77.040154,osm_unverified,,dev,addr:street y addr:housenumber de OSM
SYN-n5087503998-1,synthetic,JR. FRANCISCO DE ZELA Nº 150 OF. 502 - JESÚS MARÍA,,,,JIRON,FRANCISCO DE ZELA,150,,,,150113,-12.071113,-77.040154,osm_unverified,,dev,tipo=JR.;num=Nº;interior;loc=guion;mayusculas
SYN-n5087503998-2,synthetic,JR. FRANCISCO DE ZELA N°150 - JESUS MARIA,,Lima,,JIRON,FRANCISCO DE ZELA,150,,,,150113,-12.071113,-77.040154,osm_unverified,,dev,tipo=Jr.;num=N°;loc=mixta;mayusculas;sin_tildes
OSM-n6316493092,osm_addr,Avenida Brasil 861,Jesús María,Lima,Lima,AVENIDA,BRASIL,861,,,,150113,-12.067939,-77.047588,osm_unverified,,dev,addr:street y addr:housenumber de OSM
SYN-n6316493092-1,synthetic,"av. Brasil Nro 861, Jesús María",,,,AVENIDA,BRASIL,861,,,,150113,-12.067939,-77.047588,osm_unverified,,dev,tipo=av.;num=Nro;loc=coma
SYN-n6316493092-2,synthetic,"AVDA.BRASIL 861, JESUS MARIA",,,,AVENIDA,BRASIL,861,,,,150113,-12.067939,-77.047588,osm_unverified,,dev,tipo=Avda.;tipo_pegado;loc=coma;mayusculas;sin_tildes
OSM-n7118270181,osm_addr,Avenida San Felipe 351,Jesús María,Lima,Lima,AVENIDA,SAN FELIPE,351,,,,150113,-12.082486,-77.055401,osm_unverified,,test,addr:street y addr:housenumber de OSM
SYN-n7118270181-1,synthetic,"AVENIDA SN FELIPE 351 DPTO. 201, JESÚS MARÍA, LIMA, LIMA",,,,AVENIDA,SAN FELIPE,351,,,,150113,-12.082486,-77.055401,osm_unverified,,test,titulo_abreviado;tipo=Avenida;interior;loc=dist_prov_dep;mayusculas
SYN-n7118270181-2,synthetic,AV. SN FELIPE 351,Jesús María,,,AVENIDA,SAN FELIPE,351,,,,150113,-12.082486,-77.055401,osm_unverified,,test,titulo_abreviado;tipo=AV.;loc=campo;mayusculas
OSM-w435511311,osm_addr,Avenida Cuba 639,Jesús María,Lima,Lima,AVENIDA,CUBA,639,,,,150113,-12.075380,-77.042430,osm_unverified,,test,addr:street y addr:housenumber de OSM
SYN-w435511311-1,synthetic,"Av Cuba 639, Jesus Maria, Lima",,,,AVENIDA,CUBA,639,,,,150113,-12.075380,-77.042430,osm_unverified,,test,tipo=Av;loc=dist_prov;sin_tildes
SYN-w435511311-2,synthetic,CUBA N°639 INT 4B JESUS MARIA,,,,,CUBA,639,,,,150113,-12.075380,-77.042430,osm_unverified,,test,tipo_omitido;num=N°;interior;loc=espacio;mayusculas;sin_tildes
OSM-w436307687,osm_addr,Avenida Brasil 715,Jesús María,Lima,Lima,AVENIDA,BRASIL,715,,,,150113,-12.066628,-77.046461,osm_unverified,,dev,addr:street y addr:housenumber de OSM
SYN-w436307687-1,synthetic,"Avda. Brasil N°715, Jesus Maria, Lima",,,,AVENIDA,BRASIL,715,,,,150113,-12.066628,-77.046461,osm_unverified,,dev,tipo=Avda.;num=N°;loc=dist_prov;sin_tildes
SYN-w436307687-2,synthetic,"AVDA. BRASIL NRO. 715, JESUS MARIA",,,,AVENIDA,BRASIL,715,,,,150113,-12.066628,-77.046461,osm_unverified,,dev,tipo=Avda.;num=Nro.;loc=coma;mayusculas;sin_tildes
OSM-w451474789,osm_addr,Avenida San Felipe 955,Jesús María,Lima,Lima,AVENIDA,SAN FELIPE,955,,,,150113,-12.081714,-77.048186,osm_unverified,,test,addr:street y addr:housenumber de OSM
SYN-w451474789-1,synthetic,AV SN FELIPE NRO 955 INT. 3,Jesus Maria,,,AVENIDA,SAN FELIPE,955,,,,150113,-12.081714,-77.048186,osm_unverified,,test,titulo_abreviado;tipo=Av;num=Nro;interior;loc=campo;mayusculas;sin_tildes
SYN-w451474789-2,synthetic,Av Sn Felipe N° 955 Jesus Maria,,,,AVENIDA,SAN FELIPE,955,,,,150113,-12.081714,-77.048186,osm_unverified,,test,titulo_abreviado;tipo=Av;num=N°;loc=espacio;sin_tildes
OSM-n3771210080,osm_addr,Avenida Javier Prado Este 5800,La Molina,Lima,Lima,AVENIDA,JAVIER PRADO ESTE,5800,,,,150114,-12.072805,-76.958551,osm_unverified,,test,addr:street y addr:housenumber de OSM
SYN-n3771210080-1,synthetic,"AV. Javier Prado Este Nro 5800, La Molina",,,,AVENIDA,JAVIER PRADO ESTE,5800,,,,150114,-12.072805,-76.958551,osm_unverified,,test,tipo=AV.;num=Nro;loc=coma;sin_tildes
SYN-n3771210080-2,synthetic,AV.Javier Prado Este Nro 5800,La Molina,,,AVENIDA,JAVIER PRADO ESTE,5800,,,,150114,-12.072805,-76.958551,osm_unverified,,test,tipo=AV.;num=Nro;tipo_pegado;loc=campo
OSM-n4045844723,osm_addr,Avenida Javier Prado Este 6200,La Molina,Lima,Lima,AVENIDA,JAVIER PRADO ESTE,6200,,,,150114,-12.070914,-76.951933,osm_unverified,,test,addr:street y addr:housenumber de OSM
SYN-n4045844723-1,synthetic,Av. Javier Prado Este Nro. 6200 La Molina,,,,AVENIDA,JAVIER PRADO ESTE,6200,,,,150114,-12.070914,-76.951933,osm_unverified,,test,tipo=Av.;num=Nro.;loc=espacio
SYN-n4045844723-2,synthetic,Avda. Javier Prado Este N° 6200 La Molina,,,,AVENIDA,JAVIER PRADO ESTE,6200,,,,150114,-12.070914,-76.951933,osm_unverified,,test,tipo=Avda.;num=N°;loc=espacio;sin_tildes
OSM-n4341756229,osm_addr,Calle Málaga 13,La Molina,Lima,Lima,CALLE,MALAGA,13,,,,150114,-12.106944,-76.946686,osm_unverified,,test,addr:street y addr:housenumber de OSM
SYN-n4341756229-1,synthetic,"calle Malaga 13, La Molina",,,,CALLE,MALAGA,13,,,,150114,-12.106944,-76.946686,osm_unverified,,test,tipo=calle;loc=coma;sin_tildes
SYN-n4341756229-2,synthetic,Clle. Malaga Nro. 13,La Molina,,,CALLE,MALAGA,13,,,,150114,-12.106944,-76.946686,osm_unverified,,test,tipo=Clle.;num=Nro.;loc=campo;sin_tildes
OSM-n4366817510,osm_addr,Avenida Raúl Ferrero 1435,La Molina,Lima,Lima,AVENIDA,RAUL FERRERO,1435,,,,150114,-12.091617,-76.952403,osm_unverified,,dev,addr:street y addr:housenumber de OSM
SYN-n4366817510-1,synthetic,"AV. RAÚL FERRERO Nº 1435, LA MOLINA",,,,AVENIDA,RAUL FERRERO,1435,,,,150114,-12.091617,-76.952403,osm_unverified,,dev,tipo=AV.;num=Nº;loc=coma;mayusculas
SYN-n4366817510-2,synthetic,Avda. Raúl Ferrero Nro. 1435,La Molina,,,AVENIDA,RAUL FERRERO,1435,,,,150114,-12.091617,-76.952403,osm_unverified,,dev,tipo=Avda.;num=Nro.;loc=campo
OSM-n4368521286,osm_addr,Avenida Jose Leon de Barandearan 864,La Molina,Lima,Lima,AVENIDA,JOSE LEON DE BARANDEARAN,864,,,,150114,-12.078335,-76.914598,osm_unverified,,dev,addr:street y addr:housenumber de OSM
SYN-n4368521286-1,synthetic,"AVDA. JOSE LEON DE BARANDEARAN Nº 864, LA MOLINA",,,,AVENIDA,JOSE LEON DE BARANDEARAN,864,,,,150114,-12.078335,-76.914598,osm_unverified,,dev,tipo=Avda.;num=Nº;loc=coma;mayusculas;sin_tildes
SYN-n4368521286-2,synthetic,Av. Jose Leon de Barandearan Nro 864 - La Molina,,Lima,,AVENIDA,JOSE LEON DE BARANDEARAN,864,,,,150114,-12.078335,-76.914598,osm_unverified,,dev,tipo=Av.;num=Nro;loc=mixta
OSM-n5222547524,osm_addr,El Caserío 105,La Molina,Lima,Lima,,EL CASERIO,105,,,,150114,-12.104053,-76.948656,osm_unverified,,dev,addr:street y addr:housenumber de OSM
SYN-n5222547524-1,synthetic,EL CASERÍO N°105 - LA MOLINA,,Lima,,,EL CASERIO,105,,,,150114,-12.104053,-76.948656,osm_unverified,,dev,num=N°;loc=mixta;mayusculas
SYN-n5222547524-2,synthetic,"El Caserio Nº 105, La Molina, Lima, Lima",,,,,EL CASERIO,105,,,,150114,-12.104053,-76.948656,osm_unverified,,dev,num=Nº;loc=dist_prov_dep;sin_tildes
OSM-n5468322672,osm_addr,Avenida La Fontana 450,La Molina,Lima,Lima,AVENIDA,LA FONTANA,450,,,,150114,-12.073152,-76.955273,osm_unverified,,dev,addr:street y addr:housenumber de OSM
SYN-n5468322672-1,synthetic,av. La Fontana nro. 450 - La Molina,,Lima,,AVENIDA,LA FONTANA,450,,,,150114,-12.073152,-76.955273,osm_unverified,,dev,tipo=av.;num=nro.;loc=mixta;sin_tildes
SYN-n5468322672-2,synthetic,"AV LA FONTANA N°450 OF. 502, LA MOLINA",,,,AVENIDA,LA FONTANA,450,,,,150114,-12.073152,-76.955273,osm_unverified,,dev,tipo=Av;num=N°;interior;loc=coma;mayusculas
OSM-n5597143961,osm_addr,Avenida Los Condores 445,La Molina,Lima,Lima,AVENIDA,LOS CONDORES,445,,,,150114,-12.102483,-76.946455,osm_unverified,,dev,addr:street y addr:housenumber de OSM
SYN-n5597143961-1,synthetic,"Avenida Los Condores 445, La Molina",,,,AVENIDA,LOS CONDORES,445,,,,150114,-12.102483,-76.946455,osm_unverified,,dev,tipo=Avenida;loc=coma;sin_tildes
SYN-n5597143961-2,synthetic,"AV. Los Condores 445, La Molina",,,,AVENIDA,LOS CONDORES,445,,,,150114,-12.102483,-76.946455,osm_unverified,,dev,tipo=AV.;loc=coma
OSM-n5641940823,osm_addr,Avenida Alameda del Corregidor 1575,La Molina,Lima,Lima,AVENIDA,ALAMEDA DEL CORREGIDOR,1575,,,,150114,-12.098974,-76.950497,osm_unverified,,test,addr:street y addr:housenumber de OSM
SYN-n5641940823-1,synthetic,Avenida Alameda del Corregidor 1575 - La Molina,,Lima,,AVENIDA,ALAMEDA DEL CORREGIDOR,1575,,,,150114,-12.098974,-76.950497,osm_unverified,,test,tipo=Avenida;loc=mixta
SYN-n5641940823-2,synthetic,av. alameda del corregidor 1575 la molina,,,,AVENIDA,ALAMEDA DEL CORREGIDOR,1575,,,,150114,-12.098974,-76.950497,osm_unverified,,test,tipo=Av.;loc=espacio;minusculas;sin_tildes
OSM-n5641940828,osm_addr,Calle Islas Virgenes 240,La Molina,Lima,Lima,CALLE,ISLAS VIRGENES,240,,,,150114,-12.075506,-76.918352,osm_unverified,,test,addr:street y addr:housenumber de OSM
SYN-n5641940828-1,synthetic,Cl. Islas Virgenes Nro 240 Dpto 1203 - La Molina,,Lima,,CALLE,ISLAS VIRGENES,240,,,,150114,-12.075506,-76.918352,osm_unverified,,test,tipo=Cl.;num=Nro;interior;loc=mixta;sin_tildes
SYN-n5641940828-2,synthetic,Cll Islas Virgenes # 240 - La Molina,,,,CALLE,ISLAS VIRGENES,240,,,,150114,-12.075506,-76.918352,osm_unverified,,test,tipo=Cll;num=#;loc=guion;sin_tildes
OSM-n5641940830,osm_addr,Calle Islas Malvinas 196,La Molina,Lima,Lima,CALLE,ISLAS MALVINAS,196,,,,150114,-12.076059,-76.917819,osm_unverified,,test,addr:street y addr:housenumber de OSM
SYN-n5641940830-1,synthetic,"Cll Islas Malvinas 196, La Molina",,,,CALLE,ISLAS MALVINAS,196,,,,150114,-12.076059,-76.917819,osm_unverified,,test,tipo=Cll;loc=coma;sin_tildes
SYN-n5641940830-2,synthetic,"Ca. Islas Malvinas nro. 196, La Molina, Lima, Lima",,,,CALLE,ISLAS MALVINAS,196,,,,150114,-12.076059,-76.917819,osm_unverified,,test,tipo=Ca.;num=nro.;loc=dist_prov_dep;sin_tildes
OSM-n5641941222,osm_addr,Calle Islas Virgenes 153,La Molina,Lima,Lima,CALLE,ISLAS VIRGENES,153,,,,150114,-12.073609,-76.918185,osm_unverified,,test,addr:street y addr:housenumber de OSM
SYN-n5641941222-1,synthetic,Clle.Islas Virgenes Nro 153 Dpto 1203 - La Molina,,Lima,,CALLE,ISLAS VIRGENES,153,,,,150114,-12.073609,-76.918185,osm_unverified,,test,tipo=Clle.;num=Nro;tipo_pegado;interior;loc=mixta
SYN-n5641941222-2,synthetic,ca. islas virgenes nro. 153,La Molina,,,CALLE,ISLAS VIRGENES,153,,,,150114,-12.073609,-76.918185,osm_unverified,,test,tipo=Ca.;num=nro.;loc=campo;minusculas
OSM-n5980419928,osm_addr,Avenida La Molina 1167,La Molina,Lima,Lima,AVENIDA,LA MOLINA,1167,,,,150114,-12.072737,-76.954505,osm_unverified,,dev,addr:street y addr:housenumber de OSM
SYN-n5980419928-1,synthetic,Av La Molina Nro. 1167 - La Molina,,,,AVENIDA,LA MOLINA,1167,,,,150114,-12.072737,-76.954505,osm_unverified,,dev,tipo=Av;num=Nro.;loc=guion
SYN-n5980419928-2,synthetic,"Avenida La Molina 1167, La Molina",,,,AVENIDA,LA MOLINA,1167,,,,150114,-12.072737,-76.954505,osm_unverified,,dev,tipo=Avenida;loc=coma;sin_tildes
OSM-n7351221265,osm_addr,Calle Los Agrologos 233,La Molina,Lima,Lima,CALLE,LOS AGROLOGOS,233,,,,150114,-12.066901,-76.952854,osm_unverified,,test,addr:street y addr:housenumber de OSM
SYN-n7351221265-1,synthetic,Los Agrologos N°233 Dpto. 201 - La Molina,,,,,LOS AGROLOGOS,233,,,,150114,-12.066901,-76.952854,osm_unverified,,test,tipo_omitido;num=N°;interior;loc=guion
SYN-n7351221265-2,synthetic,Ca. Los Agrologos # 233 - La Molina,,Lima,,CALLE,LOS AGROLOGOS,233,,,,150114,-12.066901,-76.952854,osm_unverified,,test,tipo=Ca.;num=#;loc=mixta
OSM-w400674318,osm_addr,Alameda del Corregidor 155,La Molina,Lima,Lima,ALAMEDA,DEL CORREGIDOR,155,,,,150114,-12.077903,-76.953577,osm_unverified,,dev,addr:street y addr:housenumber de OSM
SYN-w400674318-1,synthetic,"Alameda del Corregidor # 155, La Molina, Lima",,,,ALAMEDA,DEL CORREGIDOR,155,,,,150114,-12.077903,-76.953577,osm_unverified,,dev,tipo=Alameda;num=#;loc=dist_prov;sin_tildes
SYN-w400674318-2,synthetic,Alm. del Corregidor N°155 La Molina,,,,ALAMEDA,DEL CORREGIDOR,155,,,,150114,-12.077903,-76.953577,osm_unverified,,dev,tipo=Alm.;num=N°;loc=espacio
OSM-w450506379,osm_addr,Avenida Melgarejo 159,La Molina,Lima,Lima,AVENIDA,MELGAREJO,159,,,,150114,-12.072915,-76.937595,osm_unverified,,test,addr:street y addr:housenumber de OSM
SYN-w450506379-1,synthetic,av. Melgarejo nro. 159 - La Molina,,,,AVENIDA,MELGAREJO,159,,,,150114,-12.072915,-76.937595,osm_unverified,,test,tipo=av.;num=nro.;loc=guion;sin_tildes
SYN-w450506379-2,synthetic,"Avenida Melgarejo Nro 159 Dpto. 201, La Molina, Lima",,,,AVENIDA,MELGAREJO,159,,,,150114,-12.072915,-76.937595,osm_unverified,,test,tipo=Avenida;num=Nro;interior;loc=dist_prov
OSM-w450669871,osm_addr,Isla Mallorca 155,La Molina,Lima,Lima,,ISLA MALLORCA,155,,,,150114,-12.078441,-76.922953,osm_unverified,,dev,addr:street y addr:housenumber de OSM
SYN-w450669871-1,synthetic,Isla Mallorca Nro. 155 - La Molina,,,,,ISLA MALLORCA,155,,,,150114,-12.078441,-76.922953,osm_unverified,,dev,num=Nro.;loc=guion
SYN-w450669871-2,synthetic,Isla Mallorca Nro 155 La Molina,,,,,ISLA MALLORCA,155,,,,150114,-12.078441,-76.922953,osm_unverified,,dev,num=Nro;loc=espacio
OSM-w807211800,osm_addr,Avenida Alameda del Corregidor 3102,La Molina,Lima,Lima,AVENIDA,ALAMEDA DEL CORREGIDOR,3102,,,,150114,-12.114857,-76.940580,osm_unverified,,test,addr:street y addr:housenumber de OSM
SYN-w807211800-1,synthetic,avenida alameda del corregidor n° 3102 - la molina,,,,AVENIDA,ALAMEDA DEL CORREGIDOR,3102,,,,150114,-12.114857,-76.940580,osm_unverified,,test,tipo=Avenida;num=N°;loc=guion;minusculas
SYN-w807211800-2,synthetic,Av Alameda del Corregidor Nro. 3102 - La Molina,,Lima,,AVENIDA,ALAMEDA DEL CORREGIDOR,3102,,,,150114,-12.114857,-76.940580,osm_unverified,,test,tipo=Av;num=Nro.;loc=mixta;sin_tildes
OSM-w812377355,osm_addr,Calle Rio Magadalena 286,La Molina,Lima,Lima,CALLE,RIO MAGADALENA,286,,,,150114,-12.114698,-76.938101,osm_unverified,,dev,addr:street y addr:housenumber de OSM
SYN-w812377355-1,synthetic,Rio Magadalena N°286,La Molina,,,,RIO MAGADALENA,286,,,,150114,-12.114698,-76.938101,osm_unverified,,dev,tipo_omitido;num=N°;loc=campo
SYN-w812377355-2,synthetic,"CALLE RIO MAGADALENA 286, LA MOLINA",,,,CALLE,RIO MAGADALENA,286,,,,150114,-12.114698,-76.938101,osm_unverified,,dev,tipo=calle;loc=coma;mayusculas
OSM-w979352578,osm_addr,Jirón Las Cascadas 160,La Molina,Lima,Lima,JIRON,LAS CASCADAS,160,,,,150114,-12.101928,-76.949926,osm_unverified,,dev,addr:street y addr:housenumber de OSM
SYN-w979352578-1,synthetic,"jr.las cascadas n° 160, la molina",,,,JIRON,LAS CASCADAS,160,,,,150114,-12.101928,-76.949926,osm_unverified,,dev,tipo=JR.;num=N°;tipo_pegado;loc=coma;minusculas
SYN-w979352578-2,synthetic,jiron las cascadas nro. 160 - la molina,,Lima,,JIRON,LAS CASCADAS,160,,,,150114,-12.101928,-76.949926,osm_unverified,,dev,tipo=Jirón;num=nro.;loc=mixta;minusculas;sin_tildes
OSM-n2838647365,osm_addr,Jose Bazzochi 339,La Victoria,Lima,Lima,,JOSE BAZZOCHI,339,,,,150115,-12.082536,-77.023318,osm_unverified,,dev,addr:street y addr:housenumber de OSM
SYN-n2838647365-1,synthetic,"JOSE BAZZOCHI N°339, LA VICTORIA, LIMA",,,,,JOSE BAZZOCHI,339,,,,150115,-12.082536,-77.023318,osm_unverified,,dev,num=N°;loc=dist_prov;mayusculas
SYN-n2838647365-2,synthetic,Jose Bazzochi Nº 339 La Victoria,,,,,JOSE BAZZOCHI,339,,,,150115,-12.082536,-77.023318,osm_unverified,,dev,num=Nº;loc=espacio
OSM-n4353121082,osm_addr,Avenida Manco Cápac 205,La Victoria,Lima,Lima,AVENIDA,MANCO CAPAC,205,,,,150115,-12.060714,-77.029807,osm_unverified,,dev,addr:street y addr:housenumber de OSM
SYN-n4353121082-1,synthetic,"Avenida Manco Capac 205, La Victoria, Lima, Lima",,,,AVENIDA,MANCO CAPAC,205,,,,150115,-12.060714,-77.029807,osm_unverified,,dev,tipo=Avenida;loc=dist_prov_dep;sin_tildes
SYN-n4353121082-2,synthetic,"Av Manco Capac Nro. 205, La Victoria, Lima",,,,AVENIDA,MANCO CAPAC,205,,,,150115,-12.060714,-77.029807,osm_unverified,,dev,tipo=Av;num=Nro.;loc=dist_prov;sin_tildes
OSM-n4381797215,osm_addr,Jirón Javier Luna Pizarro 401,La Victoria,Lima,Lima,JIRON,JAVIER LUNA PIZARRO,401,,,,150115,-12.061815,-77.027930,osm_unverified,,dev,addr:street y addr:housenumber de OSM
SYN-n4381797215-1,synthetic,"Jiron Javier Luna Pizarro # 401, La Victoria, Lima",,,,JIRON,JAVIER LUNA PIZARRO,401,,,,150115,-12.061815,-77.027930,osm_unverified,,dev,tipo=Jiron;num=#;loc=dist_prov;sin_tildes
SYN-n4381797215-2,synthetic,Jr Javier Luna Pizarro nro. 401 - La Victoria,,,,JIRON,JAVIER LUNA PIZARRO,401,,,,150115,-12.061815,-77.027930,osm_unverified,,dev,tipo=Jr;num=nro.;loc=guion
OSM-n4382648113,osm_addr,Jirón Renovación 200,La Victoria,Lima,Lima,JIRON,RENOVACION,200,,,,150115,-12.059698,-77.027420,osm_unverified,,dev,addr:street y addr:housenumber de OSM
SYN-n4382648113-1,synthetic,jiron renovacion 200,La Victoria,,,JIRON,RENOVACION,200,,,,150115,-12.059698,-77.027420,osm_unverified,,dev,tipo=Jirón;loc=campo;minusculas;sin_tildes
SYN-n4382648113-2,synthetic,Jiron Renovación #200 Dpto. 201 La Victoria,,,,JIRON,RENOVACION,200,,,,150115,-12.059698,-77.027420,osm_unverified,,dev,tipo=Jiron;num=#;interior;loc=espacio
OSM-n4382648121,osm_addr,Jirón Renovación 299,La Victoria,Lima,Lima,JIRON,RENOVACION,299,,,,150115,-12.060150,-77.027361,osm_unverified,,dev,addr:street y addr:housenumber de OSM
SYN-n4382648121-1,synthetic,"Jiron Renovacion # 299 Piso 2, La Victoria, Lima",,,,JIRON,RENOVACION,299,,,,150115,-12.060150,-77.027361,osm_unverified,,dev,tipo=Jiron;num=#;interior;loc=dist_prov;sin_tildes
SYN-n4382648121-2,synthetic,Jiron Renovacion N°299 - La Victoria,,Lima,,JIRON,RENOVACION,299,,,,150115,-12.060150,-77.027361,osm_unverified,,dev,tipo=Jiron;num=N°;loc=mixta;sin_tildes
OSM-n4560651566,osm_addr,Jiron Antonio Raimondi 1020,La Victoria,Lima,Lima,JIRON,ANTONIO RAIMONDI,1020,,,,150115,-12.059517,-77.019970,osm_unverified,,test,addr:street y addr:housenumber de OSM
SYN-n4560651566-1,synthetic,"Jiron Antonio Raimondi # 1020, La Victoria, Lima",,,,JIRON,ANTONIO RAIMONDI,1020,,,,150115,-12.059517,-77.019970,osm_unverified,,test,tipo=Jiron;num=#;loc=dist_prov
SYN-n4560651566-2,synthetic,"Jirón Antonio Raimondi #1020, La Victoria",,,,JIRON,ANTONIO RAIMONDI,1020,,,,150115,-12.059517,-77.019970,osm_unverified,,test,tipo=Jirón;num=#;loc=coma
OSM-n5090850612,osm_addr,Avenida Esteban Campodónico 100,La Victoria,Lima,Lima,AVENIDA,ESTEBAN CAMPODONICO,100,,,,150115,-12.081746,-77.021750,osm_unverified,,dev,addr:street y addr:housenumber de OSM
SYN-n5090850612-1,synthetic,AV. Esteban Campodónico Nro 100 Piso 2 La Victoria,,,,AVENIDA,ESTEBAN CAMPODONICO,100,,,,150115,-12.081746,-77.021750,osm_unverified,,dev,tipo=AV.;num=Nro;interior;loc=espacio
SYN-n5090850612-2,synthetic,"Avda.Esteban Campodónico Nº 100, La Victoria",,,,AVENIDA,ESTEBAN CAMPODONICO,100,,,,150115,-12.081746,-77.021750,osm_unverified,,dev,tipo=Avda.;num=Nº;tipo_pegado;loc=coma
OSM-n5222547048,osm_addr,Jirón Humboldt 1541,La Victoria,Lima,Lima,JIRON,HUMBOLDT,1541,,,,150115,-12.064086,-77.014911,osm_unverified,,dev,addr:street y addr:housenumber de OSM
SYN-n5222547048-1,synthetic,jr.humboldt nro. 1541,La Victoria,,,JIRON,HUMBOLDT,1541,,,,150115,-12.064086,-77.014911,osm_unverified,,dev,tipo=JR.;num=nro.;tipo_pegado;loc=campo;minusculas
SYN-n5222547048-2,synthetic,Jiron Humboldt 1541 La Victoria,,,,JIRON,HUMBOLDT,1541,,,,150115,-12.064086,-77.014911,osm_unverified,,dev,tipo=Jiron;loc=espacio;sin_tildes
OSM-n5302703222,osm_addr,Prolongación Parinacochas 697,La Victoria,Lima,Lima,PROLONGACION,PARINACOCHAS,697,,,,150115,-12.065555,-77.017445,osm_unverified,,dev,addr:street y addr:housenumber de OSM
SYN-n5302703222-1,synthetic,Prolongación Parinacochas # 697 La Victoria,,,,PROLONGACION,PARINACOCHAS,697,,,,150115,-12.065555,-77.017445,osm_unverified,,dev,tipo=Prolongación;num=#;loc=espacio
SYN-n5302703222-2,synthetic,PROL. PARINACOCHAS #697 - LA VICTORIA,,Lima,,PROLONGACION,PARINACOCHAS,697,,,,150115,-12.065555,-77.017445,osm_unverified,,dev,tipo=Prol.;num=#;loc=mixta;mayusculas;sin_tildes
OSM-n5597289838,osm_addr,Avenida Aviación 1830,La Victoria,Lima,Lima,AVENIDA,AVIACION,1830,,,,150115,-12.080955,-77.006919,osm_unverified,,dev,addr:street y addr:housenumber de OSM
SYN-n5597289838-1,synthetic,"AVENIDA AVIACIÓN # 1830, LA VICTORIA",,,,AVENIDA,AVIACION,1830,,,,150115,-12.080955,-77.006919,osm_unverified,,dev,tipo=Avenida;num=#;loc=coma;mayusculas
SYN-n5597289838-2,synthetic,AV. Aviacion #1830 - La Victoria,,,,AVENIDA,AVIACION,1830,,,,150115,-12.080955,-77.006919,osm_unverified,,dev,tipo=AV.;num=#;loc=guion;sin_tildes
OSM-w317273484,osm_addr,Avenida Esteban Campodónico 685,La Victoria,Lima,Lima,AVENIDA,ESTEBAN CAMPODONICO,685,,,,150115,-12.087927,-77.020293,osm_unverified,,dev,addr:street y addr:housenumber de OSM
SYN-w317273484-1,synthetic,Av.Esteban Campodonico # 685,La Victoria,,,AVENIDA,ESTEBAN CAMPODONICO,685,,,,150115,-12.087927,-77.020293,osm_unverified,,dev,tipo=Av.;num=#;tipo_pegado;loc=campo;sin_tildes
SYN-w317273484-2,synthetic,"av. Esteban Campodónico 685, La Victoria",,,,AVENIDA,ESTEBAN CAMPODONICO,685,,,,150115,-12.087927,-77.020293,osm_unverified,,dev,tipo=av.;loc=coma
OSM-w40300870,osm_addr,Avenida Isabel La Católica 395,La Victoria,Lima,Lima,AVENIDA,ISABEL LA CATOLICA,395,,,,150115,-12.068505,-77.022921,osm_unverified,,dev,addr:street y addr:housenumber de OSM
SYN-w40300870-1,synthetic,AV. Isabel La Catolica N°395 La Victoria,,,,AVENIDA,ISABEL LA CATOLICA,395,,,,150115,-12.068505,-77.022921,osm_unverified,,dev,tipo=AV.;num=N°;loc=espacio;sin_tildes
SYN-w40300870-2,synthetic,"Avda. Isabel La Catolica N°395, La Victoria",,,,AVENIDA,ISABEL LA CATOLICA,395,,,,150115,-12.068505,-77.022921,osm_unverified,,dev,tipo=Avda.;num=N°;loc=coma;sin_tildes
OSM-w435477226,osm_addr,Avenida Almirante Miguel Grau 352,La Victoria,Lima,Lima,AVENIDA,ALMIRANTE MIGUEL GRAU,352,,,,150115,-12.059461,-77.030581,osm_unverified,,dev,addr:street y addr:housenumber de OSM
SYN-w435477226-1,synthetic,av. Almte. Miguel Grau Nro 352 - La Victoria,,,,AVENIDA,ALMIRANTE MIGUEL GRAU,352,,,,150115,-12.059461,-77.030581,osm_unverified,,dev,titulo_abreviado;tipo=av.;num=Nro;loc=guion;sin_tildes
SYN-w435477226-2,synthetic,AV. ALMTE. MIGUEL GRAU N° 352 - LA VICTORIA,,,,AVENIDA,ALMIRANTE MIGUEL GRAU,352,,,,150115,-12.059461,-77.030581,osm_unverified,,dev,titulo_abreviado;tipo=Av.;num=N°;loc=guion;mayusculas
OSM-w435477227,osm_addr,Avenida Almirante Miguel Grau 364,La Victoria,Lima,Lima,AVENIDA,ALMIRANTE MIGUEL GRAU,364,,,,150115,-12.059440,-77.030420,osm_unverified,,dev,addr:street y addr:housenumber de OSM
SYN-w435477227-1,synthetic,"av almirante miguel grau n° 364, la victoria, lima, lima",,,,AVENIDA,ALMIRANTE MIGUEL GRAU,364,,,,150115,-12.059440,-77.030420,osm_unverified,,dev,tipo=Av;num=N°;loc=dist_prov_dep;minusculas;sin_tildes
SYN-w435477227-2,synthetic,"Av Almte. Miguel Grau # 364, La Victoria, Lima, Lima",,,,AVENIDA,ALMIRANTE MIGUEL GRAU,364,,,,150115,-12.059440,-77.030420,osm_unverified,,dev,titulo_abreviado;tipo=Av;num=#;loc=dist_prov_dep;sin_tildes
OSM-w435853554,osm_addr,Avenida Paseo de la República 683,La Victoria,Lima,Lima,AVENIDA,PASEO DE LA REPUBLICA,683,,,,150115,-12.064589,-77.033206,osm_unverified,,dev,addr:street y addr:housenumber de OSM
SYN-w435853554-1,synthetic,AV. Paseo de la Republica Nro. 683 Dpto. 201 - La Victoria,,Lima,,AVENIDA,PASEO DE LA REPUBLICA,683,,,,150115,-12.064589,-77.033206,osm_unverified,,dev,tipo=AV.;num=Nro.;interior;loc=mixta;sin_tildes
SYN-w435853554-2,synthetic,Av Paseo de la República N°683 - La Victoria,,,,AVENIDA,PASEO DE LA REPUBLICA,683,,,,150115,-12.064589,-77.033206,osm_unverified,,dev,tipo=Av;num=N°;loc=guion
OSM-w438477729,osm_addr,Prolongacion Andahuaylas 735,La Victoria,Lima,Lima,PROLONGACION,ANDAHUAYLAS,735,,,,150115,-12.067260,-77.025566,osm_unverified,,dev,addr:street y addr:housenumber de OSM
SYN-w438477729-1,synthetic,Prol. Andahuaylas N°735 - La Victoria,,,,PROLONGACION,ANDAHUAYLAS,735,,,,150115,-12.067260,-77.025566,osm_unverified,,dev,tipo=Prol.;num=N°;loc=guion
SYN-w438477729-2,synthetic,"Prol. Andahuaylas Nº 735 Of. 502, La Victoria, Lima, Lima",,,,PROLONGACION,ANDAHUAYLAS,735,,,,150115,-12.067260,-77.025566,osm_unverified,,dev,tipo=Prol.;num=Nº;interior;loc=dist_prov_dep
OSM-w439170841,osm_addr,Avenida Aviación 1296,La Victoria,Lima,Lima,AVENIDA,AVIACION,1296,,,,150115,-12.074314,-77.011457,osm_unverified,,dev,addr:street y addr:housenumber de OSM
SYN-w439170841-1,synthetic,AVDA. AVIACION N°1296 - LA VICTORIA,,Lima,,AVENIDA,AVIACION,1296,,,,150115,-12.074314,-77.011457,osm_unverified,,dev,tipo=Avda.;num=N°;loc=mixta;mayusculas;sin_tildes
SYN-w439170841-2,synthetic,Avenida Aviación 1296 - La Victoria,,,,AVENIDA,AVIACION,1296,,,,150115,-12.074314,-77.011457,osm_unverified,,dev,tipo=Avenida;loc=guion
OSM-w441098981,osm_addr,Avenida México 2048,La Victoria,Lima,Lima,AVENIDA,MEXICO,2048,,,,150115,-12.069529,-77.005764,osm_unverified,,dev,addr:street y addr:housenumber de OSM
SYN-w441098981-1,synthetic,av. mexico #2048 la victoria,,,,AVENIDA,MEXICO,2048,,,,150115,-12.069529,-77.005764,osm_unverified,,dev,tipo=av.;num=#;loc=espacio;minusculas;sin_tildes
SYN-w441098981-2,synthetic,Avenida México N°2048 - La Victoria,,Lima,,AVENIDA,MEXICO,2048,,,,150115,-12.069529,-77.005764,osm_unverified,,dev,tipo=Avenida;num=N°;loc=mixta
OSM-w441098982,osm_addr,Avenida México 1937,La Victoria,Lima,Lima,AVENIDA,MEXICO,1937,,,,150115,-12.069220,-77.008581,osm_unverified,,dev,addr:street y addr:housenumber de OSM
SYN-w441098982-1,synthetic,"Av.México Nro. 1937, La Victoria",,,,AVENIDA,MEXICO,1937,,,,150115,-12.069220,-77.008581,osm_unverified,,dev,tipo=Av.;num=Nro.;tipo_pegado;loc=coma
SYN-w441098982-2,synthetic,Av. Mexico Nro. 1937 Of. 502,La Victoria,,,AVENIDA,MEXICO,1937,,,,150115,-12.069220,-77.008581,osm_unverified,,dev,tipo=Av.;num=Nro.;interior;loc=campo;sin_tildes
OSM-w444004286,osm_addr,Avenida Manco Cápac 600,La Victoria,Lima,Lima,AVENIDA,MANCO CAPAC,600,,,,150115,-12.066101,-77.029229,osm_unverified,,dev,addr:street y addr:housenumber de OSM
SYN-w444004286-1,synthetic,Avenida Manco Cápac #600 La Victoria,,,,AVENIDA,MANCO CAPAC,600,,,,150115,-12.066101,-77.029229,osm_unverified,,dev,tipo=Avenida;num=#;loc=espacio
SYN-w444004286-2,synthetic,AV MANCO CAPAC 600 LA VICTORIA,,,,AVENIDA,MANCO CAPAC,600,,,,150115,-12.066101,-77.029229,osm_unverified,,dev,tipo=Av;loc=espacio;mayusculas;sin_tildes
OSM-n12832263301,osm_addr,Avenida Petit Thouars 2545,Lince,Lima,Lima,AVENIDA,PETIT THOUARS,2545,,,,150116,-12.089269,-77.032594,osm_unverified,,dev,addr:street y addr:housenumber de OSM
SYN-n12832263301-1,synthetic,"Av Petit Thouars Nº 2545, Lince, Lima, Lima",,,,AVENIDA,PETIT THOUARS,2545,,,,150116,-12.089269,-77.032594,osm_unverified,,dev,tipo=Av;num=Nº;loc=dist_prov_dep
SYN-n12832263301-2,synthetic,"Av Petit Thouars # 2545 Of. 502, Lince, Lima",,,,AVENIDA,PETIT THOUARS,2545,,,,150116,-12.089269,-77.032594,osm_unverified,,dev,tipo=Av;num=#;interior;loc=dist_prov
OSM-n5021201933,osm_addr,Mama Ocllo 2468,Lince,Lima,Lima,,MAMA OCLLO,2468,,,,150116,-12.089971,-77.043355,osm_unverified,,test,addr:street y addr:housenumber de OSM
SYN-n5021201933-1,synthetic,"Mama Ocllo Nro 2468, Lince, Lima",,,,,MAMA OCLLO,2468,,,,150116,-12.089971,-77.043355,osm_unverified,,test,num=Nro;loc=dist_prov;sin_tildes
SYN-n5021201933-2,synthetic,Mama Ocllo N° 2468 Int. 3,Lince,,,,MAMA OCLLO,2468,,,,150116,-12.089971,-77.043355,osm_unverified,,test,num=N°;interior;loc=campo;sin_tildes
OSM-n5084554357,osm_addr,Avenida Ricardo Rivera Navarrete 149,Lince,Lima,Lima,AVENIDA,RICARDO RIVERA NAVARRETE,149,,,,150116,-12.087240,-77.027730,osm_unverified,,dev,addr:street y addr:housenumber de OSM
SYN-n5084554357-1,synthetic,"Avda. Ricardo Rivera Navarrete Nro 149, Lince",,,,AVENIDA,RICARDO RIVERA NAVARRETE,149,,,,150116,-12.087240,-77.027730,osm_unverified,,dev,tipo=Avda.;num=Nro;loc=coma;sin_tildes
SYN-n5084554357-2,synthetic,"AV. RICARDO RIVERA NAVARRETE N° 149, LINCE, LIMA, LIMA",,,,AVENIDA,RICARDO RIVERA NAVARRETE,149,,,,150116,-12.087240,-77.027730,osm_unverified,,dev,tipo=av.;num=N°;loc=dist_prov_dep;mayusculas
OSM-n5397334824,osm_addr,Avenida Paseo de la República 2232,Lince,Lima,Lima,AVENIDA,PASEO DE LA REPUBLICA,2232,,,,150116,-12.087357,-77.025155,osm_unverified,,dev,addr:street y addr:housenumber de OSM
SYN-n5397334824-1,synthetic,AV.PASEO DE LA REPÚBLICA N°2232 OF. 502 LINCE,,,,AVENIDA,PASEO DE LA REPUBLICA,2232,,,,150116,-12.087357,-77.025155,osm_unverified,,dev,tipo=av.;num=N°;tipo_pegado;interior;loc=espacio;mayusculas
SYN-n5397334824-2,synthetic,"av. Paseo de la República Nro. 2232, Lince",,,,AVENIDA,PASEO DE LA REPUBLICA,2232,,,,150116,-12.087357,-77.025155,osm_unverified,,dev,tipo=av.;num=Nro.;loc=coma
OSM-n9089803554,osm_addr,Avenida Ignacio Merino 2302,Lince,Lima,Lima,AVENIDA,IGNACIO MERINO,2302,,,,150116,-12.086740,-77.032189,osm_unverified,,test,addr:street y addr:housenumber de OSM
SYN-n9089803554-1,synthetic,"AV. Ignacio Merino nro. 2302 Dpto 1203, Lince, Lima",,,,AVENIDA,IGNACIO MERINO,2302,,,,150116,-12.086740,-77.032189,osm_unverified,,test,tipo=AV.;num=nro.;interior;loc=dist_prov;sin_tildes
SYN-n9089803554-2,synthetic,"Av Ignacio Merino 2302, Lince, Lima, Lima",,,,AVENIDA,IGNACIO MERINO,2302,,,,150116,-12.086740,-77.032189,osm_unverified,,test,tipo=Av;loc=dist_prov_dep
OSM-n9089803555,osm_addr,Avenida Ignacio Merino 2400,Lince,Lima,Lima,AVENIDA,IGNACIO MERINO,2400,,,,150116,-12.087672,-77.032060,osm_unverified,,test,addr:street y addr:housenumber de OSM
SYN-n9089803555-1,synthetic,AV. IGNACIO MERINO 2400,Lince,,,AVENIDA,IGNACIO MERINO,2400,,,,150116,-12.087672,-77.032060,osm_unverified,,test,tipo=Av.;loc=campo;mayusculas
SYN-n9089803555-2,synthetic,Av Ignacio Merino Nro 2400 - Lince,,Lima,,AVENIDA,IGNACIO MERINO,2400,,,,150116,-12.087672,-77.032060,osm_unverified,,test,tipo=Av;num=Nro;loc=mixta;sin_tildes
OSM-w1083882566,osm_addr,Jirón Tomás Guido 250,Lince,Lima,Lima,JIRON,TOMAS GUIDO,250,,,,150116,-12.087169,-77.033429,osm_unverified,,dev,addr:street y addr:housenumber de OSM
SYN-w1083882566-1,synthetic,Jr Tomás Guido 250 - Lince,,,,JIRON,TOMAS GUIDO,250,,,,150116,-12.087169,-77.033429,osm_unverified,,dev,tipo=Jr;loc=guion
SYN-w1083882566-2,synthetic,"jr.Tomás Guido Nro. 250 Int 4B, Lince",,,,JIRON,TOMAS GUIDO,250,,,,150116,-12.087169,-77.033429,osm_unverified,,dev,tipo=jr.;num=Nro.;tipo_pegado;interior;loc=coma
OSM-w436284931,osm_addr,Avenida José Leal 296,Lince,Lima,Lima,AVENIDA,JOSE LEAL,296,,,,150116,-12.084865,-77.037181,osm_unverified,,dev,addr:street y addr:housenumber de OSM
SYN-w436284931-1,synthetic,av. jose leal #296 - lince,,,,AVENIDA,JOSE LEAL,296,,,,150116,-12.084865,-77.037181,osm_unverified,,dev,tipo=AV.;num=#;loc=guion;minusculas;sin_tildes
SYN-w436284931-2,synthetic,"Jose Leal #296, Lince, Lima, Lima",,,,,JOSE LEAL,296,,,,150116,-12.084865,-77.037181,osm_unverified,,dev,tipo_omitido;num=#;loc=dist_prov_dep;sin_tildes
OSM-w436284933,osm_addr,Jirón Mariscal William Miller 2251,Lince,Lima,Lima,JIRON,MARISCAL WILLIAM MILLER,2251,,,,150116,-12.086901,-77.036851,osm_unverified,,dev,addr:street y addr:housenumber de OSM
SYN-w436284933-1,synthetic,Jr. Mcal. William Miller #2251 Int. 3,Lince,,,JIRON,MARISCAL WILLIAM MILLER,2251,,,,150116,-12.086901,-77.036851,osm_unverified,,dev,titulo_abreviado;tipo=Jr.;num=#;interior;loc=campo
SYN-w436284933-2,synthetic,jr. Mcal. William Miller 2251 - Lince,,,,JIRON,MARISCAL WILLIAM MILLER,2251,,,,150116,-12.086901,-77.036851,osm_unverified,,dev,titulo_abreviado;tipo=jr.;loc=guion;sin_tildes
OSM-w436284934,osm_addr,Jirón Mariscal William Miller 2291,Lince,Lima,Lima,JIRON,MARISCAL WILLIAM MILLER,2291,,,,150116,-12.087181,-77.036814,osm_unverified,,dev,addr:street y addr:housenumber de OSM
SYN-w436284934-1,synthetic,"Mariscal William Miller nro. 2291 Dpto. 201, Lince, Lima",,,,,MARISCAL WILLIAM MILLER,2291,,,,150116,-12.087181,-77.036814,osm_unverified,,dev,tipo_omitido;num=nro.;interior;loc=dist_prov
SYN-w436284934-2,synthetic,"JR. MCAL. WILLIAM MILLER NRO. 2291, LINCE, LIMA",,,,JIRON,MARISCAL WILLIAM MILLER,2291,,,,150116,-12.087181,-77.036814,osm_unverified,,dev,titulo_abreviado;tipo=Jr.;num=Nro.;loc=dist_prov;mayusculas;sin_tildes
OSM-w436284937,osm_addr,Joaquin Bernal 650,Lince,Lima,Lima,,JOAQUIN BERNAL,650,,,,150116,-12.086868,-77.039082,osm_unverified,,test,addr:street y addr:housenumber de OSM
SYN-w436284937-1,synthetic,"Joaquin Bernal #650, Lince, Lima",,,,,JOAQUIN BERNAL,650,,,,150116,-12.086868,-77.039082,osm_unverified,,test,num=#;loc=dist_prov
SYN-w436284937-2,synthetic,"Joaquin Bernal 650, Lince",,,,,JOAQUIN BERNAL,650,,,,150116,-12.086868,-77.039082,osm_unverified,,test,loc=coma
OSM-w436478049,osm_addr,Avenida Petit Thouars 2488,Lince,Lima,Lima,AVENIDA,PETIT THOUARS,2488,,,,150116,-12.088776,-77.032888,osm_unverified,,dev,addr:street y addr:housenumber de OSM
SYN-w436478049-1,synthetic,"AVDA.PETIT THOUARS 2488, LINCE, LIMA, LIMA",,,,AVENIDA,PETIT THOUARS,2488,,,,150116,-12.088776,-77.032888,osm_unverified,,dev,tipo=Avda.;tipo_pegado;loc=dist_prov_dep;mayusculas;sin_tildes
SYN-w436478049-2,synthetic,"Av Petit Thouars Nro 2488, Lince, Lima",,,,AVENIDA,PETIT THOUARS,2488,,,,150116,-12.088776,-77.032888,osm_unverified,,dev,tipo=Av;num=Nro;loc=dist_prov
OSM-w436636545,osm_addr,Calle Francisco Masías 2685,Lince,Lima,Lima,CALLE,FRANCISCO MASIAS,2685,,,,150116,-12.089313,-77.025963,osm_unverified,,dev,addr:street y addr:housenumber de OSM
SYN-w436636545-1,synthetic,calle Francisco Masías N°2685 Lince,,,,CALLE,FRANCISCO MASIAS,2685,,,,150116,-12.089313,-77.025963,osm_unverified,,dev,tipo=calle;num=N°;loc=espacio
SYN-w436636545-2,synthetic,Ca. Francisco Masias 2685,Lince,,,CALLE,FRANCISCO MASIAS,2685,,,,150116,-12.089313,-77.025963,osm_unverified,,dev,tipo=Ca.;loc=campo;sin_tildes
OSM-w436636548,osm_addr,Calle Los Mirtos 281,Lince,Lima,Lima,CALLE,LOS MIRTOS,281,,,,150116,-12.089044,-77.027541,osm_unverified,,dev,addr:street y addr:housenumber de OSM
SYN-w436636548-1,synthetic,Cl. Los Mirtos Nro 281 - Lince,,Lima,,CALLE,LOS MIRTOS,281,,,,150116,-12.089044,-77.027541,osm_unverified,,dev,tipo=Cl.;num=Nro;loc=mixta;sin_tildes
SYN-w436636548-2,synthetic,CLL LOS MIRTOS N° 281,Lince,,,CALLE,LOS MIRTOS,281,,,,150116,-12.089044,-77.027541,osm_unverified,,dev,tipo=Cll;num=N°;loc=campo;mayusculas
OSM-w436746374,osm_addr,Jirón José de la Torre Ugarte 475,Lince,Lima,Lima,JIRON,JOSE DE LA TORRE UGARTE,475,,,,150116,-12.088548,-77.031059,osm_unverified,,dev,addr:street y addr:housenumber de OSM
SYN-w436746374-1,synthetic,jr. Jose de la Torre Ugarte N°475 Lince,,,,JIRON,JOSE DE LA TORRE UGARTE,475,,,,150116,-12.088548,-77.031059,osm_unverified,,dev,tipo=jr.;num=N°;loc=espacio;sin_tildes
SYN-w436746374-2,synthetic,Jr.Jose de la Torre Ugarte Nro. 475 Int. 3,Lince,,,JIRON,JOSE DE LA TORRE UGARTE,475,,,,150116,-12.088548,-77.031059,osm_unverified,,dev,tipo=Jr.;num=Nro.;tipo_pegado;interior;loc=campo;sin_tildes
OSM-w436746379,osm_addr,Jirón José Bernardo Alcedo 510,Lince,Lima,Lima,JIRON,JOSE BERNARDO ALCEDO,510,,,,150116,-12.084332,-77.031110,osm_unverified,,test,addr:street y addr:housenumber de OSM
SYN-w436746379-1,synthetic,"JIRÓN JOSÉ BERNARDO ALCEDO NRO 510, LINCE, LIMA, LIMA",,,,JIRON,JOSE BERNARDO ALCEDO,510,,,,150116,-12.084332,-77.031110,osm_unverified,,test,tipo=Jirón;num=Nro;loc=dist_prov_dep;mayusculas
SYN-w436746379-2,synthetic,jiron jose bernardo alcedo n° 510,Lince,,,JIRON,JOSE BERNARDO ALCEDO,510,,,,150116,-12.084332,-77.031110,osm_unverified,,test,tipo=Jirón;num=N°;loc=campo;minusculas;sin_tildes
OSM-w436787744,osm_addr,Avenida Cesar Vallejo 1152,Lince,Lima,Lima,AVENIDA,CESAR VALLEJO,1152,,,,150116,-12.087607,-77.043195,osm_unverified,,test,addr:street y addr:housenumber de OSM
SYN-w436787744-1,synthetic,Cesar Vallejo 1152 - Lince,,,,,CESAR VALLEJO,1152,,,,150116,-12.087607,-77.043195,osm_unverified,,test,tipo_omitido;loc=guion;sin_tildes
SYN-w436787744-2,synthetic,"Avda. Cesar Vallejo Nº 1152, Lince, Lima, Lima",,,,AVENIDA,CESAR VALLEJO,1152,,,,150116,-12.087607,-77.043195,osm_unverified,,test,tipo=Avda.;num=Nº;loc=dist_prov_dep
OSM-w436787745,osm_addr,Avenida Cesar Vallejo 1188,Lince,Lima,Lima,AVENIDA,CESAR VALLEJO,1188,,,,150116,-12.087480,-77.043329,osm_unverified,,test,addr:street y addr:housenumber de OSM
SYN-w436787745-1,synthetic,"Avda. Cesar Vallejo 1188, Lince, Lima",,,,AVENIDA,CESAR VALLEJO,1188,,,,150116,-12.087480,-77.043329,osm_unverified,,test,tipo=Avda.;loc=dist_prov;sin_tildes
SYN-w436787745-2,synthetic,"Avenida Cesar Vallejo 1188, Lince, Lima",,,,AVENIDA,CESAR VALLEJO,1188,,,,150116,-12.087480,-77.043329,osm_unverified,,test,tipo=Avenida;loc=dist_prov;sin_tildes
OSM-w436797590,osm_addr,Jirón General Trinidad Morán 1396,Lince,Lima,Lima,JIRON,GENERAL TRINIDAD MORAN,1396,,,,150116,-12.090504,-77.045353,osm_unverified,,dev,addr:street y addr:housenumber de OSM
SYN-w436797590-1,synthetic,"Jiron General Trinidad Moran Nro 1396, Lince, Lima",,,,JIRON,GENERAL TRINIDAD MORAN,1396,,,,150116,-12.090504,-77.045353,osm_unverified,,dev,tipo=Jirón;num=Nro;loc=dist_prov;sin_tildes
SYN-w436797590-2,synthetic,"JR. GENERAL TRINIDAD MORAN NRO 1396, LINCE, LIMA, LIMA",,,,JIRON,GENERAL TRINIDAD MORAN,1396,,,,150116,-12.090504,-77.045353,osm_unverified,,dev,tipo=Jr.;num=Nro;loc=dist_prov_dep;mayusculas;sin_tildes
OSM-w436797592,osm_addr,Avenida General Trinidad Morán 1462,Lince,Lima,Lima,AVENIDA,GENERAL TRINIDAD MORAN,1462,,,,150116,-12.090639,-77.046109,osm_unverified,,dev,addr:street y addr:housenumber de OSM
SYN-w436797592-1,synthetic,av. General Trinidad Moran # 1462 - Lince,,Lima,,AVENIDA,GENERAL TRINIDAD MORAN,1462,,,,150116,-12.090639,-77.046109,osm_unverified,,dev,tipo=av.;num=#;loc=mixta;sin_tildes
SYN-w436797592-2,synthetic,AV. Gral. Trinidad Morán Nro. 1462 - Lince,,Lima,,AVENIDA,GENERAL TRINIDAD MORAN,1462,,,,150116,-12.090639,-77.046109,osm_unverified,,dev,titulo_abreviado;tipo=AV.;num=Nro.;loc=mixta
OSM-n11665414080,osm_addr,Avenida Alfredo Mendiola 5736,Los Olivos,Lima,Lima,AVENIDA,ALFREDO MENDIOLA,5736,,,,150117,-11.966824,-77.067141,osm_unverified,,dev,addr:street y addr:housenumber de OSM
SYN-n11665414080-1,synthetic,"AVENIDA ALFREDO MENDIOLA 5736, LOS OLIVOS, LIMA",,,,AVENIDA,ALFREDO MENDIOLA,5736,,,,150117,-11.966824,-77.067141,osm_unverified,,dev,tipo=Avenida;loc=dist_prov;mayusculas
SYN-n11665414080-2,synthetic,"Alfredo Mendiola #5736, Los Olivos, Lima, Lima",,,,,ALFREDO MENDIOLA,5736,,,,150117,-11.966824,-77.067141,osm_unverified,,dev,tipo_omitido;num=#;loc=dist_prov_dep
OSM-n11665435402,osm_addr,Avenida El Zinc 371,Los Olivos,Lima,Lima,AVENIDA,EL ZINC,371,,,,150117,-11.966104,-77.067148,osm_unverified,,dev,addr:street y addr:housenumber de OSM
SYN-n11665435402-1,synthetic,"AV. EL ZINC NRO. 371, LOS OLIVOS",,,,AVENIDA,EL ZINC,371,,,,150117,-11.966104,-77.067148,osm_unverified,,dev,tipo=AV.;num=Nro.;loc=coma;mayusculas
SYN-n11665435402-2,synthetic,Avda. El Zinc #371 - Los Olivos,,,,AVENIDA,EL ZINC,371,,,,150117,-11.966104,-77.067148,osm_unverified,,dev,tipo=Avda.;num=#;loc=guion;sin_tildes
OSM-n12999764876,osm_addr,Alameda Central 132,Los Olivos,Lima,Lima,ALAMEDA,CENTRAL,132,,,,150117,-11.982087,-77.069140,osm_unverified,,test,addr:street y addr:housenumber de OSM
SYN-n12999764876-1,synthetic,"alameda central n° 132 dpto 1203, los olivos, lima, lima",,,,ALAMEDA,CENTRAL,132,,,,150117,-11.982087,-77.069140,osm_unverified,,test,tipo=Alameda;num=N°;interior;loc=dist_prov_dep;minusculas
SYN-n12999764876-2,synthetic,alm. central nro. 132 dpto. 201,Los Olivos,,,ALAMEDA,CENTRAL,132,,,,150117,-11.982087,-77.069140,osm_unverified,,test,tipo=Alm.;num=Nro.;interior;loc=campo;minusculas;sin_tildes
OSM-n13091232186,osm_addr,Jirón Pariahuanca 790A,Los Olivos,Lima,Lima,JIRON,PARIAHUANCA,790A,,,,150117,-11.980051,-77.071863,osm_unverified,,dev,addr:street y addr:housenumber de OSM
SYN-n13091232186-1,synthetic,"jr. Pariahuanca Nro 790A, Los Olivos, Lima, Lima",,,,JIRON,PARIAHUANCA,790A,,,,150117,-11.980051,-77.071863,osm_unverified,,dev,tipo=jr.;num=Nro;loc=dist_prov_dep
SYN-n13091232186-2,synthetic,Jiron Pariahuanca Nº 790 A - Los Olivos,,Lima,,JIRON,PARIAHUANCA,790A,,,,150117,-11.980051,-77.071863,osm_unverified,,dev,tipo=Jirón;num=Nº;loc=mixta;sin_tildes
OSM-n13091232187,osm_addr,Jirón Pariahuanca 790B,Los Olivos,Lima,Lima,JIRON,PARIAHUANCA,790B,,,,150117,-11.980036,-77.071913,osm_unverified,,dev,addr:street y addr:housenumber de OSM
SYN-n13091232187-1,synthetic,"Jiron Pariahuanca Nº 790-B, Los Olivos",,,,JIRON,PARIAHUANCA,790B,,,,150117,-11.980036,-77.071913,osm_unverified,,dev,tipo=Jiron;num=Nº;loc=coma;sin_tildes
SYN-n13091232187-2,synthetic,"jiron pariahuanca nº 790-b, los olivos, lima",,,,JIRON,PARIAHUANCA,790B,,,,150117,-11.980036,-77.071913,osm_unverified,,dev,tipo=Jiron;num=Nº;loc=dist_prov;minusculas;sin_tildes
OSM-n4517915707,osm_addr,Avenida Naranjal 1075,Los Olivos,Lima,Lima,AVENIDA,NARANJAL,1075,,,,150117,-11.978569,-77.076051,osm_unverified,,test,addr:street y addr:housenumber de OSM
SYN-n4517915707-1,synthetic,AV. Naranjal Nº 1075 Dpto 1203 - Los Olivos,,Lima,,AVENIDA,NARANJAL,1075,,,,150117,-11.978569,-77.076051,osm_unverified,,test,tipo=AV.;num=Nº;interior;loc=mixta;sin_tildes
SYN-n4517915707-2,synthetic,"av naranjal nro. 1075, los olivos",,,,AVENIDA,NARANJAL,1075,,,,150117,-11.978569,-77.076051,osm_unverified,,test,tipo=Av;num=nro.;loc=coma;minusculas
OSM-n4517915708,osm_addr,Avenida Universitaria 4927,Los Olivos,Lima,Lima,AVENIDA,UNIVERSITARIA,4927,,,,150117,-11.978621,-77.077978,osm_unverified,,dev,addr:street y addr:housenumber de OSM
SYN-n4517915708-1,synthetic,"Avenida Universitaria N°4927, Los Olivos, Lima, Lima",,,,AVENIDA,UNIVERSITARIA,4927,,,,150117,-11.978621,-77.077978,osm_unverified,,dev,tipo=Avenida;num=N°;loc=dist_prov_dep
SYN-n4517915708-2,synthetic,"Av. Universitaria # 4927, Los Olivos",,,,AVENIDA,UNIVERSITARIA,4927,,,,150117,-11.978621,-77.077978,osm_unverified,,dev,tipo=Av.;num=#;loc=coma
OSM-n5064474470,osm_addr,Avenida Central 929,Los Olivos,Lima,Lima,AVENIDA,CENTRAL,929,,,,150117,-11.958640,-77.077840,osm_unverified,,test,addr:street y addr:housenumber de OSM
SYN-n5064474470-1,synthetic,Central 929 - Los Olivos,,,,,CENTRAL,929,,,,150117,-11.958640,-77.077840,osm_unverified,,test,tipo_omitido;loc=guion
SYN-n5064474470-2,synthetic,Avda. Central Nº 929 - Los Olivos,,,,AVENIDA,CENTRAL,929,,,,150117,-11.958640,-77.077840,osm_unverified,,test,tipo=Avda.;num=Nº;loc=guion
OSM-n5065010196,osm_addr,Avenida Naranjal 1603,Los Olivos,Lima,Lima,AVENIDA,NARANJAL,1603,,,,150117,-11.975523,-77.085724,osm_unverified,,test,addr:street y addr:housenumber de OSM
SYN-n5065010196-1,synthetic,"NARANJAL NRO 1603, LOS OLIVOS, LIMA, LIMA",,,,,NARANJAL,1603,,,,150117,-11.975523,-77.085724,osm_unverified,,test,tipo_omitido;num=Nro;loc=dist_prov_dep;mayusculas
SYN-n5065010196-2,synthetic,AV. Naranjal N° 1603 Of. 502 Los Olivos,,,,AVENIDA,NARANJAL,1603,,,,150117,-11.975523,-77.085724,osm_unverified,,test,tipo=AV.;num=N°;interior;loc=espacio
OSM-n5576323777,osm_addr,Alejos Alvares 101,Los Olivos,Lima,Lima,,ALEJOS ALVARES,101,,,,150117,-11.983455,-77.065911,osm_unverified,,dev,addr:street y addr:housenumber de OSM
SYN-n5576323777-1,synthetic,"Alejos Alvares #101, Los Olivos, Lima, Lima",,,,,ALEJOS ALVARES,101,,,,150117,-11.983455,-77.065911,osm_unverified,,dev,num=#;loc=dist_prov_dep
SYN-n5576323777-2,synthetic,"Alejos Alvares nro. 101, Los Olivos, Lima",,,,,ALEJOS ALVARES,101,,,,150117,-11.983455,-77.065911,osm_unverified,,dev,num=nro.;loc=dist_prov;sin_tildes
OSM-n5577014920,osm_addr,Carlos Augusto Salaverry 3616,Los Olivos,Lima,Lima,,CARLOS AUGUSTO SALAVERRY,3616,,,,150117,-11.992593,-77.064773,osm_unverified,,dev,addr:street y addr:housenumber de OSM
SYN-n5577014920-1,synthetic,Carlos Augusto Salaverry nro. 3616 Int. 3 - Los Olivos,,,,,CARLOS AUGUSTO SALAVERRY,3616,,,,150117,-11.992593,-77.064773,osm_unverified,,dev,num=nro.;interior;loc=guion
SYN-n5577014920-2,synthetic,"CARLOS AUGUSTO SALAVERRY NRO 3616, LOS OLIVOS",,,,,CARLOS AUGUSTO SALAVERRY,3616,,,,150117,-11.992593,-77.064773,osm_unverified,,dev,num=Nro;loc=coma;mayusculas;sin_tildes
OSM-n5577014921,osm_addr,Jirón Manuel Gonzales Prada 287A,Los Olivos,Lima,Lima,JIRON,MANUEL GONZALES PRADA,287A,,,,150117,-11.996002,-77.066627,osm_unverified,,dev,addr:street y addr:housenumber de OSM
SYN-n5577014921-1,synthetic,Jr Manuel Gonzales Prada N° 287-A,Los Olivos,,,JIRON,MANUEL GONZALES PRADA,287A,,,,150117,-11.996002,-77.066627,osm_unverified,,dev,tipo=Jr;num=N°;loc=campo
SYN-n5577014921-2,synthetic,Manuel Gonzales Prada # 287-A Los Olivos,,,,,MANUEL GONZALES PRADA,287A,,,,150117,-11.996002,-77.066627,osm_unverified,,dev,tipo_omitido;num=#;loc=espacio;sin_tildes
OSM-n5577060739,osm_addr,La Luna 7190,Los Olivos,Lima,Lima,,LA LUNA,7190,,,,150117,-12.003000,-77.062630,osm_unverified,,dev,addr:street y addr:housenumber de OSM
SYN-n5577060739-1,synthetic,La Luna nro. 7190 Los Olivos,,,,,LA LUNA,7190,,,,150117,-12.003000,-77.062630,osm_unverified,,dev,num=nro.;loc=espacio;sin_tildes
SYN-n5577060739-2,synthetic,"LA LUNA Nº 7190, LOS OLIVOS, LIMA, LIMA",,,,,LA LUNA,7190,,,,150117,-12.003000,-77.062630,osm_unverified,,dev,num=Nº;loc=dist_prov_dep;mayusculas
OSM-n5852202685,osm_addr,Jirón Río Santa 290,Los Olivos,Lima,Lima,JIRON,RIO SANTA,290,,,,150117,-11.996338,-77.083237,osm_unverified,,dev,addr:street y addr:housenumber de OSM
SYN-n5852202685-1,synthetic,"JIRON RIO SANTA 290, LOS OLIVOS, LIMA, LIMA",,,,JIRON,RIO SANTA,290,,,,150117,-11.996338,-77.083237,osm_unverified,,dev,tipo=Jiron;loc=dist_prov_dep;mayusculas;sin_tildes
SYN-n5852202685-2,synthetic,Jr. Río Santa Nro. 290 Dpto 1203,Los Olivos,,,JIRON,RIO SANTA,290,,,,150117,-11.996338,-77.083237,osm_unverified,,dev,tipo=Jr.;num=Nro.;interior;loc=campo
OSM-n9843222731,osm_addr,Jirón San Andrés 6299,Los Olivos,Lima,Lima,JIRON,SAN ANDRES,6299,,,,150117,-11.953717,-77.067324,osm_unverified,,test,addr:street y addr:housenumber de OSM
SYN-n9843222731-1,synthetic,jr. Sn Andrés nro. 6299 - Los Olivos,,,,JIRON,SAN ANDRES,6299,,,,150117,-11.953717,-77.067324,osm_unverified,,test,titulo_abreviado;tipo=jr.;num=nro.;loc=guion
SYN-n9843222731-2,synthetic,Jirón Sn Andrés nro. 6299,Los Olivos,,,JIRON,SAN ANDRES,6299,,,,150117,-11.953717,-77.067324,osm_unverified,,test,titulo_abreviado;tipo=Jirón;num=nro.;loc=campo
OSM-w1382219319,osm_addr,Jirón Cesar Vallejo 1236,Los Olivos,Lima,Lima,JIRON,CESAR VALLEJO,1236,,,,150117,-11.992169,-77.077219,osm_unverified,,dev,addr:street y addr:housenumber de OSM
SYN-w1382219319-1,synthetic,"JR. Cesar Vallejo Nº 1236, Los Olivos, Lima, Lima",,,,JIRON,CESAR VALLEJO,1236,,,,150117,-11.992169,-77.077219,osm_unverified,,dev,tipo=JR.;num=Nº;loc=dist_prov_dep
SYN-w1382219319-2,synthetic,"jr. cesar vallejo # 1236 dpto. 201, los olivos, lima, lima",,,,JIRON,CESAR VALLEJO,1236,,,,150117,-11.992169,-77.077219,osm_unverified,,dev,tipo=Jr.;num=#;interior;loc=dist_prov_dep;minusculas;sin_tildes
OSM-w435207090,osm_addr,Avenida Alfredo Mendiola 5515,Los Olivos,Lima,Lima,AVENIDA,ALFREDO MENDIOLA,5515,,,,150117,-11.971066,-77.067695,osm_unverified,,dev,addr:street y addr:housenumber de OSM
SYN-w435207090-1,synthetic,"av. alfredo mendiola 5515, los olivos, lima, lima",,,,AVENIDA,ALFREDO MENDIOLA,5515,,,,150117,-11.971066,-77.067695,osm_unverified,,dev,tipo=Av.;loc=dist_prov_dep;minusculas
SYN-w435207090-2,synthetic,"av. Alfredo Mendiola Nº 5515, Los Olivos, Lima",,,,AVENIDA,ALFREDO MENDIOLA,5515,,,,150117,-11.971066,-77.067695,osm_unverified,,dev,tipo=av.;num=Nº;loc=dist_prov
OSM-w70639032,osm_addr,Avenida Carlos Alberto Izaguirre 813,Los Olivos,Lima,Lima,AVENIDA,CARLOS ALBERTO IZAGUIRRE,813,,,,150117,-11.991648,-77.070949,osm_unverified,,dev,addr:street y addr:housenumber de OSM
SYN-w70639032-1,synthetic,"Avenida Carlos Alberto Izaguirre Nº 813 Int. 3, Los Olivos, Lima",,,,AVENIDA,CARLOS ALBERTO IZAGUIRRE,813,,,,150117,-11.991648,-77.070949,osm_unverified,,dev,tipo=Avenida;num=Nº;interior;loc=dist_prov;sin_tildes
SYN-w70639032-2,synthetic,"av. Carlos Alberto Izaguirre Nº 813, Los Olivos",,,,AVENIDA,CARLOS ALBERTO IZAGUIRRE,813,,,,150117,-11.991648,-77.070949,osm_unverified,,dev,tipo=av.;num=Nº;loc=coma
OSM-w780367523,osm_addr,Avenida Marañon 592,Los Olivos,Lima,Lima,AVENIDA,MARAÑON,592,,,,150117,-11.971321,-77.070310,osm_unverified,,dev,addr:street y addr:housenumber de OSM
SYN-w780367523-1,synthetic,"av. Marañon Nro. 592, Los Olivos",,,,AVENIDA,MARAÑON,592,,,,150117,-11.971321,-77.070310,osm_unverified,,dev,tipo=av.;num=Nro.;loc=coma
SYN-w780367523-2,synthetic,"Av. Marañon #592, Los Olivos, Lima",,,,AVENIDA,MARAÑON,592,,,,150117,-11.971321,-77.070310,osm_unverified,,dev,tipo=Av.;num=#;loc=dist_prov;sin_tildes
OSM-w970743542,osm_addr,San Hector 275,Los Olivos,Lima,Lima,,SAN HECTOR,275,,,,150117,-11.954254,-77.073104,osm_unverified,,test,addr:street y addr:housenumber de OSM
SYN-w970743542-1,synthetic,"San Hector N° 275 Of. 502, Los Olivos, Lima",,,,,SAN HECTOR,275,,,,150117,-11.954254,-77.073104,osm_unverified,,test,num=N°;interior;loc=dist_prov;sin_tildes
SYN-w970743542-2,synthetic,"Sn Hector 275, Los Olivos",,,,,SAN HECTOR,275,,,,150117,-11.954254,-77.073104,osm_unverified,,test,titulo_abreviado;loc=coma;sin_tildes
OSM-n3649712885,osm_addr,Arequipa 133,Lurigancho,Lima,Lima,,AREQUIPA,133,,,,150118,-11.935114,-76.693051,osm_unverified,,dev,addr:street y addr:housenumber de OSM
SYN-n3649712885-1,synthetic,"Arequipa Nº 133, Lurigancho, Lima, Lima",,,,,AREQUIPA,133,,,,150118,-11.935114,-76.693051,osm_unverified,,dev,num=Nº;loc=dist_prov_dep
SYN-n3649712885-2,synthetic,AREQUIPA NRO. 133 PISO 2,Lurigancho,,,,AREQUIPA,133,,,,150118,-11.935114,-76.693051,osm_unverified,,dev,num=nro.;interior;loc=campo;mayusculas
OSM-n4377818388,osm_addr,Carretera Central 1471,Lurigancho,Lima,Lima,CARRETERA,CENTRAL,1471,,,,150118,-11.943539,-76.707259,osm_unverified,,test,addr:street y addr:housenumber de OSM
SYN-n4377818388-1,synthetic,CARR. CENTRAL 1471,Lurigancho,,,CARRETERA,CENTRAL,1471,,,,150118,-11.943539,-76.707259,osm_unverified,,test,tipo=Carr.;loc=campo;mayusculas
SYN-n4377818388-2,synthetic,"carr. central nro. 1471, lurigancho, lima",,,,CARRETERA,CENTRAL,1471,,,,150118,-11.943539,-76.707259,osm_unverified,,test,tipo=Carr.;num=nro.;loc=dist_prov;minusculas;sin_tildes
OSM-n4616593789,osm_addr,Avenida Lima Norte 178,Lurigancho,Lima,Lima,AVENIDA,LIMA NORTE,178,,,,150118,-11.932971,-76.692997,osm_unverified,,test,addr:street y addr:housenumber de OSM
SYN-n4616593789-1,synthetic,"avenida lima norte nro 178, chosica, lima, lima",,,,AVENIDA,LIMA NORTE,178,,,,150118,-11.932971,-76.692997,osm_unverified,,test,tipo=Avenida;num=Nro;alias_distrito;loc=dist_prov_dep;minusculas
SYN-n4616593789-2,synthetic,"Avenida Lima Norte 178, Lurigancho Chosica, Lima, Lima",,,,AVENIDA,LIMA NORTE,178,,,,150118,-11.932971,-76.692997,osm_unverified,,test,tipo=Avenida;alias_distrito;loc=dist_prov_dep;sin_tildes
OSM-n4955246921,osm_addr,Calle Salaverry 280,Lurigancho,Lima,Lima,CALLE,SALAVERRY,280,,,,150118,-11.932410,-76.693549,osm_unverified,,dev,addr:street y addr:housenumber de OSM
SYN-n4955246921-1,synthetic,Calle Salaverry # 280 - Lurigancho,,Lima,,CALLE,SALAVERRY,280,,,,150118,-11.932410,-76.693549,osm_unverified,,dev,tipo=Calle;num=#;loc=mixta;sin_tildes
SYN-n4955246921-2,synthetic,Clle. Salaverry Nº 280 - Lurigancho,,,,CALLE,SALAVERRY,280,,,,150118,-11.932410,-76.693549,osm_unverified,,dev,tipo=Clle.;num=Nº;loc=guion
OSM-n4955297323,osm_addr,Calle Solea 199,Lurigancho,Lima,Lima,CALLE,SOLEA,199,,,,150118,-11.944481,-76.710845,osm_unverified,,dev,addr:street y addr:housenumber de OSM
SYN-n4955297323-1,synthetic,Clle. Solea # 199 - Lurigancho,,,,CALLE,SOLEA,199,,,,150118,-11.944481,-76.710845,osm_unverified,,dev,tipo=Clle.;num=#;loc=guion
SYN-n4955297323-2,synthetic,"CLL SOLEA 199, LURIGANCHO, LIMA, LIMA",,,,CALLE,SOLEA,199,,,,150118,-11.944481,-76.710845,osm_unverified,,dev,tipo=Cll;loc=dist_prov_dep;mayusculas;sin_tildes
OSM-n5021201944,osm_addr,Calle Nieveria 5605,Lurigancho,Lima,Lima,CALLE,NIEVERIA,5605,,,,150118,-11.996809,-76.917490,osm_unverified,,dev,addr:street y addr:housenumber de OSM
SYN-n5021201944-1,synthetic,CA. NIEVERIA N° 5605 - LURIGANCHO,,Lima,,CALLE,NIEVERIA,5605,,,,150118,-11.996809,-76.917490,osm_unverified,,dev,tipo=Ca.;num=N°;loc=mixta;mayusculas;sin_tildes
SYN-n5021201944-2,synthetic,"Cl. Nieveria Nro 5605, Lurigancho, Lima",,,,CALLE,NIEVERIA,5605,,,,150118,-11.996809,-76.917490,osm_unverified,,dev,tipo=Cl.;num=Nro;loc=dist_prov
OSM-n5207604321,osm_addr,Avenida Lima Norte 246,Lurigancho,Lima,Lima,AVENIDA,LIMA NORTE,246,,,,150118,-11.922781,-76.678776,osm_unverified,,test,addr:street y addr:housenumber de OSM
SYN-n5207604321-1,synthetic,AV. LIMA NORTE NRO. 246 INT. 3 LURIGANCHO,,,,AVENIDA,LIMA NORTE,246,,,,150118,-11.922781,-76.678776,osm_unverified,,test,tipo=Av.;num=Nro.;interior;loc=espacio;mayusculas
SYN-n5207604321-2,synthetic,av. Lima Norte Nº 246 - Lurigancho,,,,AVENIDA,LIMA NORTE,246,,,,150118,-11.922781,-76.678776,osm_unverified,,test,tipo=av.;num=Nº;loc=guion;sin_tildes
OSM-n5222547166,osm_addr,Avenida 5 205,Lurigancho,Lima,Lima,AVENIDA,5,205,,,,150118,-12.012202,-76.926220,osm_unverified,,test,addr:street y addr:housenumber de OSM
SYN-n5222547166-1,synthetic,"Av 5 205, Lurigancho, Lima",,,,AVENIDA,5,205,,,,150118,-12.012202,-76.926220,osm_unverified,,test,tipo=Av;loc=dist_prov
SYN-n5222547166-2,synthetic,AV.5 Nº 205 - LURIGANCHO,,,,AVENIDA,5,205,,,,150118,-12.012202,-76.926220,osm_unverified,,test,tipo=Av.;num=Nº;tipo_pegado;loc=guion;mayusculas
OSM-n6286116145,osm_addr,Jirón Arequipa 208,Lurigancho,Lima,Lima,JIRON,AREQUIPA,208,,,,150118,-11.933789,-76.694513,osm_unverified,,dev,addr:street y addr:housenumber de OSM
SYN-n6286116145-1,synthetic,Arequipa Nro. 208,Lurigancho,,,,AREQUIPA,208,,,,150118,-11.933789,-76.694513,osm_unverified,,dev,tipo_omitido;num=Nro.;loc=campo;sin_tildes
SYN-n6286116145-2,synthetic,"Arequipa nro. 208, Lurigancho, Lima, Lima",,,,,AREQUIPA,208,,,,150118,-11.933789,-76.694513,osm_unverified,,dev,tipo_omitido;num=nro.;loc=dist_prov_dep
OSM-n7018171562,osm_addr,Avenida Lima Sur 465,Lurigancho,Lima,Lima,AVENIDA,LIMA SUR,465,,,,150118,-11.936429,-76.695647,osm_unverified,,dev,addr:street y addr:housenumber de OSM
SYN-n7018171562-1,synthetic,AV. Lima Sur Nro. 465 Lurigancho,,,,AVENIDA,LIMA SUR,465,,,,150118,-11.936429,-76.695647,osm_unverified,,dev,tipo=AV.;num=Nro.;loc=espacio;sin_tildes
SYN-n7018171562-2,synthetic,Av. Lima Sur #465,Lurigancho,,,AVENIDA,LIMA SUR,465,,,,150118,-11.936429,-76.695647,osm_unverified,,dev,tipo=Av.;num=#;loc=campo
OSM-n7047384790,osm_addr,Jirón Trujillo Sur 496,Lurigancho,Lima,Lima,JIRON,TRUJILLO SUR,496,,,,150118,-11.935805,-76.697098,osm_unverified,,dev,addr:street y addr:housenumber de OSM
SYN-n7047384790-1,synthetic,JR.TRUJILLO SUR Nº 496,Lurigancho Chosica,,,JIRON,TRUJILLO SUR,496,,,,150118,-11.935805,-76.697098,osm_unverified,,dev,tipo=JR.;num=Nº;tipo_pegado;alias_distrito;loc=campo;mayusculas;sin_tildes
SYN-n7047384790-2,synthetic,"Jiron Trujillo Sur N°496, Lurigancho, Lima, Lima",,,,JIRON,TRUJILLO SUR,496,,,,150118,-11.935805,-76.697098,osm_unverified,,dev,tipo=Jiron;num=N°;loc=dist_prov_dep;sin_tildes
OSM-n9393405007,osm_addr,Jirón Arica 240,Lurigancho,Lima,Lima,JIRON,ARICA,240,,,,150118,-11.935513,-76.694102,osm_unverified,,test,addr:street y addr:housenumber de OSM
SYN-n9393405007-1,synthetic,jr. arica 240 - lurigancho chosica,,,,JIRON,ARICA,240,,,,150118,-11.935513,-76.694102,osm_unverified,,test,tipo=JR.;alias_distrito;loc=guion;minusculas;sin_tildes
SYN-n9393405007-2,synthetic,"JR. ARICA # 240, LURIGANCHO, LIMA",,,,JIRON,ARICA,240,,,,150118,-11.935513,-76.694102,osm_unverified,,test,tipo=JR.;num=#;loc=dist_prov;mayusculas
OSM-w1155958138,osm_addr,Calle Simón Bolívar 201,Lurigancho,Lima,Lima,CALLE,SIMON BOLIVAR,201,,,,150118,-11.944073,-76.712040,osm_unverified,,test,addr:street y addr:housenumber de OSM
SYN-w1155958138-1,synthetic,CL.SIMON BOLIVAR N° 201 - LURIGANCHO,,Lima,,CALLE,SIMON BOLIVAR,201,,,,150118,-11.944073,-76.712040,osm_unverified,,test,tipo=Cl.;num=N°;tipo_pegado;loc=mixta;mayusculas;sin_tildes
SYN-w1155958138-2,synthetic,Ca. Simón Bolívar 201 - Lurigancho,,,,CALLE,SIMON BOLIVAR,201,,,,150118,-11.944073,-76.712040,osm_unverified,,test,tipo=Ca.;loc=guion
OSM-w299601005,osm_addr,Carretera Central 24500,Lurigancho,Lima,Lima,CARRETERA,CENTRAL,24500,,,,150118,-11.972682,-76.770153,osm_unverified,,test,addr:street y addr:housenumber de OSM
SYN-w299601005-1,synthetic,carretera central nro. 24500 lurigancho,,,,CARRETERA,CENTRAL,24500,,,,150118,-11.972682,-76.770153,osm_unverified,,test,tipo=Carretera;num=Nro.;loc=espacio;minusculas
SYN-w299601005-2,synthetic,Carretera Central Nº 24500 Chosica,,,,CARRETERA,CENTRAL,24500,,,,150118,-11.972682,-76.770153,osm_unverified,,test,tipo=Carretera;num=Nº;alias_distrito;loc=espacio
OSM-w429707572,osm_addr,Avenida Las Flores 29000,Lurigancho,Lima,Lima,AVENIDA,LAS FLORES,29000,,,,150118,-11.957876,-76.734899,osm_unverified,,dev,addr:street y addr:housenumber de OSM
SYN-w429707572-1,synthetic,"AV. Las Flores nro. 29000, Lurigancho",,,,AVENIDA,LAS FLORES,29000,,,,150118,-11.957876,-76.734899,osm_unverified,,dev,tipo=AV.;num=nro.;loc=coma
SYN-w429707572-2,synthetic,Avda.Las Flores Nro. 29000 Chosica,,,,AVENIDA,LAS FLORES,29000,,,,150118,-11.957876,-76.734899,osm_unverified,,dev,tipo=Avda.;num=Nro.;tipo_pegado;alias_distrito;loc=espacio;sin_tildes
OSM-w429717919,osm_addr,Jirón Tacna 430,Lurigancho,Lima,Lima,JIRON,TACNA,430,,,,150118,-11.936175,-76.698072,osm_unverified,,dev,addr:street y addr:housenumber de OSM
SYN-w429717919-1,synthetic,JIRON TACNA # 430 LURIGANCHO,,,,JIRON,TACNA,430,,,,150118,-11.936175,-76.698072,osm_unverified,,dev,tipo=Jiron;num=#;loc=espacio;mayusculas;sin_tildes
SYN-w429717919-2,synthetic,JR TACNA N°430 - LURIGANCHO,,,,JIRON,TACNA,430,,,,150118,-11.936175,-76.698072,osm_unverified,,dev,tipo=Jr;num=N°;loc=guion;mayusculas;sin_tildes
OSM-w440078890,osm_addr,Calle Navidad 142,Lurigancho,Lima,Lima,CALLE,NAVIDAD,142,,,,150118,-11.942749,-76.706417,osm_unverified,,test,addr:street y addr:housenumber de OSM
SYN-w440078890-1,synthetic,"Cl.Navidad # 142 Int. 3, Lurigancho, Lima, Lima",,,,CALLE,NAVIDAD,142,,,,150118,-11.942749,-76.706417,osm_unverified,,test,tipo=Cl.;num=#;tipo_pegado;interior;loc=dist_prov_dep;sin_tildes
SYN-w440078890-2,synthetic,"Cl. Navidad Nro 142, Lurigancho Chosica, Lima",,,,CALLE,NAVIDAD,142,,,,150118,-11.942749,-76.706417,osm_unverified,,test,tipo=Cl.;num=Nro;alias_distrito;loc=dist_prov;sin_tildes
OSM-w440078891,osm_addr,Calle Navidad 137,Lurigancho,Lima,Lima,CALLE,NAVIDAD,137,,,,150118,-11.942581,-76.706886,osm_unverified,,test,addr:street y addr:housenumber de OSM
SYN-w440078891-1,synthetic,"CALLE NAVIDAD Nº 137, LURIGANCHO, LIMA, LIMA",,,,CALLE,NAVIDAD,137,,,,150118,-11.942581,-76.706886,osm_unverified,,test,tipo=calle;num=Nº;loc=dist_prov_dep;mayusculas;sin_tildes
SYN-w440078891-2,synthetic,"Calle Navidad Nº 137, Lurigancho, Lima",,,,CALLE,NAVIDAD,137,,,,150118,-11.942581,-76.706886,osm_unverified,,test,tipo=Calle;num=Nº;loc=dist_prov
OSM-w723007608,osm_addr,Avenida Lima Sur 765,Lurigancho,Lima,Lima,AVENIDA,LIMA SUR,765,,,,150118,-11.939293,-76.697773,osm_unverified,,dev,addr:street y addr:housenumber de OSM
SYN-w723007608-1,synthetic,AV.LIMA SUR NRO. 765,Chosica,,,AVENIDA,LIMA SUR,765,,,,150118,-11.939293,-76.697773,osm_unverified,,dev,tipo=AV.;num=Nro.;tipo_pegado;alias_distrito;loc=campo;mayusculas
SYN-w723007608-2,synthetic,av. Lima Sur 765,Chosica,,,AVENIDA,LIMA SUR,765,,,,150118,-11.939293,-76.697773,osm_unverified,,dev,tipo=av.;alias_distrito;loc=campo;sin_tildes
OSM-w866368091,osm_addr,Calle Los Crisantemos 3,Lurigancho,Lima,Lima,CALLE,LOS CRISANTEMOS,3,,,,150118,-11.972855,-76.782675,osm_unverified,,dev,addr:street y addr:housenumber de OSM
SYN-w866368091-1,synthetic,los crisantemos #3 dpto. 201 lurigancho,,,,,LOS CRISANTEMOS,3,,,,150118,-11.972855,-76.782675,osm_unverified,,dev,tipo_omitido;num=#;interior;loc=espacio;minusculas;sin_tildes
SYN-w866368091-2,synthetic,Clle. Los Crisantemos 3 Int 4B - Lurigancho,,Lima,,CALLE,LOS CRISANTEMOS,3,,,,150118,-11.972855,-76.782675,osm_unverified,,dev,tipo=Clle.;interior;loc=mixta;sin_tildes
OSM-n4826293565,osm_addr,Jirón Bolívar 267,Lurín,Lima,Lima,JIRON,BOLIVAR,267,,,,150119,-12.272307,-76.868703,osm_unverified,,dev,addr:street y addr:housenumber de OSM
SYN-n4826293565-1,synthetic,Jiron Bolívar nro. 267 Lurín,,,,JIRON,BOLIVAR,267,,,,150119,-12.272307,-76.868703,osm_unverified,,dev,tipo=Jiron;num=nro.;loc=espacio
SYN-n4826293565-2,synthetic,"Jirón Bolívar 267, Lurín, Lima",,,,JIRON,BOLIVAR,267,,,,150119,-12.272307,-76.868703,osm_unverified,,dev,tipo=Jirón;loc=dist_prov
OSM-n6331956661,osm_addr,Jirón Unión 168,Lurín,Lima,Lima,JIRON,UNION,168,,,,150119,-12.273741,-76.869113,osm_unverified,,test,addr:street y addr:housenumber de OSM
SYN-n6331956661-1,synthetic,jr.Union 168,Lurin,,,JIRON,UNION,168,,,,150119,-12.273741,-76.869113,osm_unverified,,test,tipo=jr.;tipo_pegado;loc=campo;sin_tildes
SYN-n6331956661-2,synthetic,Jr Unión 168 - Lurín,,Lima,,JIRON,UNION,168,,,,150119,-12.273741,-76.869113,osm_unverified,,test,tipo=Jr;loc=mixta
OSM-n7027422334,osm_addr,Jirón San Pedro 181,Lurín,Lima,Lima,JIRON,SAN PEDRO,181,,,,150119,-12.273154,-76.868528,osm_unverified,,dev,addr:street y addr:housenumber de OSM
SYN-n7027422334-1,synthetic,Jr.San Pedro #181 Lurin,,,,JIRON,SAN PEDRO,181,,,,150119,-12.273154,-76.868528,osm_unverified,,dev,tipo=Jr.;num=#;tipo_pegado;loc=espacio;sin_tildes
SYN-n7027422334-2,synthetic,Jr Sn Pedro N°181 - Lurín,,,,JIRON,SAN PEDRO,181,,,,150119,-12.273154,-76.868528,osm_unverified,,dev,titulo_abreviado;tipo=Jr;num=N°;loc=guion
OSM-n7027422335,osm_addr,Jirón San Pedro 173,Lurín,Lima,Lima,JIRON,SAN PEDRO,173,,,,150119,-12.273132,-76.868618,osm_unverified,,dev,addr:street y addr:housenumber de OSM
SYN-n7027422335-1,synthetic,JIRON SAN PEDRO NRO. 173 LURIN,,,,JIRON,SAN PEDRO,173,,,,150119,-12.273132,-76.868618,osm_unverified,,dev,tipo=Jirón;num=Nro.;loc=espacio;mayusculas;sin_tildes
SYN-n7027422335-2,synthetic,jr.sn pedro # 173 int. 3 lurín,,,,JIRON,SAN PEDRO,173,,,,150119,-12.273132,-76.868618,osm_unverified,,dev,titulo_abreviado;tipo=JR.;num=#;tipo_pegado;interior;loc=espacio;minusculas
OSM-n7125383810,osm_addr,Jirón Bolognesi 398,Lurín,Lima,Lima,JIRON,BOLOGNESI,398,,,,150119,-12.273670,-76.868514,osm_unverified,,dev,addr:street y addr:housenumber de OSM
SYN-n7125383810-1,synthetic,"JR. Bolognesi N° 398 Of. 502, Lurín",,,,JIRON,BOLOGNESI,398,,,,150119,-12.273670,-76.868514,osm_unverified,,dev,tipo=JR.;num=N°;interior;loc=coma
SYN-n7125383810-2,synthetic,Jr. Bolognesi 398 Lurin,,,,JIRON,BOLOGNESI,398,,,,150119,-12.273670,-76.868514,osm_unverified,,dev,tipo=Jr.;loc=espacio;sin_tildes
OSM-w1191428037,osm_addr,Calle Gallos 100,Lurín,Lima,Lima,CALLE,GALLOS,100,,,,150119,-12.300262,-76.837305,osm_unverified,,dev,addr:street y addr:housenumber de OSM
SYN-w1191428037-1,synthetic,Clle.Gallos Nro 100,Lurín,,,CALLE,GALLOS,100,,,,150119,-12.300262,-76.837305,osm_unverified,,dev,tipo=Clle.;num=Nro;tipo_pegado;loc=campo
SYN-w1191428037-2,synthetic,Ca. Gallos 100 - Lurin,,,,CALLE,GALLOS,100,,,,150119,-12.300262,-76.837305,osm_unverified,,dev,tipo=Ca.;loc=guion;sin_tildes
OSM-w382540378,osm_addr,Jirón Los Claveles 100,Lurín,Lima,Lima,JIRON,LOS CLAVELES,100,,,,150119,-12.293977,-76.841506,osm_unverified,,dev,addr:street y addr:housenumber de OSM
SYN-w382540378-1,synthetic,JR. LOS CLAVELES NRO. 100 - LURIN,,Lima,,JIRON,LOS CLAVELES,100,,,,150119,-12.293977,-76.841506,osm_unverified,,dev,tipo=JR.;num=nro.;loc=mixta;mayusculas;sin_tildes
SYN-w382540378-2,synthetic,JIRÓN LOS CLAVELES 100 - LURÍN,,,,JIRON,LOS CLAVELES,100,,,,150119,-12.293977,-76.841506,osm_unverified,,dev,tipo=Jirón;loc=guion;mayusculas
OSM-w454030988,osm_addr,Jirón Miguel Grau 370,Lurín,Lima,Lima,JIRON,MIGUEL GRAU,370,,,,150119,-12.273789,-76.869471,osm_unverified,,dev,addr:street y addr:housenumber de OSM
SYN-w454030988-1,synthetic,Miguel Grau Nº 370 Of. 502,Lurín,,,,MIGUEL GRAU,370,,,,150119,-12.273789,-76.869471,osm_unverified,,dev,tipo_omitido;num=Nº;interior;loc=campo
SYN-w454030988-2,synthetic,"JR MIGUEL GRAU #370, LURIN, LIMA",,,,JIRON,MIGUEL GRAU,370,,,,150119,-12.273789,-76.869471,osm_unverified,,dev,tipo=Jr;num=#;loc=dist_prov;mayusculas;sin_tildes
OSM-w454047756,osm_addr,Jirón Colón 252,Lurín,Lima,Lima,JIRON,COLON,252,,,,150119,-12.276131,-76.867583,osm_unverified,,test,addr:street y addr:housenumber de OSM
SYN-w454047756-1,synthetic,"COLON # 252, LURIN, LIMA",,,,,COLON,252,,,,150119,-12.276131,-76.867583,osm_unverified,,test,tipo_omitido;num=#;loc=dist_prov;mayusculas;sin_tildes
SYN-w454047756-2,synthetic,Jr.Colon #252 Dpto. 201 - Lurin,,Lima,,JIRON,COLON,252,,,,150119,-12.276131,-76.867583,osm_unverified,,test,tipo=Jr.;num=#;tipo_pegado;interior;loc=mixta;sin_tildes
OSM-w454047757,osm_addr,Jirón Unión 615,Lurín,Lima,Lima,JIRON,UNION,615,,,,150119,-12.275518,-76.866566,osm_unverified,,test,addr:street y addr:housenumber de OSM
SYN-w454047757-1,synthetic,"jr. Unión Nº 615, Lurín",,,,JIRON,UNION,615,,,,150119,-12.275518,-76.866566,osm_unverified,,test,tipo=jr.;num=Nº;loc=coma
SYN-w454047757-2,synthetic,Jiron Union # 615 Of. 502,Lurin,,,JIRON,UNION,615,,,,150119,-12.275518,-76.866566,osm_unverified,,test,tipo=Jirón;num=#;interior;loc=campo;sin_tildes
OSM-w454126738,osm_addr,Avenida Las Palmas 2020,Lurín,Lima,Lima,AVENIDA,LAS PALMAS,2020,,,,150119,-12.230037,-76.886539,osm_unverified,,dev,addr:street y addr:housenumber de OSM
SYN-w454126738-1,synthetic,Av. Las Palmas 2020 Lurin,,,,AVENIDA,LAS PALMAS,2020,,,,150119,-12.230037,-76.886539,osm_unverified,,dev,tipo=Av.;loc=espacio;sin_tildes
SYN-w454126738-2,synthetic,"Av. Las Palmas # 2020, Lurín, Lima",,,,AVENIDA,LAS PALMAS,2020,,,,150119,-12.230037,-76.886539,osm_unverified,,dev,tipo=Av.;num=#;loc=dist_prov
OSM-w454376521,osm_addr,Calle Los Rosales 305,Lurín,Lima,Lima,CALLE,LOS ROSALES,305,,,,150119,-12.251734,-76.897097,osm_unverified,,dev,addr:street y addr:housenumber de OSM
SYN-w454376521-1,synthetic,"Cll Los Rosales #305, Lurin, Lima, Lima",,,,CALLE,LOS ROSALES,305,,,,150119,-12.251734,-76.897097,osm_unverified,,dev,tipo=Cll;num=#;loc=dist_prov_dep;sin_tildes
SYN-w454376521-2,synthetic,CALLE LOS ROSALES NRO 305 LURÍN,,,,CALLE,LOS ROSALES,305,,,,150119,-12.251734,-76.897097,osm_unverified,,dev,tipo=calle;num=Nro;loc=espacio;mayusculas
OSM-w490566310,osm_addr,Jirón Miguel Grau 319,Lurín,Lima,Lima,JIRON,MIGUEL GRAU,319,,,,150119,-12.273747,-76.869908,osm_unverified,,dev,addr:street y addr:housenumber de OSM
SYN-w490566310-1,synthetic,Jiron Miguel Grau N°319 - Lurin,,Lima,,JIRON,MIGUEL GRAU,319,,,,150119,-12.273747,-76.869908,osm_unverified,,dev,tipo=Jirón;num=N°;loc=mixta;sin_tildes
SYN-w490566310-2,synthetic,JR. MIGUEL GRAU N° 319 - LURIN,,Lima,,JIRON,MIGUEL GRAU,319,,,,150119,-12.273747,-76.869908,osm_unverified,,dev,tipo=Jr.;num=N°;loc=mixta;mayusculas;sin_tildes
OSM-w627468685,osm_addr,Jirón Los Eucaliptos 371,Lurín,Lima,Lima,JIRON,LOS EUCALIPTOS,371,,,,150119,-12.290321,-76.845290,osm_unverified,,dev,addr:street y addr:housenumber de OSM
SYN-w627468685-1,synthetic,jr. los eucaliptos nro. 371 of. 502 - lurin,,,,JIRON,LOS EUCALIPTOS,371,,,,150119,-12.290321,-76.845290,osm_unverified,,dev,tipo=jr.;num=nro.;interior;loc=guion;minusculas;sin_tildes
SYN-w627468685-2,synthetic,"jiron los eucaliptos nro. 371 int. 3, lurin, lima, lima",,,,JIRON,LOS EUCALIPTOS,371,,,,150119,-12.290321,-76.845290,osm_unverified,,dev,tipo=Jirón;num=nro.;interior;loc=dist_prov_dep;minusculas;sin_tildes
OSM-w658640769,osm_addr,Calle Los Olivos 110,Lurín,Lima,Lima,CALLE,LOS OLIVOS,110,,,,150119,-12.271844,-76.867198,osm_unverified,,dev,addr:street y addr:housenumber de OSM
SYN-w658640769-1,synthetic,Clle. Los Olivos nro. 110 Lurin,,,,CALLE,LOS OLIVOS,110,,,,150119,-12.271844,-76.867198,osm_unverified,,dev,tipo=Clle.;num=nro.;loc=espacio;sin_tildes
SYN-w658640769-2,synthetic,"CLL LOS OLIVOS 110 OF. 502, LURÍN, LIMA, LIMA",,,,CALLE,LOS OLIVOS,110,,,,150119,-12.271844,-76.867198,osm_unverified,,dev,tipo=Cll;interior;loc=dist_prov_dep;mayusculas
OSM-w724811444,osm_addr,Pasaje Las Poncianas 333,Lurín,Lima,Lima,PASAJE,LAS PONCIANAS,333,,,,150119,-12.285877,-76.842020,osm_unverified,,dev,addr:street y addr:housenumber de OSM
SYN-w724811444-1,synthetic,"Psj. Las Poncianas # 333, Lurín",,,,PASAJE,LAS PONCIANAS,333,,,,150119,-12.285877,-76.842020,osm_unverified,,dev,tipo=Psj.;num=#;loc=coma
SYN-w724811444-2,synthetic,Pasaje Las Poncianas 333,Lurín,,,PASAJE,LAS PONCIANAS,333,,,,150119,-12.285877,-76.842020,osm_unverified,,dev,tipo=Pasaje;loc=campo
OSM-w876404096,osm_addr,Calle Los Laureles 204,Lurín,Lima,Lima,CALLE,LOS LAURELES,204,,,,150119,-12.256587,-76.883532,osm_unverified,,test,addr:street y addr:housenumber de OSM
SYN-w876404096-1,synthetic,"Los Laureles Nro. 204, Lurín",,,,,LOS LAURELES,204,,,,150119,-12.256587,-76.883532,osm_unverified,,test,tipo_omitido;num=Nro.;loc=coma
SYN-w876404096-2,synthetic,calle los laureles nº 204 - lurín,,Lima,,CALLE,LOS LAURELES,204,,,,150119,-12.256587,-76.883532,osm_unverified,,test,tipo=calle;num=Nº;loc=mixta;minusculas
OSM-n12590503589,osm_addr,Jirón Tacna 649,Magdalena del Mar,Lima,Lima,JIRON,TACNA,649,,,,150120,-12.092536,-77.072040,osm_unverified,,test,addr:street y addr:housenumber de OSM
SYN-n12590503589-1,synthetic,Jiron Tacna 649 Dpto 1203 Magdalena del Mar,,,,JIRON,TACNA,649,,,,150120,-12.092536,-77.072040,osm_unverified,,test,tipo=Jiron;interior;loc=espacio;sin_tildes
SYN-n12590503589-2,synthetic,jr tacna n°649 - magdalena del mar,,Lima,,JIRON,TACNA,649,,,,150120,-12.092536,-77.072040,osm_unverified,,test,tipo=Jr;num=N°;loc=mixta;minusculas;sin_tildes
OSM-n12593275164,osm_addr,Avenida Brasil 3545,Magdalena del Mar,Lima,Lima,AVENIDA,BRASIL,3545,,,,150120,-12.091900,-77.067358,osm_unverified,,test,addr:street y addr:housenumber de OSM
SYN-n12593275164-1,synthetic,"AV. Brasil N° 3545 Dpto. 201, Magdalena del Mar",,,,AVENIDA,BRASIL,3545,,,,150120,-12.091900,-77.067358,osm_unverified,,test,tipo=AV.;num=N°;interior;loc=coma
SYN-n12593275164-2,synthetic,"Avda. Brasil nro. 3545, Magdalena del Mar, Lima",,,,AVENIDA,BRASIL,3545,,,,150120,-12.091900,-77.067358,osm_unverified,,test,tipo=Avda.;num=nro.;loc=dist_prov;sin_tildes
OSM-n12594146079,osm_addr,Jirón Víctor Larco Herrera 229,Magdalena del Mar,Lima,Lima,JIRON,VICTOR LARCO HERRERA,229,,,,150120,-12.098285,-77.069581,osm_unverified,,dev,addr:street y addr:housenumber de OSM
SYN-n12594146079-1,synthetic,Jr Victor Larco Herrera Nro. 229 Magdalena del Mar,,,,JIRON,VICTOR LARCO HERRERA,229,,,,150120,-12.098285,-77.069581,osm_unverified,,dev,tipo=Jr;num=Nro.;loc=espacio;sin_tildes
SYN-n12594146079-2,synthetic,"jr.Victor Larco Herrera Nro. 229, Magdalena del Mar, Lima",,,,JIRON,VICTOR LARCO HERRERA,229,,,,150120,-12.098285,-77.069581,osm_unverified,,dev,tipo=jr.;num=Nro.;tipo_pegado;loc=dist_prov;sin_tildes
OSM-n12594149748,osm_addr,Jirón Raymondi 605,Magdalena del Mar,Lima,Lima,JIRON,RAYMONDI,605,,,,150120,-12.095711,-77.067473,osm_unverified,,dev,addr:street y addr:housenumber de OSM
SYN-n12594149748-1,synthetic,"Jiron Raymondi #605, Magdalena del Mar, Lima, Lima",,,,JIRON,RAYMONDI,605,,,,150120,-12.095711,-77.067473,osm_unverified,,dev,tipo=Jirón;num=#;loc=dist_prov_dep;sin_tildes
SYN-n12594149748-2,synthetic,"JR.Raymondi N°605 Int. 3, Magdalena del Mar",,,,JIRON,RAYMONDI,605,,,,150120,-12.095711,-77.067473,osm_unverified,,dev,tipo=JR.;num=N°;tipo_pegado;interior;loc=coma;sin_tildes
OSM-n12594149749,osm_addr,Avenida Parque Gonzales Prada 108,Magdalena del Mar,Lima,Lima,AVENIDA,PARQUE GONZALES PRADA,108,,,,150120,-12.095175,-77.067017,osm_unverified,,dev,addr:street y addr:housenumber de OSM
SYN-n12594149749-1,synthetic,"AVENIDA PARQUE GONZALES PRADA N° 108 INT 4B, MAGDALENA DEL MAR, LIMA",,,,AVENIDA,PARQUE GONZALES PRADA,108,,,,150120,-12.095175,-77.067017,osm_unverified,,dev,tipo=Avenida;num=N°;interior;loc=dist_prov;mayusculas
SYN-n12594149749-2,synthetic,"AVDA. PARQUE GONZALES PRADA NRO 108, MAGDALENA DEL MAR, LIMA, LIMA",,,,AVENIDA,PARQUE GONZALES PRADA,108,,,,150120,-12.095175,-77.067017,osm_unverified,,dev,tipo=Avda.;num=Nro;loc=dist_prov_dep;mayusculas;sin_tildes
OSM-n12594160803,osm_addr,Jirón Víctor Larco Herrera 565,Magdalena del Mar,Lima,Lima,JIRON,VICTOR LARCO HERRERA,565,,,,150120,-12.095869,-77.068703,osm_unverified,,dev,addr:street y addr:housenumber de OSM
SYN-n12594160803-1,synthetic,Jiron Victor Larco Herrera 565,Magdalena del Mar,,,JIRON,VICTOR LARCO HERRERA,565,,,,150120,-12.095869,-77.068703,osm_unverified,,dev,tipo=Jiron;loc=campo;sin_tildes
SYN-n12594160803-2,synthetic,"JR.Víctor Larco Herrera Nº 565, Magdalena del Mar, Lima, Lima",,,,JIRON,VICTOR LARCO HERRERA,565,,,,150120,-12.095869,-77.068703,osm_unverified,,dev,tipo=JR.;num=Nº;tipo_pegado;loc=dist_prov_dep
OSM-n12594160806,osm_addr,Jirón Moore 372,Magdalena del Mar,Lima,Lima,JIRON,MOORE,372,,,,150120,-12.095766,-77.067829,osm_unverified,,test,addr:street y addr:housenumber de OSM
SYN-n12594160806-1,synthetic,JIRON MOORE # 372 MAGDALENA DEL MAR,,,,JIRON,MOORE,372,,,,150120,-12.095766,-77.067829,osm_unverified,,test,tipo=Jiron;num=#;loc=espacio;mayusculas;sin_tildes
SYN-n12594160806-2,synthetic,Jiron Moore Nro. 372 - Magdalena del Mar,,,,JIRON,MOORE,372,,,,150120,-12.095766,-77.067829,osm_unverified,,test,tipo=Jiron;num=Nro.;loc=guion;sin_tildes
OSM-n12594178514,osm_addr,Jirón Moore 271,Magdalena del Mar,Lima,Lima,JIRON,MOORE,271,,,,150120,-12.095290,-77.068860,osm_unverified,,test,addr:street y addr:housenumber de OSM
SYN-n12594178514-1,synthetic,"JIRON MOORE # 271, MAGDALENA DEL MAR, LIMA, LIMA",,,,JIRON,MOORE,271,,,,150120,-12.095290,-77.068860,osm_unverified,,test,tipo=Jiron;num=#;loc=dist_prov_dep;mayusculas
SYN-n12594178514-2,synthetic,JR MOORE NRO. 271,Magdalena del Mar,,,JIRON,MOORE,271,,,,150120,-12.095290,-77.068860,osm_unverified,,test,tipo=Jr;num=nro.;loc=campo;mayusculas;sin_tildes
OSM-n12594178515,osm_addr,Jirón Arica 175,Magdalena del Mar,Lima,Lima,JIRON,ARICA,175,,,,150120,-12.095943,-77.070029,osm_unverified,,test,addr:street y addr:housenumber de OSM
SYN-n12594178515-1,synthetic,Jr. Arica N°175 Magdalena del Mar,,,,JIRON,ARICA,175,,,,150120,-12.095943,-77.070029,osm_unverified,,test,tipo=Jr.;num=N°;loc=espacio
SYN-n12594178515-2,synthetic,"JR. ARICA Nº 175 INT 4B, MAGDALENA DEL MAR, LIMA, LIMA",,,,JIRON,ARICA,175,,,,150120,-12.095943,-77.070029,osm_unverified,,test,tipo=Jr.;num=Nº;interior;loc=dist_prov_dep;mayusculas
OSM-n4311914822,osm_addr,Jirón 28 de Julio 648,Magdalena del Mar,Lima,Lima,JIRON,28 DE JULIO,648,,,,150120,-12.086029,-77.070111,osm_unverified,,dev,addr:street y addr:housenumber de OSM
SYN-n4311914822-1,synthetic,28 de Julio nro. 648 - Magdalena del Mar,,Lima,,,28 DE JULIO,648,,,,150120,-12.086029,-77.070111,osm_unverified,,dev,tipo_omitido;num=nro.;loc=mixta;sin_tildes
SYN-n4311914822-2,synthetic,"JR. 28 DE JULIO # 648, MAGDALENA DEL MAR, LIMA",,,,JIRON,28 DE JULIO,648,,,,150120,-12.086029,-77.070111,osm_unverified,,dev,tipo=jr.;num=#;loc=dist_prov;mayusculas;sin_tildes
OSM-n4501494014,osm_addr,Jiron Cuzco 889,Magdalena del Mar,Lima,Lima,JIRON,CUZCO,889,,,,150120,-12.089822,-77.069061,osm_unverified,,test,addr:street y addr:housenumber de OSM
SYN-n4501494014-1,synthetic,Jr Cuzco N°889 Of. 502 - Magdalena del Mar,,,,JIRON,CUZCO,889,,,,150120,-12.089822,-77.069061,osm_unverified,,test,tipo=Jr;num=N°;interior;loc=guion;sin_tildes
SYN-n4501494014-2,synthetic,"Jr Cuzco N°889, Magdalena del Mar",,,,JIRON,CUZCO,889,,,,150120,-12.089822,-77.069061,osm_unverified,,test,tipo=Jr;num=N°;loc=coma;sin_tildes
OSM-n4962389721,osm_addr,Jirón Junín 215,Magdalena del Mar,Lima,Lima,JIRON,JUNIN,215,,,,150120,-12.089095,-77.067727,osm_unverified,,dev,addr:street y addr:housenumber de OSM
SYN-n4962389721-1,synthetic,jr. Junín # 215 - Magdalena del Mar,,Lima,,JIRON,JUNIN,215,,,,150120,-12.089095,-77.067727,osm_unverified,,dev,tipo=jr.;num=#;loc=mixta
SYN-n4962389721-2,synthetic,Jr.Junin 215 - Magdalena del Mar,,Lima,,JIRON,JUNIN,215,,,,150120,-12.089095,-77.067727,osm_unverified,,dev,tipo=Jr.;tipo_pegado;loc=mixta;sin_tildes
OSM-n6812529302,osm_addr,Hermilio Valdizán 153,Magdalena del Mar,Lima,Lima,,HERMILIO VALDIZAN,153,,,,150120,-12.099157,-77.069211,osm_unverified,,test,addr:street y addr:housenumber de OSM
SYN-n6812529302-1,synthetic,"Hermilio Valdizan Nº 153, Magdalena del Mar",,,,,HERMILIO VALDIZAN,153,,,,150120,-12.099157,-77.069211,osm_unverified,,test,num=Nº;loc=coma;sin_tildes
SYN-n6812529302-2,synthetic,"Hermilio Valdizán N° 153, Magdalena del Mar",,,,,HERMILIO VALDIZAN,153,,,,150120,-12.099157,-77.069211,osm_unverified,,test,num=N°;loc=coma
OSM-n8493298226,osm_addr,Jirón Francisco Bolognesi 364,Magdalena del Mar,Lima,Lima,JIRON,FRANCISCO BOLOGNESI,364,,,,150120,-12.091993,-77.071365,osm_unverified,,test,addr:street y addr:housenumber de OSM
SYN-n8493298226-1,synthetic,Jr. Francisco Bolognesi 364 Magdalena del Mar,,,,JIRON,FRANCISCO BOLOGNESI,364,,,,150120,-12.091993,-77.071365,osm_unverified,,test,tipo=Jr.;loc=espacio;sin_tildes
SYN-n8493298226-2,synthetic,"Jr Francisco Bolognesi Nº 364, Magdalena del Mar",,,,JIRON,FRANCISCO BOLOGNESI,364,,,,150120,-12.091993,-77.071365,osm_unverified,,test,tipo=Jr;num=Nº;loc=coma;sin_tildes
OSM-n8978455375,osm_addr,Avenida Antonio Miro Quesada 277,Magdalena del Mar,Lima,Lima,AVENIDA,ANTONIO MIRO QUESADA,277,,,,150120,-12.097721,-77.060018,osm_unverified,,test,addr:street y addr:housenumber de OSM
SYN-n8978455375-1,synthetic,av. Antonio Miro Quesada 277 - Magdalena del Mar,,Lima,,AVENIDA,ANTONIO MIRO QUESADA,277,,,,150120,-12.097721,-77.060018,osm_unverified,,test,tipo=av.;loc=mixta
SYN-n8978455375-2,synthetic,Avda. Antonio Miro Quesada N° 277 - Magdalena del Mar,,Lima,,AVENIDA,ANTONIO MIRO QUESADA,277,,,,150120,-12.097721,-77.060018,osm_unverified,,test,tipo=Avda.;num=N°;loc=mixta;sin_tildes
OSM-n9194044795,osm_addr,Jirón Libertad 518,Magdalena del Mar,Lima,Lima,JIRON,LIBERTAD,518,,,,150120,-12.094243,-77.070411,osm_unverified,,test,addr:street y addr:housenumber de OSM
SYN-n9194044795-1,synthetic,"jr.libertad nro 518, magdalena del mar, lima, lima",,,,JIRON,LIBERTAD,518,,,,150120,-12.094243,-77.070411,osm_unverified,,test,tipo=JR.;num=Nro;tipo_pegado;loc=dist_prov_dep;minusculas
SYN-n9194044795-2,synthetic,jr libertad nro 518 magdalena del mar,,,,JIRON,LIBERTAD,518,,,,150120,-12.094243,-77.070411,osm_unverified,,test,tipo=Jr;num=Nro;loc=espacio;minusculas
OSM-w436420140,osm_addr,Jirón Mariscal Ramon Castilla 549,Magdalena del Mar,Lima,Lima,JIRON,MARISCAL RAMON CASTILLA,549,,,,150120,-12.091679,-77.074160,osm_unverified,,test,addr:street y addr:housenumber de OSM
SYN-w436420140-1,synthetic,Jr Mcal. Ramon Castilla Nro. 549,Magdalena del Mar,,,JIRON,MARISCAL RAMON CASTILLA,549,,,,150120,-12.091679,-77.074160,osm_unverified,,test,titulo_abreviado;tipo=Jr;num=Nro.;loc=campo
SYN-w436420140-2,synthetic,Jr Mariscal Ramon Castilla # 549 - Magdalena del Mar,,Lima,,JIRON,MARISCAL RAMON CASTILLA,549,,,,150120,-12.091679,-77.074160,osm_unverified,,test,tipo=Jr;num=#;loc=mixta;sin_tildes
OSM-w436420142,osm_addr,Jirón Mariscal Ramon Castilla 565,Magdalena del Mar,Lima,Lima,JIRON,MARISCAL RAMON CASTILLA,565,,,,150120,-12.091465,-77.074089,osm_unverified,,test,addr:street y addr:housenumber de OSM
SYN-w436420142-1,synthetic,JR. Mcal. Ramon Castilla Nro 565 - Magdalena del Mar,,,,JIRON,MARISCAL RAMON CASTILLA,565,,,,150120,-12.091465,-77.074089,osm_unverified,,test,titulo_abreviado;tipo=JR.;num=Nro;loc=guion;sin_tildes
SYN-w436420142-2,synthetic,Jr. Mcal. Ramon Castilla N°565 - Magdalena del Mar,,,,JIRON,MARISCAL RAMON CASTILLA,565,,,,150120,-12.091465,-77.074089,osm_unverified,,test,titulo_abreviado;tipo=Jr.;num=N°;loc=guion;sin_tildes
OSM-w517112876,osm_addr,Jirón Tacna 1150,Magdalena del Mar,Lima,Lima,JIRON,TACNA,1150,,,,150120,-12.087632,-77.069798,osm_unverified,,test,addr:street y addr:housenumber de OSM
SYN-w517112876-1,synthetic,Jr. Tacna Nro 1150 Dpto. 201 - Magdalena del Mar,,Lima,,JIRON,TACNA,1150,,,,150120,-12.087632,-77.069798,osm_unverified,,test,tipo=Jr.;num=Nro;interior;loc=mixta
SYN-w517112876-2,synthetic,Tacna Nro. 1150 Magdalena del Mar,,,,,TACNA,1150,,,,150120,-12.087632,-77.069798,osm_unverified,,test,tipo_omitido;num=Nro.;loc=espacio;sin_tildes
OSM-w645017610,osm_addr,Jirón San Martín 278,Magdalena del Mar,Lima,Lima,JIRON,SAN MARTIN,278,,,,150120,-12.090718,-77.068645,osm_unverified,,test,addr:street y addr:housenumber de OSM
SYN-w645017610-1,synthetic,Jr. Sn Martin Nro. 278 - Magdalena del Mar,,Lima,,JIRON,SAN MARTIN,278,,,,150120,-12.090718,-77.068645,osm_unverified,,test,titulo_abreviado;tipo=Jr.;num=Nro.;loc=mixta;sin_tildes
SYN-w645017610-2,synthetic,"Jirón San Martín Nº 278, Magdalena del Mar",,,,JIRON,SAN MARTIN,278,,,,150120,-12.090718,-77.068645,osm_unverified,,test,tipo=Jirón;num=Nº;loc=coma
OSM-n10180075964,osm_addr,Rio Grande 286,Pueblo Libre,Lima,Lima,,RIO GRANDE,286,,,,150121,-12.067366,-77.056719,osm_unverified,,test,addr:street y addr:housenumber de OSM
SYN-n10180075964-1,synthetic,"Rio Grande Nº 286, Pueblo Libre, Lima",,,,,RIO GRANDE,286,,,,150121,-12.067366,-77.056719,osm_unverified,,test,num=Nº;loc=dist_prov;sin_tildes
SYN-n10180075964-2,synthetic,"Rio Grande # 286, Pueblo Libre, Lima",,,,,RIO GRANDE,286,,,,150121,-12.067366,-77.056719,osm_unverified,,test,num=#;loc=dist_prov
OSM-n10722510885,osm_addr,Jirón Juan Pablo Fernandini 1550,Pueblo Libre,Lima,Lima,JIRON,JUAN PABLO FERNANDINI,1550,,,,150121,-12.073461,-77.054406,osm_unverified,,dev,addr:street y addr:housenumber de OSM
SYN-n10722510885-1,synthetic,Jr Juan Pablo Fernandini 1550 - Pueblo Libre,,,,JIRON,JUAN PABLO FERNANDINI,1550,,,,150121,-12.073461,-77.054406,osm_unverified,,dev,tipo=Jr;loc=guion
SYN-n10722510885-2,synthetic,"JIRÓN JUAN PABLO FERNANDINI NRO. 1550, PUEBLO LIBRE",,,,JIRON,JUAN PABLO FERNANDINI,1550,,,,150121,-12.073461,-77.054406,osm_unverified,,dev,tipo=Jirón;num=Nro.;loc=coma;mayusculas
OSM-n2059768480,osm_addr,Avenida Brasil 1592,Pueblo Libre,Lima,Lima,AVENIDA,BRASIL,1592,,,,150121,-12.074860,-77.053830,osm_unverified,,dev,addr:street y addr:housenumber de OSM
SYN-n2059768480-1,synthetic,"Av Brasil N° 1592, Pueblo Libre",,,,AVENIDA,BRASIL,1592,,,,150121,-12.074860,-77.053830,osm_unverified,,dev,tipo=Av;num=N°;loc=coma
SYN-n2059768480-2,synthetic,Avda.Brasil N°1592 Magdalena Vieja,,,,AVENIDA,BRASIL,1592,,,,150121,-12.074860,-77.053830,osm_unverified,,dev,tipo=Avda.;num=N°;tipo_pegado;alias_distrito;loc=espacio
OSM-n2059768481,osm_addr,Avenida Brasil 2404,Pueblo Libre,Lima,Lima,AVENIDA,BRASIL,2404,,,,150121,-12.081410,-77.059230,osm_unverified,,dev,addr:street y addr:housenumber de OSM
SYN-n2059768481-1,synthetic,AV.Brasil Nº 2404 - Pueblo Libre,,,,AVENIDA,BRASIL,2404,,,,150121,-12.081410,-77.059230,osm_unverified,,dev,tipo=AV.;num=Nº;tipo_pegado;loc=guion
SYN-n2059768481-2,synthetic,"Avda. Brasil 2404, Pueblo Libre, Lima",,,,AVENIDA,BRASIL,2404,,,,150121,-12.081410,-77.059230,osm_unverified,,dev,tipo=Avda.;loc=dist_prov;sin_tildes
OSM-n2059768485,osm_addr,Avenida Paso de los Andes 1021,Pueblo Libre,Lima,Lima,AVENIDA,PASO DE LOS ANDES,1021,,,,150121,-12.069470,-77.059540,osm_unverified,,dev,addr:street y addr:housenumber de OSM
SYN-n2059768485-1,synthetic,"AV.Paso de los Andes Nro 1021, Pueblo Libre, Lima, Lima",,,,AVENIDA,PASO DE LOS ANDES,1021,,,,150121,-12.069470,-77.059540,osm_unverified,,dev,tipo=AV.;num=Nro;tipo_pegado;loc=dist_prov_dep;sin_tildes
SYN-n2059768485-2,synthetic,Av Paso de los Andes N° 1021 Magdalena Vieja,,,,AVENIDA,PASO DE LOS ANDES,1021,,,,150121,-12.069470,-77.059540,osm_unverified,,dev,tipo=Av;num=N°;alias_distrito;loc=espacio;sin_tildes
OSM-n4293704632,osm_addr,Cabo Gutarra 206,Pueblo Libre,Lima,Lima,,CABO GUTARRA,206,,,,150121,-12.083641,-77.062430,osm_unverified,,dev,addr:street y addr:housenumber de OSM
SYN-n4293704632-1,synthetic,Cabo Gutarra Nº 206 - Pueblo Libre,,Lima,,,CABO GUTARRA,206,,,,150121,-12.083641,-77.062430,osm_unverified,,dev,num=Nº;loc=mixta;sin_tildes
SYN-n4293704632-2,synthetic,Cabo Gutarra Nro 206 - Pueblo Libre,,Lima,,,CABO GUTARRA,206,,,,150121,-12.083641,-77.062430,osm_unverified,,dev,num=Nro;loc=mixta
OSM-n4406247036,osm_addr,Avenida La Marina 1604,Pueblo Libre,Lima,Lima,AVENIDA,LA MARINA,1604,,,,150121,-12.078402,-77.079042,osm_unverified,,test,addr:street y addr:housenumber de OSM
SYN-n4406247036-1,synthetic,"Avda. La Marina N°1604, Pueblo Libre, Lima",,,,AVENIDA,LA MARINA,1604,,,,150121,-12.078402,-77.079042,osm_unverified,,test,tipo=Avda.;num=N°;loc=dist_prov
SYN-n4406247036-2,synthetic,Avenida La Marina 1604,Magdalena Vieja,,,AVENIDA,LA MARINA,1604,,,,150121,-12.078402,-77.079042,osm_unverified,,test,tipo=Avenida;alias_distrito;loc=campo;sin_tildes
OSM-n5427639924,osm_addr,Avenida Simón Bolívar 1350,Pueblo Libre,Lima,Lima,AVENIDA,SIMON BOLIVAR,1350,,,,150121,-12.072080,-77.068107,osm_unverified,,dev,addr:street y addr:housenumber de OSM
SYN-n5427639924-1,synthetic,Av Simón Bolívar N°1350 - Pueblo Libre,,Lima,,AVENIDA,SIMON BOLIVAR,1350,,,,150121,-12.072080,-77.068107,osm_unverified,,dev,tipo=Av;num=N°;loc=mixta
SYN-n5427639924-2,synthetic,Avenida Simón Bolívar # 1350 - Magdalena Vieja,,,,AVENIDA,SIMON BOLIVAR,1350,,,,150121,-12.072080,-77.068107,osm_unverified,,dev,tipo=Avenida;num=#;alias_distrito;loc=guion
OSM-n5578465715,osm_addr,Calle Rosa Toledo 224,Pueblo Libre,Lima,Lima,CALLE,ROSA TOLEDO,224,,,,150121,-12.076583,-77.062700,osm_unverified,,dev,addr:street y addr:housenumber de OSM
SYN-n5578465715-1,synthetic,Cl. Rosa Toledo 224 - Pueblo Libre,,Lima,,CALLE,ROSA TOLEDO,224,,,,150121,-12.076583,-77.062700,osm_unverified,,dev,tipo=Cl.;loc=mixta;sin_tildes
SYN-n5578465715-2,synthetic,CALLE ROSA TOLEDO NRO. 224 - PUEBLO LIBRE,,,,CALLE,ROSA TOLEDO,224,,,,150121,-12.076583,-77.062700,osm_unverified,,dev,tipo=calle;num=nro.;loc=guion;mayusculas;sin_tildes
OSM-n7304045812,osm_addr,Avenida José de San Martín 131,Pueblo Libre,Lima,Lima,AVENIDA,JOSE DE SAN MARTIN,131,,,,150121,-12.068689,-77.061092,osm_unverified,,test,addr:street y addr:housenumber de OSM
SYN-n7304045812-1,synthetic,"av. Jose de Sn Martin N° 131 Dpto. 201, Pueblo Libre",,,,AVENIDA,JOSE DE SAN MARTIN,131,,,,150121,-12.068689,-77.061092,osm_unverified,,test,titulo_abreviado;tipo=av.;num=N°;interior;loc=coma;sin_tildes
SYN-n7304045812-2,synthetic,Avenida Jose de Sn Martin N° 131 Int 4B,Magdalena Vieja,,,AVENIDA,JOSE DE SAN MARTIN,131,,,,150121,-12.068689,-77.061092,osm_unverified,,test,titulo_abreviado;tipo=Avenida;num=N°;interior;alias_distrito;loc=campo;sin_tildes
OSM-n7729107029,osm_addr,Avenida Mariano Cornejo 1837,Pueblo Libre,Lima,Lima,AVENIDA,MARIANO CORNEJO,1837,,,,150121,-12.067975,-77.070909,osm_unverified,,dev,addr:street y addr:housenumber de OSM
SYN-n7729107029-1,synthetic,av. mariano cornejo # 1837 - pueblo libre,,,,AVENIDA,MARIANO CORNEJO,1837,,,,150121,-12.067975,-77.070909,osm_unverified,,dev,tipo=av.;num=#;loc=guion;minusculas
SYN-n7729107029-2,synthetic,AV. MARIANO CORNEJO NRO. 1837 MAGDALENA VIEJA,,,,AVENIDA,MARIANO CORNEJO,1837,,,,150121,-12.067975,-77.070909,osm_unverified,,dev,tipo=AV.;num=Nro.;alias_distrito;loc=espacio;mayusculas
OSM-r16264371,osm_addr,Avenida Universitaria 1921,Pueblo Libre,Lima,Lima,AVENIDA,UNIVERSITARIA,1921,,,,150121,-12.072180,-77.077990,osm_unverified,,dev,addr:street y addr:housenumber de OSM
SYN-r16264371-1,synthetic,"av. Universitaria N° 1921, Pueblo Libre",,,,AVENIDA,UNIVERSITARIA,1921,,,,150121,-12.072180,-77.077990,osm_unverified,,dev,tipo=av.;num=N°;loc=coma;sin_tildes
SYN-r16264371-2,synthetic,AV.UNIVERSITARIA #1921 - MAGDALENA VIEJA,,Lima,,AVENIDA,UNIVERSITARIA,1921,,,,150121,-12.072180,-77.077990,osm_unverified,,dev,tipo=av.;num=#;tipo_pegado;alias_distrito;loc=mixta;mayusculas;sin_tildes
OSM-w1213395424,osm_addr,Calle John F. Kennedy 204,Pueblo Libre,Lima,Lima,CALLE,JOHN F KENNEDY,204,,,,150121,-12.078264,-77.074893,osm_unverified,,dev,addr:street y addr:housenumber de OSM
SYN-w1213395424-1,synthetic,"calle john f. kennedy n° 204 piso 2, pueblo libre, lima, lima",,,,CALLE,JOHN F KENNEDY,204,,,,150121,-12.078264,-77.074893,osm_unverified,,dev,tipo=calle;num=N°;interior;loc=dist_prov_dep;minusculas
SYN-w1213395424-2,synthetic,Cl. John F. Kennedy # 204,Magdalena Vieja,,,CALLE,JOHN F KENNEDY,204,,,,150121,-12.078264,-77.074893,osm_unverified,,dev,tipo=Cl.;num=#;alias_distrito;loc=campo
OSM-w1499793732,osm_addr,Zaragoza 215,Pueblo Libre,Lima,Lima,,ZARAGOZA,215,,,,150121,-12.068586,-77.063094,osm_unverified,,dev,addr:street y addr:housenumber de OSM
SYN-w1499793732-1,synthetic,Zaragoza nro. 215 Magdalena Vieja,,,,,ZARAGOZA,215,,,,150121,-12.068586,-77.063094,osm_unverified,,dev,num=nro.;alias_distrito;loc=espacio
SYN-w1499793732-2,synthetic,"Zaragoza Nº 215, Pueblo Libre, Lima, Lima",,,,,ZARAGOZA,215,,,,150121,-12.068586,-77.063094,osm_unverified,,dev,num=Nº;loc=dist_prov_dep;sin_tildes
OSM-w195568060,osm_addr,Gallesi 246,Pueblo Libre,Lima,Lima,,GALLESI,246,,,,150121,-12.080255,-77.062828,osm_unverified,,dev,addr:street y addr:housenumber de OSM
SYN-w195568060-1,synthetic,GALLESI #246 - PUEBLO LIBRE,,,,,GALLESI,246,,,,150121,-12.080255,-77.062828,osm_unverified,,dev,num=#;loc=guion;mayusculas;sin_tildes
SYN-w195568060-2,synthetic,"Gallesi # 246, Pueblo Libre",,,,,GALLESI,246,,,,150121,-12.080255,-77.062828,osm_unverified,,dev,num=#;loc=coma
OSM-w412573932,osm_addr,Jirón Carlos Bondy 600,Pueblo Libre,Lima,Lima,JIRON,CARLOS BONDY,600,,,,150121,-12.083652,-77.069240,osm_unverified,,dev,addr:street y addr:housenumber de OSM
SYN-w412573932-1,synthetic,"JR.Carlos Bondy Nro. 600, Pueblo Libre",,,,JIRON,CARLOS BONDY,600,,,,150121,-12.083652,-77.069240,osm_unverified,,dev,tipo=JR.;num=Nro.;tipo_pegado;loc=coma;sin_tildes
SYN-w412573932-2,synthetic,jr. Carlos Bondy 600 - Magdalena Vieja,,Lima,,JIRON,CARLOS BONDY,600,,,,150121,-12.083652,-77.069240,osm_unverified,,dev,tipo=jr.;alias_distrito;loc=mixta;sin_tildes
OSM-w436258800,osm_addr,Avenida Colombia 150,Pueblo Libre,Lima,Lima,AVENIDA,COLOMBIA,150,,,,150121,-12.069513,-77.052912,osm_unverified,,dev,addr:street y addr:housenumber de OSM
SYN-w436258800-1,synthetic,Avda. Colombia nro. 150 Magdalena Vieja,,,,AVENIDA,COLOMBIA,150,,,,150121,-12.069513,-77.052912,osm_unverified,,dev,tipo=Avda.;num=nro.;alias_distrito;loc=espacio
SYN-w436258800-2,synthetic,av. Colombia N°150 Magdalena Vieja,,,,AVENIDA,COLOMBIA,150,,,,150121,-12.069513,-77.052912,osm_unverified,,dev,tipo=av.;num=N°;alias_distrito;loc=espacio;sin_tildes
OSM-w436258806,osm_addr,Calle Bahia 164,Pueblo Libre,Lima,Lima,CALLE,BAHIA,164,,,,150121,-12.070885,-77.055953,osm_unverified,,dev,addr:street y addr:housenumber de OSM
SYN-w436258806-1,synthetic,"Clle.Bahia 164, Pueblo Libre",,,,CALLE,BAHIA,164,,,,150121,-12.070885,-77.055953,osm_unverified,,dev,tipo=Clle.;tipo_pegado;loc=coma
SYN-w436258806-2,synthetic,Cl. Bahia Nro 164 - Magdalena Vieja,,,,CALLE,BAHIA,164,,,,150121,-12.070885,-77.055953,osm_unverified,,dev,tipo=Cl.;num=Nro;alias_distrito;loc=guion;sin_tildes
OSM-w436264352,osm_addr,Avenida Simón Bolivar 1311,Pueblo Libre,Lima,Lima,AVENIDA,SIMON BOLIVAR,1311,,,,150121,-12.072598,-77.067728,osm_unverified,,dev,addr:street y addr:housenumber de OSM
SYN-w436264352-1,synthetic,Av Simon Bolivar 1311 - Pueblo Libre,,Lima,,AVENIDA,SIMON BOLIVAR,1311,,,,150121,-12.072598,-77.067728,osm_unverified,,dev,tipo=Av;loc=mixta;sin_tildes
SYN-w436264352-2,synthetic,"AV.Simón Bolivar Nro 1311, Pueblo Libre, Lima",,,,AVENIDA,SIMON BOLIVAR,1311,,,,150121,-12.072598,-77.067728,osm_unverified,,dev,tipo=AV.;num=Nro;tipo_pegado;loc=dist_prov
OSM-w436784563,osm_addr,Avenida La Marina 1632,Pueblo Libre,Lima,Lima,AVENIDA,LA MARINA,1632,,,,150121,-12.078219,-77.079396,osm_unverified,,test,addr:street y addr:housenumber de OSM
SYN-w436784563-1,synthetic,LA MARINA #1632 PUEBLO LIBRE,,,,,LA MARINA,1632,,,,150121,-12.078219,-77.079396,osm_unverified,,test,tipo_omitido;num=#;loc=espacio;mayusculas
SYN-w436784563-2,synthetic,AV. La Marina Nº 1632,Pueblo Libre,,,AVENIDA,LA MARINA,1632,,,,150121,-12.078219,-77.079396,osm_unverified,,test,tipo=AV.;num=Nº;loc=campo;sin_tildes
OSM-n13754003886,osm_addr,Calle José Gálvez 218,Miraflores,Lima,Lima,CALLE,JOSE GALVEZ,218,,,,150122,-12.122254,-77.032461,osm_unverified,,dev,addr:street y addr:housenumber de OSM
SYN-n13754003886-1,synthetic,"Calle José Gálvez Nro. 218, Miraflores, Lima, Lima",,,,CALLE,JOSE GALVEZ,218,,,,150122,-12.122254,-77.032461,osm_unverified,,dev,tipo=Calle;num=Nro.;loc=dist_prov_dep
SYN-n13754003886-2,synthetic,Cl. Jose Galvez Nº 218,Miraflores,,,CALLE,JOSE GALVEZ,218,,,,150122,-12.122254,-77.032461,osm_unverified,,dev,tipo=Cl.;num=Nº;loc=campo;sin_tildes
OSM-n1435192552,osm_addr,Plaza Bolognesi 472,Miraflores,Lima,Lima,PLAZA,BOLOGNESI,472,,,,150122,-12.122861,-77.036085,osm_unverified,,test,addr:street y addr:housenumber de OSM
SYN-n1435192552-1,synthetic,"Pza. Bolognesi # 472 Dpto. 201, Miraflores",,,,PLAZA,BOLOGNESI,472,,,,150122,-12.122861,-77.036085,osm_unverified,,test,tipo=Pza.;num=#;interior;loc=coma
SYN-n1435192552-2,synthetic,"pza.bolognesi n° 472 of. 502, miraflores",,,,PLAZA,BOLOGNESI,472,,,,150122,-12.122861,-77.036085,osm_unverified,,test,tipo=Pza.;num=N°;tipo_pegado;interior;loc=coma;minusculas
OSM-n4264876269,osm_addr,Avenida Vasco Nuñez de Balboa 741,Miraflores,Lima,Lima,AVENIDA,VASCO NUÑEZ DE BALBOA,741,,,,150122,-12.129594,-77.024444,osm_unverified,,test,addr:street y addr:housenumber de OSM
SYN-n4264876269-1,synthetic,Avda. Vasco Nuñez de Balboa Nro 741 - Miraflores,,Lima,,AVENIDA,VASCO NUÑEZ DE BALBOA,741,,,,150122,-12.129594,-77.024444,osm_unverified,,test,tipo=Avda.;num=Nro;loc=mixta
SYN-n4264876269-2,synthetic,AV. Vasco Nuñez de Balboa #741 Miraflores,,,,AVENIDA,VASCO NUÑEZ DE BALBOA,741,,,,150122,-12.129594,-77.024444,osm_unverified,,test,tipo=AV.;num=#;loc=espacio;sin_tildes
OSM-n4313818189,osm_addr,Pasaje La Tarata 299,Miraflores,Lima,Lima,PASAJE,LA TARATA,299,,,,150122,-12.123506,-77.027977,osm_unverified,,dev,addr:street y addr:housenumber de OSM
SYN-n4313818189-1,synthetic,"Psje. La Tarata Nº 299 Dpto 1203, Miraflores, Lima",,,,PASAJE,LA TARATA,299,,,,150122,-12.123506,-77.027977,osm_unverified,,dev,tipo=Psje.;num=Nº;interior;loc=dist_prov;sin_tildes
SYN-n4313818189-2,synthetic,"Psje. La Tarata nro. 299, Miraflores, Lima",,,,PASAJE,LA TARATA,299,,,,150122,-12.123506,-77.027977,osm_unverified,,dev,tipo=Psje.;num=nro.;loc=dist_prov
OSM-n4313828389,osm_addr,Calle San Martín 417,Miraflores,Lima,Lima,CALLE,SAN MARTIN,417,,,,150122,-12.125625,-77.030087,osm_unverified,,dev,addr:street y addr:housenumber de OSM
SYN-n4313828389-1,synthetic,"Calle San Martín N° 417, Miraflores",,,,CALLE,SAN MARTIN,417,,,,150122,-12.125625,-77.030087,osm_unverified,,dev,tipo=Calle;num=N°;loc=coma
SYN-n4313828389-2,synthetic,Sn Martín # 417 - Miraflores,,Lima,,,SAN MARTIN,417,,,,150122,-12.125625,-77.030087,osm_unverified,,dev,titulo_abreviado;tipo_omitido;num=#;loc=mixta
OSM-n5106672940,osm_addr,Calle Domingo Orué 199,Miraflores,Lima,Lima,CALLE,DOMINGO ORUE,199,,,,150122,-12.109300,-77.030781,osm_unverified,,test,addr:street y addr:housenumber de OSM
SYN-n5106672940-1,synthetic,calle Domingo Orué N° 199 Miraflores,,,,CALLE,DOMINGO ORUE,199,,,,150122,-12.109300,-77.030781,osm_unverified,,test,tipo=calle;num=N°;loc=espacio
SYN-n5106672940-2,synthetic,Cl. Domingo Orue nro. 199 Dpto 1203 - Miraflores,,,,CALLE,DOMINGO ORUE,199,,,,150122,-12.109300,-77.030781,osm_unverified,,test,tipo=Cl.;num=nro.;interior;loc=guion;sin_tildes
OSM-n5106672941,osm_addr,Calle Domingo Orué 300,Miraflores,Lima,Lima,CALLE,DOMINGO ORUE,300,,,,150122,-12.109266,-77.029358,osm_unverified,,test,addr:street y addr:housenumber de OSM
SYN-n5106672941-1,synthetic,"Domingo Orue 300, Miraflores",,,,,DOMINGO ORUE,300,,,,150122,-12.109266,-77.029358,osm_unverified,,test,tipo_omitido;loc=coma;sin_tildes
SYN-n5106672941-2,synthetic,CALLE DOMINGO ORUE # 300 - MIRAFLORES,,,,CALLE,DOMINGO ORUE,300,,,,150122,-12.109266,-77.029358,osm_unverified,,test,tipo=Calle;num=#;loc=guion;mayusculas;sin_tildes
OSM-n5106672947,osm_addr,Avenida Petit Thouars 4550,Miraflores,Lima,Lima,AVENIDA,PETIT THOUARS,4550,,,,150122,-12.109344,-77.029308,osm_unverified,,dev,addr:street y addr:housenumber de OSM
SYN-n5106672947-1,synthetic,AVENIDA PETIT THOUARS NRO 4550 - MIRAFLORES,,Lima,,AVENIDA,PETIT THOUARS,4550,,,,150122,-12.109344,-77.029308,osm_unverified,,dev,tipo=Avenida;num=Nro;loc=mixta;mayusculas;sin_tildes
SYN-n5106672947-2,synthetic,"Avda. Petit Thouars Nro. 4550, Miraflores, Lima, Lima",,,,AVENIDA,PETIT THOUARS,4550,,,,150122,-12.109344,-77.029308,osm_unverified,,dev,tipo=Avda.;num=Nro.;loc=dist_prov_dep
OSM-n6086531793,osm_addr,Calle Elias Aguirre 140,Miraflores,Lima,Lima,CALLE,ELIAS AGUIRRE,140,,,,150122,-12.118585,-77.034980,osm_unverified,,dev,addr:street y addr:housenumber de OSM
SYN-n6086531793-1,synthetic,calle Elias Aguirre 140 - Miraflores,,Lima,,CALLE,ELIAS AGUIRRE,140,,,,150122,-12.118585,-77.034980,osm_unverified,,dev,tipo=calle;loc=mixta
SYN-n6086531793-2,synthetic,CL. ELIAS AGUIRRE Nº 140 - MIRAFLORES,,Lima,,CALLE,ELIAS AGUIRRE,140,,,,150122,-12.118585,-77.034980,osm_unverified,,dev,tipo=Cl.;num=Nº;loc=mixta;mayusculas;sin_tildes
OSM-n9951573618,osm_addr,Calle Manuel Bonilla 112,Miraflores,Lima,Lima,CALLE,MANUEL BONILLA,112,,,,150122,-12.119936,-77.028558,osm_unverified,,dev,addr:street y addr:housenumber de OSM
SYN-n9951573618-1,synthetic,"clle. manuel bonilla n° 112, miraflores",,,,CALLE,MANUEL BONILLA,112,,,,150122,-12.119936,-77.028558,osm_unverified,,dev,tipo=Clle.;num=N°;loc=coma;minusculas;sin_tildes
SYN-n9951573618-2,synthetic,Calle Manuel Bonilla 112,Miraflores,,,CALLE,MANUEL BONILLA,112,,,,150122,-12.119936,-77.028558,osm_unverified,,dev,tipo=Calle;loc=campo
OSM-w183109959,osm_addr,Avenida Jorge Chávez 206,Miraflores,Lima,Lima,AVENIDA,JORGE CHAVEZ,206,,,,150122,-12.120283,-77.037271,osm_unverified,,test,addr:street y addr:housenumber de OSM
SYN-w183109959-1,synthetic,"Av. Jorge Chavez Nro 206 Piso 2, Miraflores, Lima, Lima",,,,AVENIDA,JORGE CHAVEZ,206,,,,150122,-12.120283,-77.037271,osm_unverified,,test,tipo=Av.;num=Nro;interior;loc=dist_prov_dep;sin_tildes
SYN-w183109959-2,synthetic,"Avenida Jorge Chávez 206 Dpto 1203, Miraflores, Lima, Lima",,,,AVENIDA,JORGE CHAVEZ,206,,,,150122,-12.120283,-77.037271,osm_unverified,,test,tipo=Avenida;interior;loc=dist_prov_dep
OSM-w248465653,osm_addr,Bolognesi 228,Miraflores,Lima,Lima,,BOLOGNESI,228,,,,150122,-12.120807,-77.036107,osm_unverified,,test,addr:street y addr:housenumber de OSM
SYN-w248465653-1,synthetic,Bolognesi # 228,Miraflores,,,,BOLOGNESI,228,,,,150122,-12.120807,-77.036107,osm_unverified,,test,num=#;loc=campo
SYN-w248465653-2,synthetic,Bolognesi # 228 Int 4B - Miraflores,,,,,BOLOGNESI,228,,,,150122,-12.120807,-77.036107,osm_unverified,,test,num=#;interior;loc=guion
OSM-w435198403,osm_addr,Malecón de la Marina 264,Miraflores,Lima,Lima,MALECON,DE LA MARINA,264,,,,150122,-12.110810,-77.051403,osm_unverified,,dev,addr:street y addr:housenumber de OSM
SYN-w435198403-1,synthetic,Malecon de la Marina 264 Of. 502 - Miraflores,,,,MALECON,DE LA MARINA,264,,,,150122,-12.110810,-77.051403,osm_unverified,,dev,tipo=Malecon;interior;loc=guion;sin_tildes
SYN-w435198403-2,synthetic,Mlcn.de la Marina # 264 - Miraflores,,,,MALECON,DE LA MARINA,264,,,,150122,-12.110810,-77.051403,osm_unverified,,dev,tipo=Mlcn.;num=#;tipo_pegado;loc=guion;sin_tildes
OSM-w435198405,osm_addr,Malecón de la Marina 1176,Miraflores,Lima,Lima,MALECON,DE LA MARINA,1176,,,,150122,-12.111752,-77.050906,osm_unverified,,dev,addr:street y addr:housenumber de OSM
SYN-w435198405-1,synthetic,Malecon de la Marina 1176 - Miraflores,,,,MALECON,DE LA MARINA,1176,,,,150122,-12.111752,-77.050906,osm_unverified,,dev,tipo=Malecon;loc=guion
SYN-w435198405-2,synthetic,MLCN. DE LA MARINA NRO. 1176 - MIRAFLORES,,,,MALECON,DE LA MARINA,1176,,,,150122,-12.111752,-77.050906,osm_unverified,,dev,tipo=Mlcn.;num=nro.;loc=guion;mayusculas;sin_tildes
OSM-w436625984,osm_addr,Jirón Henry Revett 411,Miraflores,Lima,Lima,JIRON,HENRY REVETT,411,,,,150122,-12.130205,-77.013957,osm_unverified,,dev,addr:street y addr:housenumber de OSM
SYN-w436625984-1,synthetic,"JR. HENRY REVETT N°411, MIRAFLORES, LIMA, LIMA",,,,JIRON,HENRY REVETT,411,,,,150122,-12.130205,-77.013957,osm_unverified,,dev,tipo=JR.;num=N°;loc=dist_prov_dep;mayusculas
SYN-w436625984-2,synthetic,jiron henry revett nº 411 miraflores,,,,JIRON,HENRY REVETT,411,,,,150122,-12.130205,-77.013957,osm_unverified,,dev,tipo=Jiron;num=Nº;loc=espacio;minusculas;sin_tildes
OSM-w436774110,osm_addr,Jirón Ramón Ribeyro 723,Miraflores,Lima,Lima,JIRON,RAMON RIBEYRO,723,,,,150122,-12.129362,-77.019934,osm_unverified,,dev,addr:street y addr:housenumber de OSM
SYN-w436774110-1,synthetic,JR. Ramón Ribeyro 723 Miraflores,,,,JIRON,RAMON RIBEYRO,723,,,,150122,-12.129362,-77.019934,osm_unverified,,dev,tipo=JR.;loc=espacio
SYN-w436774110-2,synthetic,JR.Ramón Ribeyro nro. 723,Miraflores,,,JIRON,RAMON RIBEYRO,723,,,,150122,-12.129362,-77.019934,osm_unverified,,dev,tipo=JR.;num=nro.;tipo_pegado;loc=campo
OSM-w436774112,osm_addr,Calle Jose E. de Mora 125,Miraflores,Lima,Lima,CALLE,JOSE E DE MORA,125,,,,150122,-12.127192,-77.020706,osm_unverified,,dev,addr:street y addr:housenumber de OSM
SYN-w436774112-1,synthetic,Cll Jose E. de Mora # 125 - Miraflores,,Lima,,CALLE,JOSE E DE MORA,125,,,,150122,-12.127192,-77.020706,osm_unverified,,dev,tipo=Cll;num=#;loc=mixta;sin_tildes
SYN-w436774112-2,synthetic,CALLE JOSE E. DE MORA NRO 125 DPTO. 201,Miraflores,,,CALLE,JOSE E DE MORA,125,,,,150122,-12.127192,-77.020706,osm_unverified,,dev,tipo=calle;num=Nro;interior;loc=campo;mayusculas;sin_tildes
OSM-w459468696,osm_addr,Calle José Gálvez 651,Miraflores,Lima,Lima,CALLE,JOSE GALVEZ,651,,,,150122,-12.121401,-77.036393,osm_unverified,,dev,addr:street y addr:housenumber de OSM
SYN-w459468696-1,synthetic,"Clle. Jose Galvez Nº 651, Miraflores, Lima, Lima",,,,CALLE,JOSE GALVEZ,651,,,,150122,-12.121401,-77.036393,osm_unverified,,dev,tipo=Clle.;num=Nº;loc=dist_prov_dep;sin_tildes
SYN-w459468696-2,synthetic,"Ca. José Gálvez Nro. 651, Miraflores, Lima",,,,CALLE,JOSE GALVEZ,651,,,,150122,-12.121401,-77.036393,osm_unverified,,dev,tipo=Ca.;num=Nro.;loc=dist_prov
OSM-w568344820,osm_addr,Avenida Arequipa 4496,Miraflores,Lima,Lima,AVENIDA,AREQUIPA,4496,,,,150122,-12.110329,-77.030671,osm_unverified,,test,addr:street y addr:housenumber de OSM
SYN-w568344820-1,synthetic,"Av. Arequipa Nro. 4496, Miraflores, Lima",,,,AVENIDA,AREQUIPA,4496,,,,150122,-12.110329,-77.030671,osm_unverified,,test,tipo=Av.;num=Nro.;loc=dist_prov
SYN-w568344820-2,synthetic,"Avda. Arequipa Nro. 4496, Miraflores, Lima",,,,AVENIDA,AREQUIPA,4496,,,,150122,-12.110329,-77.030671,osm_unverified,,test,tipo=Avda.;num=Nro.;loc=dist_prov;sin_tildes
OSM-w631957275,osm_addr,Calle Eduardo de Harbich 170,Miraflores,Lima,Lima,CALLE,EDUARDO DE HARBICH,170,,,,150122,-12.112878,-77.036235,osm_unverified,,test,addr:street y addr:housenumber de OSM
SYN-w631957275-1,synthetic,Calle Eduardo de Harbich nro. 170 Miraflores,,,,CALLE,EDUARDO DE HARBICH,170,,,,150122,-12.112878,-77.036235,osm_unverified,,test,tipo=Calle;num=nro.;loc=espacio
SYN-w631957275-2,synthetic,"cll eduardo de harbich #170, miraflores",,,,CALLE,EDUARDO DE HARBICH,170,,,,150122,-12.112878,-77.036235,osm_unverified,,test,tipo=Cll;num=#;loc=coma;minusculas
OSM-n14088589526,osm_addr,Calle 4 165,Pachacámac,Lima,Lima,CALLE,4,165,,,,150123,-12.218725,-76.864933,osm_unverified,,dev,addr:street y addr:housenumber de OSM
SYN-n14088589526-1,synthetic,Clle. 4 Nro 165 Int 4B - Pachacámac,,Lima,,CALLE,4,165,,,,150123,-12.218725,-76.864933,osm_unverified,,dev,tipo=Clle.;num=Nro;interior;loc=mixta
SYN-n14088589526-2,synthetic,Cl. 4 165 - Pachacamac,,Lima,,CALLE,4,165,,,,150123,-12.218725,-76.864933,osm_unverified,,dev,tipo=Cl.;loc=mixta;sin_tildes
OSM-n4785310215,osm_addr,Avenida Victor Malásquez 502,Pachacámac,Lima,Lima,AVENIDA,VICTOR MALASQUEZ,502,,,,150123,-12.152412,-76.870371,osm_unverified,,test,addr:street y addr:housenumber de OSM
SYN-n4785310215-1,synthetic,"Av.Victor Malásquez #502 Int 4B, Pachacámac",,,,AVENIDA,VICTOR MALASQUEZ,502,,,,150123,-12.152412,-76.870371,osm_unverified,,test,tipo=Av.;num=#;tipo_pegado;interior;loc=coma
SYN-n4785310215-2,synthetic,Avda. Victor Malasquez # 502 Int 4B - Pachacamac,,Lima,,AVENIDA,VICTOR MALASQUEZ,502,,,,150123,-12.152412,-76.870371,osm_unverified,,test,tipo=Avda.;num=#;interior;loc=mixta;sin_tildes
OSM-n5002406242,osm_addr,Avenida Paul Poblet Lind 3111,Pachacámac,Lima,Lima,AVENIDA,PAUL POBLET LIND,3111,,,,150123,-12.229850,-76.863573,osm_unverified,,test,addr:street y addr:housenumber de OSM
SYN-n5002406242-1,synthetic,"Av Paul Poblet Lind 3111, Pachacámac, Lima",,,,AVENIDA,PAUL POBLET LIND,3111,,,,150123,-12.229850,-76.863573,osm_unverified,,test,tipo=Av;loc=dist_prov
SYN-n5002406242-2,synthetic,"av. paul poblet lind n°3111, pachacamac, lima, lima",,,,AVENIDA,PAUL POBLET LIND,3111,,,,150123,-12.229850,-76.863573,osm_unverified,,test,tipo=AV.;num=N°;loc=dist_prov_dep;minusculas;sin_tildes
OSM-n5721411473,osm_addr,Avenida Víctor Malásquez Chacaltana 105,Pachacámac,Lima,Lima,AVENIDA,VICTOR MALASQUEZ CHACALTANA,105,,,,150123,-12.107841,-76.875510,osm_unverified,,dev,addr:street y addr:housenumber de OSM
SYN-n5721411473-1,synthetic,AV. Víctor Malásquez Chacaltana #105 Dpto 1203 - Pachacámac,,,,AVENIDA,VICTOR MALASQUEZ CHACALTANA,105,,,,150123,-12.107841,-76.875510,osm_unverified,,dev,tipo=AV.;num=#;interior;loc=guion
SYN-n5721411473-2,synthetic,Victor Malasquez Chacaltana N°105 Int 4B - Pachacamac,,,,,VICTOR MALASQUEZ CHACALTANA,105,,,,150123,-12.107841,-76.875510,osm_unverified,,dev,tipo_omitido;num=N°;interior;loc=guion;sin_tildes
OSM-n7054726960,osm_addr,Jirón Comercio 505,Pachacámac,Lima,Lima,JIRON,COMERCIO,505,,,,150123,-12.229461,-76.858825,osm_unverified,,dev,addr:street y addr:housenumber de OSM
SYN-n7054726960-1,synthetic,Jr Comercio #505 Pachacamac,,,,JIRON,COMERCIO,505,,,,150123,-12.229461,-76.858825,osm_unverified,,dev,tipo=Jr;num=#;loc=espacio;sin_tildes
SYN-n7054726960-2,synthetic,Jr. Comercio 505,Pachacámac,,,JIRON,COMERCIO,505,,,,150123,-12.229461,-76.858825,osm_unverified,,dev,tipo=Jr.;loc=campo
OSM-n7662463047,osm_addr,Pasaje Héroes del Cenepa 286,Pachacámac,Lima,Lima,PASAJE,HEROES DEL CENEPA,286,,,,150123,-12.227069,-76.861795,osm_unverified,,test,addr:street y addr:housenumber de OSM
SYN-n7662463047-1,synthetic,Pasaje Heroes del Cenepa 286 - Pachacamac,,,,PASAJE,HEROES DEL CENEPA,286,,,,150123,-12.227069,-76.861795,osm_unverified,,test,tipo=Pasaje;loc=guion;sin_tildes
SYN-n7662463047-2,synthetic,"Pasaje Heroes del Cenepa 286 Dpto. 201, Pachacamac, Lima, Lima",,,,PASAJE,HEROES DEL CENEPA,286,,,,150123,-12.227069,-76.861795,osm_unverified,,test,tipo=Pasaje;interior;loc=dist_prov_dep;sin_tildes
OSM-n8547110884,osm_addr,Jirón Castilla 521,Pachacámac,Lima,Lima,JIRON,CASTILLA,521,,,,150123,-12.227615,-76.858440,osm_unverified,,dev,addr:street y addr:housenumber de OSM
SYN-n8547110884-1,synthetic,Jiron Castilla 521,Pachacamac,,,JIRON,CASTILLA,521,,,,150123,-12.227615,-76.858440,osm_unverified,,dev,tipo=Jirón;loc=campo;sin_tildes
SYN-n8547110884-2,synthetic,"jr. Castilla 521, Pachacámac",,,,JIRON,CASTILLA,521,,,,150123,-12.227615,-76.858440,osm_unverified,,dev,tipo=jr.;loc=coma
OSM-n8994187785,osm_addr,Avenida Del Parque 1140,Pachacámac,Lima,Lima,AVENIDA,DEL PARQUE,1140,,,,150123,-12.073775,-76.884072,osm_unverified,,dev,addr:street y addr:housenumber de OSM
SYN-n8994187785-1,synthetic,"av. Del Parque N° 1140, Pachacámac, Lima, Lima",,,,AVENIDA,DEL PARQUE,1140,,,,150123,-12.073775,-76.884072,osm_unverified,,dev,tipo=av.;num=N°;loc=dist_prov_dep
SYN-n8994187785-2,synthetic,AV. DEL PARQUE 1140 PACHACÁMAC,,,,AVENIDA,DEL PARQUE,1140,,,,150123,-12.073775,-76.884072,osm_unverified,,dev,tipo=AV.;loc=espacio;mayusculas
OSM-w445592448,osm_addr,Jirón Paraíso 206,Pachacámac,Lima,Lima,JIRON,PARAISO,206,,,,150123,-12.229350,-76.859472,osm_unverified,,test,addr:street y addr:housenumber de OSM
SYN-w445592448-1,synthetic,"Jiron Paraíso 206, Pachacámac, Lima",,,,JIRON,PARAISO,206,,,,150123,-12.229350,-76.859472,osm_unverified,,test,tipo=Jiron;loc=dist_prov
SYN-w445592448-2,synthetic,JR. Paraiso 206 Dpto 1203 - Pachacamac,,Lima,,JIRON,PARAISO,206,,,,150123,-12.229350,-76.859472,osm_unverified,,test,tipo=JR.;interior;loc=mixta;sin_tildes
OSM-w445592450,osm_addr,Jirón Convento 345,Pachacámac,Lima,Lima,JIRON,CONVENTO,345,,,,150123,-12.229234,-76.858512,osm_unverified,,test,addr:street y addr:housenumber de OSM
SYN-w445592450-1,synthetic,Jiron Convento # 345 - Pachacámac,,Lima,,JIRON,CONVENTO,345,,,,150123,-12.229234,-76.858512,osm_unverified,,test,tipo=Jiron;num=#;loc=mixta
SYN-w445592450-2,synthetic,Jr Convento 345,Pachacámac,,,JIRON,CONVENTO,345,,,,150123,-12.229234,-76.858512,osm_unverified,,test,tipo=Jr;loc=campo
OSM-w445592469,osm_addr,Avenida Manuel Valle 3111,Pachacámac,Lima,Lima,AVENIDA,MANUEL VALLE,3111,,,,150123,-12.230008,-76.864007,osm_unverified,,dev,addr:street y addr:housenumber de OSM
SYN-w445592469-1,synthetic,"AVDA. MANUEL VALLE N° 3111, PACHACAMAC",,,,AVENIDA,MANUEL VALLE,3111,,,,150123,-12.230008,-76.864007,osm_unverified,,dev,tipo=Avda.;num=N°;loc=coma;mayusculas;sin_tildes
SYN-w445592469-2,synthetic,av. Manuel Valle N°3111,Pachacamac,,,AVENIDA,MANUEL VALLE,3111,,,,150123,-12.230008,-76.864007,osm_unverified,,dev,tipo=av.;num=N°;loc=campo;sin_tildes
OSM-w445592476,osm_addr,Avenida Paul Poblet Lind 2200,Pachacámac,Lima,Lima,AVENIDA,PAUL POBLET LIND,2200,,,,150123,-12.233750,-76.865972,osm_unverified,,test,addr:street y addr:housenumber de OSM
SYN-w445592476-1,synthetic,"Av. Paul Poblet Lind 2200, Pachacamac, Lima",,,,AVENIDA,PAUL POBLET LIND,2200,,,,150123,-12.233750,-76.865972,osm_unverified,,test,tipo=Av.;loc=dist_prov;sin_tildes
SYN-w445592476-2,synthetic,Av. Paul Poblet Lind N° 2200 Pachacamac,,,,AVENIDA,PAUL POBLET LIND,2200,,,,150123,-12.233750,-76.865972,osm_unverified,,test,tipo=Av.;num=N°;loc=espacio;sin_tildes
OSM-n7653353095,osm_addr,Miguel Grau 309,Pucusana,Lima,Lima,,MIGUEL GRAU,309,,,,150124,-12.481768,-76.797423,osm_unverified,,test,addr:street y addr:housenumber de OSM
SYN-n7653353095-1,synthetic,"Miguel Grau Nº 309, Pucusana, Lima, Lima",,,,,MIGUEL GRAU,309,,,,150124,-12.481768,-76.797423,osm_unverified,,test,num=Nº;loc=dist_prov_dep;sin_tildes
SYN-n7653353095-2,synthetic,Miguel Grau N° 309 Piso 2 - Pucusana,,,,,MIGUEL GRAU,309,,,,150124,-12.481768,-76.797423,osm_unverified,,test,num=N°;interior;loc=guion;sin_tildes
OSM-n3646806445,osm_addr,Avenida Lecaros 273,Puente Piedra,Lima,Lima,AVENIDA,LECAROS,273,,,,150125,-11.865640,-77.076482,osm_unverified,,dev,addr:street y addr:housenumber de OSM
SYN-n3646806445-1,synthetic,Av.Lecaros N° 273,Puente Piedra,,,AVENIDA,LECAROS,273,,,,150125,-11.865640,-77.076482,osm_unverified,,dev,tipo=Av.;num=N°;tipo_pegado;loc=campo;sin_tildes
SYN-n3646806445-2,synthetic,Avenida Lecaros Nro 273 Int 4B,Puente Piedra,,,AVENIDA,LECAROS,273,,,,150125,-11.865640,-77.076482,osm_unverified,,dev,tipo=Avenida;num=Nro;interior;loc=campo
OSM-n4287003591,osm_addr,Calle Francisco Bolognesi 187,Puente Piedra,Lima,Lima,CALLE,FRANCISCO BOLOGNESI,187,,,,150125,-11.864147,-77.077458,osm_unverified,,dev,addr:street y addr:housenumber de OSM
SYN-n4287003591-1,synthetic,"CL. FRANCISCO BOLOGNESI 187, PUENTE PIEDRA, LIMA, LIMA",,,,CALLE,FRANCISCO BOLOGNESI,187,,,,150125,-11.864147,-77.077458,osm_unverified,,dev,tipo=Cl.;loc=dist_prov_dep;mayusculas
SYN-n4287003591-2,synthetic,"Cll Francisco Bolognesi Nro 187, Puente Piedra, Lima",,,,CALLE,FRANCISCO BOLOGNESI,187,,,,150125,-11.864147,-77.077458,osm_unverified,,dev,tipo=Cll;num=Nro;loc=dist_prov;sin_tildes
OSM-n4475740589,osm_addr,Jirón Los Lirios 403,Puente Piedra,Lima,Lima,JIRON,LOS LIRIOS,403,,,,150125,-11.880650,-77.071900,osm_unverified,,dev,addr:street y addr:housenumber de OSM
SYN-n4475740589-1,synthetic,JR.Los Lirios N° 403,Puente Piedra,,,JIRON,LOS LIRIOS,403,,,,150125,-11.880650,-77.071900,osm_unverified,,dev,tipo=JR.;num=N°;tipo_pegado;loc=campo;sin_tildes
SYN-n4475740589-2,synthetic,"Jirón Los Lirios 403 Of. 502, Puente Piedra, Lima",,,,JIRON,LOS LIRIOS,403,,,,150125,-11.880650,-77.071900,osm_unverified,,dev,tipo=Jirón;interior;loc=dist_prov
OSM-n4924481225,osm_addr,Avenida Buenos Aires 1162,Puente Piedra,Lima,Lima,AVENIDA,BUENOS AIRES,1162,,,,150125,-11.858269,-77.084591,osm_unverified,,dev,addr:street y addr:housenumber de OSM
SYN-n4924481225-1,synthetic,Av Buenos Aires Nro 1162 - Puente Piedra,,Lima,,AVENIDA,BUENOS AIRES,1162,,,,150125,-11.858269,-77.084591,osm_unverified,,dev,tipo=Av;num=Nro;loc=mixta;sin_tildes
SYN-n4924481225-2,synthetic,Buenos Aires #1162 Puente Piedra,,,,,BUENOS AIRES,1162,,,,150125,-11.858269,-77.084591,osm_unverified,,dev,tipo_omitido;num=#;loc=espacio;sin_tildes
OSM-n5934637780,osm_addr,Pasaje San Juan 131,Puente Piedra,Lima,Lima,PASAJE,SAN JUAN,131,,,,150125,-11.858060,-77.085702,osm_unverified,,test,addr:street y addr:housenumber de OSM
SYN-n5934637780-1,synthetic,PSJ. SN JUAN NRO 131 - PUENTE PIEDRA,,,,PASAJE,SAN JUAN,131,,,,150125,-11.858060,-77.085702,osm_unverified,,test,titulo_abreviado;tipo=Psj.;num=Nro;loc=guion;mayusculas;sin_tildes
SYN-n5934637780-2,synthetic,Psj. Sn Juan 131,Puente Piedra,,,PASAJE,SAN JUAN,131,,,,150125,-11.858060,-77.085702,osm_unverified,,test,titulo_abreviado;tipo=Psj.;loc=campo;sin_tildes
OSM-n7018273759,osm_addr,Avenida Sucre 360,Puente Piedra,Lima,Lima,AVENIDA,SUCRE,360,,,,150125,-11.865866,-77.078409,osm_unverified,,dev,addr:street y addr:housenumber de OSM
SYN-n7018273759-1,synthetic,AV. Sucre N°360 - Puente Piedra,,,,AVENIDA,SUCRE,360,,,,150125,-11.865866,-77.078409,osm_unverified,,dev,tipo=AV.;num=N°;loc=guion;sin_tildes
SYN-n7018273759-2,synthetic,Sucre Nº 360 Of. 502 - Puente Piedra,,,,,SUCRE,360,,,,150125,-11.865866,-77.078409,osm_unverified,,dev,tipo_omitido;num=Nº;interior;loc=guion
OSM-n7281043365,osm_addr,Jirón Huancavelica 180,Puente Piedra,Lima,Lima,JIRON,HUANCAVELICA,180,,,,150125,-11.871029,-77.086863,osm_unverified,,dev,addr:street y addr:housenumber de OSM
SYN-n7281043365-1,synthetic,jr. Huancavelica #180,Puente Piedra,,,JIRON,HUANCAVELICA,180,,,,150125,-11.871029,-77.086863,osm_unverified,,dev,tipo=jr.;num=#;loc=campo
SYN-n7281043365-2,synthetic,"HUANCAVELICA N° 180, PUENTE PIEDRA, LIMA",,,,,HUANCAVELICA,180,,,,150125,-11.871029,-77.086863,osm_unverified,,dev,tipo_omitido;num=N°;loc=dist_prov;mayusculas
OSM-n7304631813,osm_addr,Avenida Santa Rosa 1381,Puente Piedra,Lima,Lima,AVENIDA,SANTA ROSA,1381,,,,150125,-11.873344,-77.084715,osm_unverified,,test,addr:street y addr:housenumber de OSM
SYN-n7304631813-1,synthetic,Av. Sta. Rosa Nro 1381 - Puente Piedra,,Lima,,AVENIDA,SANTA ROSA,1381,,,,150125,-11.873344,-77.084715,osm_unverified,,test,titulo_abreviado;tipo=Av.;num=Nro;loc=mixta;sin_tildes
SYN-n7304631813-2,synthetic,AV. Santa Rosa Nº 1381 Puente Piedra,,,,AVENIDA,SANTA ROSA,1381,,,,150125,-11.873344,-77.084715,osm_unverified,,test,tipo=AV.;num=Nº;loc=espacio;sin_tildes
OSM-n7563568828,osm_addr,Calle Los Geranios 221,Puente Piedra,Lima,Lima,CALLE,LOS GERANIOS,221,,,,150125,-11.916243,-77.078470,osm_unverified,,dev,addr:street y addr:housenumber de OSM
SYN-n7563568828-1,synthetic,"Los Geranios Nro 221, Puente Piedra",,,,,LOS GERANIOS,221,,,,150125,-11.916243,-77.078470,osm_unverified,,dev,tipo_omitido;num=Nro;loc=coma;sin_tildes
SYN-n7563568828-2,synthetic,"CLL LOS GERANIOS NRO. 221, PUENTE PIEDRA",,,,CALLE,LOS GERANIOS,221,,,,150125,-11.916243,-77.078470,osm_unverified,,dev,tipo=Cll;num=nro.;loc=coma;mayusculas
OSM-w1117742078,osm_addr,Avenida Buenos Aires 600,Puente Piedra,Lima,Lima,AVENIDA,BUENOS AIRES,600,,,,150125,-11.863334,-77.079808,osm_unverified,,dev,addr:street y addr:housenumber de OSM
SYN-w1117742078-1,synthetic,"Avda. Buenos Aires 600, Puente Piedra, Lima",,,,AVENIDA,BUENOS AIRES,600,,,,150125,-11.863334,-77.079808,osm_unverified,,dev,tipo=Avda.;loc=dist_prov;sin_tildes
SYN-w1117742078-2,synthetic,av. Buenos Aires Nro 600 - Puente Piedra,,Lima,,AVENIDA,BUENOS AIRES,600,,,,150125,-11.863334,-77.079808,osm_unverified,,dev,tipo=av.;num=Nro;loc=mixta
OSM-w1315813482,osm_addr,Avenida Lecaros 202,Puente Piedra,Lima,Lima,AVENIDA,LECAROS,202,,,,150125,-11.863517,-77.072654,osm_unverified,,dev,addr:street y addr:housenumber de OSM
SYN-w1315813482-1,synthetic,"av.Lecaros Nro. 202, Puente Piedra, Lima, Lima",,,,AVENIDA,LECAROS,202,,,,150125,-11.863517,-77.072654,osm_unverified,,dev,tipo=av.;num=Nro.;tipo_pegado;loc=dist_prov_dep
SYN-w1315813482-2,synthetic,AV. Lecaros #202 - Puente Piedra,,,,AVENIDA,LECAROS,202,,,,150125,-11.863517,-77.072654,osm_unverified,,dev,tipo=AV.;num=#;loc=guion;sin_tildes
OSM-w1350816550,osm_addr,Avenida San Juan de Dios 497,Puente Piedra,Lima,Lima,AVENIDA,SAN JUAN DE DIOS,497,,,,150125,-11.863172,-77.068596,osm_unverified,,dev,addr:street y addr:housenumber de OSM
SYN-w1350816550-1,synthetic,Avda. San Juan de Dios N° 497,Puente Piedra,,,AVENIDA,SAN JUAN DE DIOS,497,,,,150125,-11.863172,-77.068596,osm_unverified,,dev,tipo=Avda.;num=N°;loc=campo
SYN-w1350816550-2,synthetic,AV. SAN JUAN DE DIOS N°497 PUENTE PIEDRA,,,,AVENIDA,SAN JUAN DE DIOS,497,,,,150125,-11.863172,-77.068596,osm_unverified,,dev,tipo=AV.;num=N°;loc=espacio;mayusculas;sin_tildes
OSM-w435558788,osm_addr,Carretera Panamericana Norte 856,Puente Piedra,Lima,Lima,CARRETERA,PANAMERICANA NORTE,856,,,,150125,-11.890573,-77.068682,osm_unverified,,dev,addr:street y addr:housenumber de OSM
SYN-w435558788-1,synthetic,CARRETERA PANAMERICANA NORTE N°856 - PUENTE PIEDRA,,Lima,,CARRETERA,PANAMERICANA NORTE,856,,,,150125,-11.890573,-77.068682,osm_unverified,,dev,tipo=Carretera;num=N°;loc=mixta;mayusculas;sin_tildes
SYN-w435558788-2,synthetic,Carretera Panamericana Norte Nro. 856 Puente Piedra,,,,CARRETERA,PANAMERICANA NORTE,856,,,,150125,-11.890573,-77.068682,osm_unverified,,dev,tipo=Carretera;num=Nro.;loc=espacio;sin_tildes
OSM-w549011460,osm_addr,Calle Las Acacias 660,Puente Piedra,Lima,Lima,CALLE,LAS ACACIAS,660,,,,150125,-11.931469,-77.096644,osm_unverified,,dev,addr:street y addr:housenumber de OSM
SYN-w549011460-1,synthetic,Calle Las Acacias 660 Puente Piedra,,,,CALLE,LAS ACACIAS,660,,,,150125,-11.931469,-77.096644,osm_unverified,,dev,tipo=Calle;loc=espacio;sin_tildes
SYN-w549011460-2,synthetic,CLL LAS ACACIAS NRO 660 - PUENTE PIEDRA,,Lima,,CALLE,LAS ACACIAS,660,,,,150125,-11.931469,-77.096644,osm_unverified,,dev,tipo=Cll;num=Nro;loc=mixta;mayusculas
OSM-w576503403,osm_addr,Avenida San Juan de Dios 595,Puente Piedra,Lima,Lima,AVENIDA,SAN JUAN DE DIOS,595,,,,150125,-11.863615,-77.066988,osm_unverified,,dev,addr:street y addr:housenumber de OSM
SYN-w576503403-1,synthetic,"AV. SAN JUAN DE DIOS NRO. 595, PUENTE PIEDRA, LIMA, LIMA",,,,AVENIDA,SAN JUAN DE DIOS,595,,,,150125,-11.863615,-77.066988,osm_unverified,,dev,tipo=av.;num=Nro.;loc=dist_prov_dep;mayusculas;sin_tildes
SYN-w576503403-2,synthetic,"av. San Juan de Dios N°595, Puente Piedra, Lima",,,,AVENIDA,SAN JUAN DE DIOS,595,,,,150125,-11.863615,-77.066988,osm_unverified,,dev,tipo=av.;num=N°;loc=dist_prov;sin_tildes
OSM-w698807398,osm_addr,Calle Los Gallinazos 922,Puente Piedra,Lima,Lima,CALLE,LOS GALLINAZOS,922,,,,150125,-11.892169,-77.060098,osm_unverified,,dev,addr:street y addr:housenumber de OSM
SYN-w698807398-1,synthetic,calle Los Gallinazos Nro 922,Puente Piedra,,,CALLE,LOS GALLINAZOS,922,,,,150125,-11.892169,-77.060098,osm_unverified,,dev,tipo=calle;num=Nro;loc=campo;sin_tildes
SYN-w698807398-2,synthetic,CLLE. LOS GALLINAZOS #922 - PUENTE PIEDRA,,,,CALLE,LOS GALLINAZOS,922,,,,150125,-11.892169,-77.060098,osm_unverified,,dev,tipo=Clle.;num=#;loc=guion;mayusculas
OSM-n12518189501,osm_addr,Malecón Sur 502,Punta Hermosa,Lima,Lima,MALECON,SUR,502,,,,150126,-12.338640,-76.824808,osm_unverified,,dev,addr:street y addr:housenumber de OSM
SYN-n12518189501-1,synthetic,malecon sur nro. 502 punta hermosa,,,,MALECON,SUR,502,,,,150126,-12.338640,-76.824808,osm_unverified,,dev,tipo=Malecón;num=nro.;loc=espacio;minusculas;sin_tildes
SYN-n12518189501-2,synthetic,"Sur 502 Of. 502, Punta Hermosa, Lima, Lima",,,,,SUR,502,,,,150126,-12.338640,-76.824808,osm_unverified,,dev,tipo_omitido;interior;loc=dist_prov_dep
OSM-n7236155986,osm_addr,Antigua Panamericana Sur 1001,Punta Hermosa,Lima,Lima,,ANTIGUA PANAMERICANA SUR,1001,,,,150126,-12.322536,-76.827957,osm_unverified,,dev,addr:street y addr:housenumber de OSM
SYN-n7236155986-1,synthetic,ANTIGUA PANAMERICANA SUR NRO 1001 DPTO. 201 PUNTA HERMOSA,,,,,ANTIGUA PANAMERICANA SUR,1001,,,,150126,-12.322536,-76.827957,osm_unverified,,dev,num=Nro;interior;loc=espacio;mayusculas
SYN-n7236155986-2,synthetic,"ANTIGUA PANAMERICANA SUR # 1001 INT. 3, PUNTA HERMOSA",,,,,ANTIGUA PANAMERICANA SUR,1001,,,,150126,-12.322536,-76.827957,osm_unverified,,dev,num=#;interior;loc=coma;mayusculas;sin_tildes
OSM-w1272352422,osm_addr,Calle Ricardo Palma 1,Punta Hermosa,Lima,Lima,CALLE,RICARDO PALMA,1,,,,150126,-12.333093,-76.829683,osm_unverified,,dev,addr:street y addr:housenumber de OSM
SYN-w1272352422-1,synthetic,"Cl. Ricardo Palma Nro. 1, Punta Hermosa, Lima",,,,CALLE,RICARDO PALMA,1,,,,150126,-12.333093,-76.829683,osm_unverified,,dev,tipo=Cl.;num=Nro.;loc=dist_prov
SYN-w1272352422-2,synthetic,"Calle Ricardo Palma 1, Punta Hermosa, Lima",,,,CALLE,RICARDO PALMA,1,,,,150126,-12.333093,-76.829683,osm_unverified,,dev,tipo=Calle;loc=dist_prov
OSM-w1272352636,osm_addr,fetuchini 1,Punta Hermosa,Lima,Lima,,FETUCHINI,1,,,,150126,-12.313499,-76.793027,osm_unverified,,test,addr:street y addr:housenumber de OSM
SYN-w1272352636-1,synthetic,"fetuchini N°1, Punta Hermosa, Lima, Lima",,,,,FETUCHINI,1,,,,150126,-12.313499,-76.793027,osm_unverified,,test,num=N°;loc=dist_prov_dep;sin_tildes
SYN-w1272352636-2,synthetic,fetuchini nro. 1 - Punta Hermosa,,Lima,,,FETUCHINI,1,,,,150126,-12.313499,-76.793027,osm_unverified,,test,num=nro.;loc=mixta;sin_tildes
OSM-w435337654,osm_addr,Calle La Góndola 117,Punta Hermosa,Lima,Lima,CALLE,LA GONDOLA,117,,,,150126,-12.335768,-76.826899,osm_unverified,,test,addr:street y addr:housenumber de OSM
SYN-w435337654-1,synthetic,la gondola 117 - punta hermosa,,,,,LA GONDOLA,117,,,,150126,-12.335768,-76.826899,osm_unverified,,test,tipo_omitido;loc=guion;minusculas;sin_tildes
SYN-w435337654-2,synthetic,"Cl.La Góndola Nro 117, Punta Hermosa",,,,CALLE,LA GONDOLA,117,,,,150126,-12.335768,-76.826899,osm_unverified,,test,tipo=Cl.;num=Nro;tipo_pegado;loc=coma
OSM-w486428736,osm_addr,Calle Elías Aguirre 447,Punta Hermosa,Lima,Lima,CALLE,ELIAS AGUIRRE,447,,,,150126,-12.337696,-76.826214,osm_unverified,,dev,addr:street y addr:housenumber de OSM
SYN-w486428736-1,synthetic,CALLE ELIAS AGUIRRE NRO 447 - PUNTA HERMOSA,,,,CALLE,ELIAS AGUIRRE,447,,,,150126,-12.337696,-76.826214,osm_unverified,,dev,tipo=Calle;num=Nro;loc=guion;mayusculas;sin_tildes
SYN-w486428736-2,synthetic,"Elias Aguirre #447, Punta Hermosa",,,,,ELIAS AGUIRRE,447,,,,150126,-12.337696,-76.826214,osm_unverified,,dev,tipo_omitido;num=#;loc=coma;sin_tildes
OSM-w1272352551,osm_addr,Ramon Castilla 1,Punta Negra,Lima,Lima,,RAMON CASTILLA,1,,,,150127,-12.355186,-76.800069,osm_unverified,,dev,addr:street y addr:housenumber de OSM
SYN-w1272352551-1,synthetic,Ramon Castilla N°1,Punta Negra,,,,RAMON CASTILLA,1,,,,150127,-12.355186,-76.800069,osm_unverified,,dev,num=N°;loc=campo
SYN-w1272352551-2,synthetic,"ramon castilla n° 1, punta negra",,,,,RAMON CASTILLA,1,,,,150127,-12.355186,-76.800069,osm_unverified,,dev,num=N°;loc=coma;minusculas
OSM-w688439831,osm_addr,Avenida Central 490,Punta Negra,Lima,Lima,AVENIDA,CENTRAL,490,,,,150127,-12.364681,-76.797565,osm_unverified,,test,addr:street y addr:housenumber de OSM
SYN-w688439831-1,synthetic,Avenida Central N°490 Punta Negra,,,,AVENIDA,CENTRAL,490,,,,150127,-12.364681,-76.797565,osm_unverified,,test,tipo=Avenida;num=N°;loc=espacio
SYN-w688439831-2,synthetic,"AVDA. CENTRAL NRO. 490, PUNTA NEGRA",,,,AVENIDA,CENTRAL,490,,,,150127,-12.364681,-76.797565,osm_unverified,,test,tipo=Avda.;num=nro.;loc=coma;mayusculas
OSM-n12457303464,osm_addr,Avenida Morro de Arica 132,Rímac,Lima,Lima,AVENIDA,MORRO DE ARICA,132,,,,150128,-12.029308,-77.042233,osm_unverified,,test,addr:street y addr:housenumber de OSM
SYN-n12457303464-1,synthetic,avenida morro de arica # 132 - rímac,,Lima,,AVENIDA,MORRO DE ARICA,132,,,,150128,-12.029308,-77.042233,osm_unverified,,test,tipo=Avenida;num=#;loc=mixta;minusculas
SYN-n12457303464-2,synthetic,"Av Morro de Arica nro. 132, Rimac, Lima",,,,AVENIDA,MORRO DE ARICA,132,,,,150128,-12.029308,-77.042233,osm_unverified,,test,tipo=Av;num=nro.;loc=dist_prov;sin_tildes
OSM-n1932068197,osm_addr,Avenida Túpac Amarú 210,Rímac,Lima,Lima,AVENIDA,TUPAC AMARU,210,,,,150128,-12.020151,-77.047690,osm_unverified,,test,addr:street y addr:housenumber de OSM
SYN-n1932068197-1,synthetic,AV. TÚPAC AMARÚ NRO 210 RÍMAC,,,,AVENIDA,TUPAC AMARU,210,,,,150128,-12.020151,-77.047690,osm_unverified,,test,tipo=av.;num=Nro;loc=espacio;mayusculas
SYN-n1932068197-2,synthetic,AVENIDA TUPAC AMARU # 210 RIMAC,,,,AVENIDA,TUPAC AMARU,210,,,,150128,-12.020151,-77.047690,osm_unverified,,test,tipo=Avenida;num=#;loc=espacio;mayusculas;sin_tildes
OSM-n3959198985,osm_addr,Las Calezas 161,Rímac,Lima,Lima,,LAS CALEZAS,161,,,,150128,-12.028189,-77.030922,osm_unverified,,dev,addr:street y addr:housenumber de OSM
SYN-n3959198985-1,synthetic,Las Calezas 161,Rimac,,,,LAS CALEZAS,161,,,,150128,-12.028189,-77.030922,osm_unverified,,dev,loc=campo;sin_tildes
SYN-n3959198985-2,synthetic,Las Calezas Nro 161,Rímac,,,,LAS CALEZAS,161,,,,150128,-12.028189,-77.030922,osm_unverified,,dev,num=Nro;loc=campo
OSM-n3959198987,osm_addr,La Colonia 162,Rímac,Lima,Lima,,LA COLONIA,162,,,,150128,-12.027354,-77.031815,osm_unverified,,dev,addr:street y addr:housenumber de OSM
SYN-n3959198987-1,synthetic,LA COLONIA N° 162 - RÍMAC,,Lima,,,LA COLONIA,162,,,,150128,-12.027354,-77.031815,osm_unverified,,dev,num=N°;loc=mixta;mayusculas
SYN-n3959198987-2,synthetic,La Colonia Nro 162,Rímac,,,,LA COLONIA,162,,,,150128,-12.027354,-77.031815,osm_unverified,,dev,num=Nro;loc=campo
OSM-n3959198994,osm_addr,La Colonia 170,Rímac,Lima,Lima,,LA COLONIA,170,,,,150128,-12.027313,-77.031777,osm_unverified,,dev,addr:street y addr:housenumber de OSM
SYN-n3959198994-1,synthetic,"La Colonia #170, Rimac",,,,,LA COLONIA,170,,,,150128,-12.027313,-77.031777,osm_unverified,,dev,num=#;loc=coma;sin_tildes
SYN-n3959198994-2,synthetic,La Colonia N°170,Rimac,,,,LA COLONIA,170,,,,150128,-12.027313,-77.031777,osm_unverified,,dev,num=N°;loc=campo;sin_tildes
OSM-n3959198995,osm_addr,Las Tapadas 170,Rímac,Lima,Lima,,LAS TAPADAS,170,,,,150128,-12.027779,-77.031290,osm_unverified,,test,addr:street y addr:housenumber de OSM
SYN-n3959198995-1,synthetic,Las Tapadas Nro. 170 Rímac,,,,,LAS TAPADAS,170,,,,150128,-12.027779,-77.031290,osm_unverified,,test,num=Nro.;loc=espacio
SYN-n3959198995-2,synthetic,Las Tapadas # 170 Rímac,,,,,LAS TAPADAS,170,,,,150128,-12.027779,-77.031290,osm_unverified,,test,num=#;loc=espacio
OSM-n3959198996,osm_addr,Hoyada 171,Rímac,Lima,Lima,,HOYADA,171,,,,150128,-12.027354,-77.031348,osm_unverified,,test,addr:street y addr:housenumber de OSM
SYN-n3959198996-1,synthetic,"Hoyada nro. 171, Rímac",,,,,HOYADA,171,,,,150128,-12.027354,-77.031348,osm_unverified,,test,num=nro.;loc=coma
SYN-n3959198996-2,synthetic,hoyada nro. 171,Rimac,,,,HOYADA,171,,,,150128,-12.027354,-77.031348,osm_unverified,,test,num=Nro.;loc=campo;minusculas;sin_tildes
OSM-n3959198998,osm_addr,Hoyada 173,Rímac,Lima,Lima,,HOYADA,173,,,,150128,-12.027337,-77.031366,osm_unverified,,test,addr:street y addr:housenumber de OSM
SYN-n3959198998-1,synthetic,Hoyada # 173 Int 4B - Rímac,,Lima,,,HOYADA,173,,,,150128,-12.027337,-77.031366,osm_unverified,,test,num=#;interior;loc=mixta
SYN-n3959198998-2,synthetic,HOYADA N° 173 OF. 502 RÍMAC,,,,,HOYADA,173,,,,150128,-12.027337,-77.031366,osm_unverified,,test,num=N°;interior;loc=espacio;mayusculas
OSM-n3959198999,osm_addr,Las Tapadas 173,Rímac,Lima,Lima,,LAS TAPADAS,173,,,,150128,-12.027683,-77.031376,osm_unverified,,test,addr:street y addr:housenumber de OSM
SYN-n3959198999-1,synthetic,LAS TAPADAS Nº 173,Rimac,,,,LAS TAPADAS,173,,,,150128,-12.027683,-77.031376,osm_unverified,,test,num=Nº;loc=campo;mayusculas;sin_tildes
SYN-n3959198999-2,synthetic,"las tapadas 173 dpto. 201, rímac, lima, lima",,,,,LAS TAPADAS,173,,,,150128,-12.027683,-77.031376,osm_unverified,,test,interior;loc=dist_prov_dep;minusculas
OSM-n4039266079,osm_addr,Jirón Trujillo 02,Rímac,Lima,Lima,JIRON,TRUJILLO,02,,,,150128,-12.042791,-77.029658,osm_unverified,,dev,addr:street y addr:housenumber de OSM
SYN-n4039266079-1,synthetic,"JR. Trujillo #02, Rímac, Lima",,,,JIRON,TRUJILLO,02,,,,150128,-12.042791,-77.029658,osm_unverified,,dev,tipo=JR.;num=#;loc=dist_prov
SYN-n4039266079-2,synthetic,"jr.Trujillo Nº 02, Rímac, Lima, Lima",,,,JIRON,TRUJILLO,02,,,,150128,-12.042791,-77.029658,osm_unverified,,dev,tipo=jr.;num=Nº;tipo_pegado;loc=dist_prov_dep
OSM-n5593287658,osm_addr,Abelardo Gamarra 400,Rímac,Lima,Lima,,ABELARDO GAMARRA,400,,,,150128,-12.019789,-77.034617,osm_unverified,,dev,addr:street y addr:housenumber de OSM
SYN-n5593287658-1,synthetic,"Abelardo Gamarra Nº 400, Rímac, Lima",,,,,ABELARDO GAMARRA,400,,,,150128,-12.019789,-77.034617,osm_unverified,,dev,num=Nº;loc=dist_prov
SYN-n5593287658-2,synthetic,ABELARDO GAMARRA N° 400 RÍMAC,,,,,ABELARDO GAMARRA,400,,,,150128,-12.019789,-77.034617,osm_unverified,,dev,num=N°;loc=espacio;mayusculas
OSM-n5593320919,osm_addr,Avenida Francisco Pizarro 300,Rímac,Lima,Lima,AVENIDA,FRANCISCO PIZARRO,300,,,,150128,-12.039187,-77.031310,osm_unverified,,test,addr:street y addr:housenumber de OSM
SYN-n5593320919-1,synthetic,"Avenida Francisco Pizarro N°300, Rimac, Lima",,,,AVENIDA,FRANCISCO PIZARRO,300,,,,150128,-12.039187,-77.031310,osm_unverified,,test,tipo=Avenida;num=N°;loc=dist_prov;sin_tildes
SYN-n5593320919-2,synthetic,"Av.Francisco Pizarro #300, Rímac, Lima, Lima",,,,AVENIDA,FRANCISCO PIZARRO,300,,,,150128,-12.039187,-77.031310,osm_unverified,,test,tipo=Av.;num=#;tipo_pegado;loc=dist_prov_dep
OSM-n6032804755,osm_addr,Francisco Pizarro 762,Rímac,Lima,Lima,,FRANCISCO PIZARRO,762,,,,150128,-12.034113,-77.038058,osm_unverified,,test,addr:street y addr:housenumber de OSM
SYN-n6032804755-1,synthetic,Francisco Pizarro N°762 - Rimac,,Lima,,,FRANCISCO PIZARRO,762,,,,150128,-12.034113,-77.038058,osm_unverified,,test,num=N°;loc=mixta;sin_tildes
SYN-n6032804755-2,synthetic,"Francisco Pizarro Nº 762, Rimac, Lima, Lima",,,,,FRANCISCO PIZARRO,762,,,,150128,-12.034113,-77.038058,osm_unverified,,test,num=Nº;loc=dist_prov_dep;sin_tildes
OSM-n9307821932,osm_addr,Jirón Marañon 527,Rímac,Lima,Lima,JIRON,MARAÑON,527,,,,150128,-12.042048,-77.023308,osm_unverified,,dev,addr:street y addr:housenumber de OSM
SYN-n9307821932-1,synthetic,"jiron marañon n°527, rimac, lima, lima",,,,JIRON,MARAÑON,527,,,,150128,-12.042048,-77.023308,osm_unverified,,dev,tipo=Jiron;num=N°;loc=dist_prov_dep;minusculas;sin_tildes
SYN-n9307821932-2,synthetic,JR. Marañon nro. 527,Rímac,,,JIRON,MARAÑON,527,,,,150128,-12.042048,-77.023308,osm_unverified,,dev,tipo=JR.;num=nro.;loc=campo
OSM-n9841725617,osm_addr,Jirón Cajamarca 501,Rímac,Lima,Lima,JIRON,CAJAMARCA,501,,,,150128,-12.040260,-77.024097,osm_unverified,,dev,addr:street y addr:housenumber de OSM
SYN-n9841725617-1,synthetic,JR. Cajamarca 501 - Rímac,,Lima,,JIRON,CAJAMARCA,501,,,,150128,-12.040260,-77.024097,osm_unverified,,dev,tipo=JR.;loc=mixta
SYN-n9841725617-2,synthetic,"JIRÓN CAJAMARCA NRO. 501, RÍMAC, LIMA",,,,JIRON,CAJAMARCA,501,,,,150128,-12.040260,-77.024097,osm_unverified,,dev,tipo=Jirón;num=Nro.;loc=dist_prov;mayusculas
OSM-w442985171,osm_addr,Avenida Morro de Arica 520,Rímac,Lima,Lima,AVENIDA,MORRO DE ARICA,520,,,,150128,-12.026432,-77.039391,osm_unverified,,test,addr:street y addr:housenumber de OSM
SYN-w442985171-1,synthetic,"Avenida Morro de Arica N°520, Rímac",,,,AVENIDA,MORRO DE ARICA,520,,,,150128,-12.026432,-77.039391,osm_unverified,,test,tipo=Avenida;num=N°;loc=coma
SYN-w442985171-2,synthetic,Avenida Morro de Arica N°520 Rímac,,,,AVENIDA,MORRO DE ARICA,520,,,,150128,-12.026432,-77.039391,osm_unverified,,test,tipo=Avenida;num=N°;loc=espacio
OSM-w442985911,osm_addr,Manco Cápac 202A,Rímac,Lima,Lima,,MANCO CAPAC,202A,,,,150128,-12.033457,-77.024545,osm_unverified,,dev,addr:street y addr:housenumber de OSM
SYN-w442985911-1,synthetic,Manco Capac 202A - Rimac,,Lima,,,MANCO CAPAC,202A,,,,150128,-12.033457,-77.024545,osm_unverified,,dev,loc=mixta;sin_tildes
SYN-w442985911-2,synthetic,"Manco Capac 202A, Rimac, Lima",,,,,MANCO CAPAC,202A,,,,150128,-12.033457,-77.024545,osm_unverified,,dev,loc=dist_prov;sin_tildes
OSM-w621780577,osm_addr,Jirón Marañon 526,Rímac,Lima,Lima,JIRON,MARAÑON,526,,,,150128,-12.042084,-77.023630,osm_unverified,,dev,addr:street y addr:housenumber de OSM
SYN-w621780577-1,synthetic,jr. marañon nro. 526 - rímac,,,,JIRON,MARAÑON,526,,,,150128,-12.042084,-77.023630,osm_unverified,,dev,tipo=JR.;num=Nro.;loc=guion;minusculas
SYN-w621780577-2,synthetic,"Jr Marañon N° 526, Rimac, Lima, Lima",,,,JIRON,MARAÑON,526,,,,150128,-12.042084,-77.023630,osm_unverified,,dev,tipo=Jr;num=N°;loc=dist_prov_dep;sin_tildes
OSM-w640395021,osm_addr,Avenida Villacampa 972,Rímac,Lima,Lima,AVENIDA,VILLACAMPA,972,,,,150128,-12.029151,-77.036629,osm_unverified,,dev,addr:street y addr:housenumber de OSM
SYN-w640395021-1,synthetic,"AVENIDA VILLACAMPA N° 972, RIMAC, LIMA, LIMA",,,,AVENIDA,VILLACAMPA,972,,,,150128,-12.029151,-77.036629,osm_unverified,,dev,tipo=Avenida;num=N°;loc=dist_prov_dep;mayusculas;sin_tildes
SYN-w640395021-2,synthetic,Av Villacampa N°972,Rímac,,,AVENIDA,VILLACAMPA,972,,,,150128,-12.029151,-77.036629,osm_unverified,,dev,tipo=Av;num=N°;loc=campo
OSM-w640395036,osm_addr,Calle Antares 291,Rímac,Lima,Lima,CALLE,ANTARES,291,,,,150128,-12.028641,-77.035920,osm_unverified,,dev,addr:street y addr:housenumber de OSM
SYN-w640395036-1,synthetic,"Antares 291, Rímac, Lima",,,,,ANTARES,291,,,,150128,-12.028641,-77.035920,osm_unverified,,dev,tipo_omitido;loc=dist_prov
SYN-w640395036-2,synthetic,"Calle Antares # 291, Rímac, Lima",,,,CALLE,ANTARES,291,,,,150128,-12.028641,-77.035920,osm_unverified,,dev,tipo=Calle;num=#;loc=dist_prov
OSM-n4331346072,osm_addr,Malecon Ribera Norte 372,San Bartolo,Lima,Lima,MALECON,RIBERA NORTE,372,,,,150129,-12.390946,-76.781014,osm_unverified,,dev,addr:street y addr:housenumber de OSM
SYN-n4331346072-1,synthetic,malecon ribera norte n° 372 - san bartolo,,,,MALECON,RIBERA NORTE,372,,,,150129,-12.390946,-76.781014,osm_unverified,,dev,tipo=Malecon;num=N°;loc=guion;minusculas
SYN-n4331346072-2,synthetic,"MALECON RIBERA NORTE Nº 372, SAN BARTOLO, LIMA, LIMA",,,,MALECON,RIBERA NORTE,372,,,,150129,-12.390946,-76.781014,osm_unverified,,dev,tipo=Malecon;num=Nº;loc=dist_prov_dep;mayusculas;sin_tildes
OSM-n5021201943,osm_addr,Del Golf 198,San Bartolo,Lima,Lima,,DEL GOLF,198,,,,150129,-12.386937,-76.777558,osm_unverified,,test,addr:street y addr:housenumber de OSM
SYN-n5021201943-1,synthetic,Del Golf Nº 198 - San Bartolo,,Lima,,,DEL GOLF,198,,,,150129,-12.386937,-76.777558,osm_unverified,,test,num=Nº;loc=mixta
SYN-n5021201943-2,synthetic,Del Golf N°198,San Bartolo,,,,DEL GOLF,198,,,,150129,-12.386937,-76.777558,osm_unverified,,test,num=N°;loc=campo
OSM-n9464111191,osm_addr,Avenida San Bartolo 401,San Bartolo,Lima,Lima,AVENIDA,SAN BARTOLO,401,,,,150129,-12.388701,-76.778762,osm_unverified,,dev,addr:street y addr:housenumber de OSM
SYN-n9464111191-1,synthetic,AVDA.SN BARTOLO 401 DPTO. 201 - SAN BARTOLO,,,,AVENIDA,SAN BARTOLO,401,,,,150129,-12.388701,-76.778762,osm_unverified,,dev,titulo_abreviado;tipo=Avda.;tipo_pegado;interior;loc=guion;mayusculas
SYN-n9464111191-2,synthetic,"av. Sn Bartolo Nro. 401, San Bartolo, Lima, Lima",,,,AVENIDA,SAN BARTOLO,401,,,,150129,-12.388701,-76.778762,osm_unverified,,dev,titulo_abreviado;tipo=av.;num=Nro.;loc=dist_prov_dep;sin_tildes
OSM-w689795230,osm_addr,Avenida del Golf 800,San Bartolo,Lima,Lima,AVENIDA,DEL GOLF,800,,,,150129,-12.383798,-76.782996,osm_unverified,,test,addr:street y addr:housenumber de OSM
SYN-w689795230-1,synthetic,"Av.del Golf #800, San Bartolo, Lima, Lima",,,,AVENIDA,DEL GOLF,800,,,,150129,-12.383798,-76.782996,osm_unverified,,test,tipo=Av.;num=#;tipo_pegado;loc=dist_prov_dep;sin_tildes
SYN-w689795230-2,synthetic,"AVDA. DEL GOLF # 800, SAN BARTOLO, LIMA, LIMA",,,,AVENIDA,DEL GOLF,800,,,,150129,-12.383798,-76.782996,osm_unverified,,test,tipo=Avda.;num=#;loc=dist_prov_dep;mayusculas
OSM-n10221645174,osm_addr,Jirón Salvador Dali 428,San Borja,Lima,Lima,JIRON,SALVADOR DALI,428,,,,150130,-12.091688,-76.995239,osm_unverified,,test,addr:street y addr:housenumber de OSM
SYN-n10221645174-1,synthetic,jr. Salvador Dali 428 - San Borja,,,,JIRON,SALVADOR DALI,428,,,,150130,-12.091688,-76.995239,osm_unverified,,test,tipo=jr.;loc=guion
SYN-n10221645174-2,synthetic,JIRÓN SALVADOR DALI #428 - SAN BORJA,,Lima,,JIRON,SALVADOR DALI,428,,,,150130,-12.091688,-76.995239,osm_unverified,,test,tipo=Jirón;num=#;loc=mixta;mayusculas
OSM-n10736088774,osm_addr,Avenida Javier Prado Este 2021,San Borja,Lima,Lima,AVENIDA,JAVIER PRADO ESTE,2021,,,,150130,-12.087934,-77.005241,osm_unverified,,dev,addr:street y addr:housenumber de OSM
SYN-n10736088774-1,synthetic,"Av.Javier Prado Este N° 2021, San Borja",,,,AVENIDA,JAVIER PRADO ESTE,2021,,,,150130,-12.087934,-77.005241,osm_unverified,,dev,tipo=Av.;num=N°;tipo_pegado;loc=coma
SYN-n10736088774-2,synthetic,"av.javier prado este nro 2021, san borja, lima",,,,AVENIDA,JAVIER PRADO ESTE,2021,,,,150130,-12.087934,-77.005241,osm_unverified,,dev,tipo=AV.;num=Nro;tipo_pegado;loc=dist_prov;minusculas;sin_tildes
OSM-n3976155300,osm_addr,Cavallini 460,San Borja,Lima,Lima,,CAVALLINI,460,,,,150130,-12.092813,-76.990653,osm_unverified,,dev,addr:street y addr:housenumber de OSM
SYN-n3976155300-1,synthetic,CAVALLINI 460,San Borja,,,,CAVALLINI,460,,,,150130,-12.092813,-76.990653,osm_unverified,,dev,loc=campo;mayusculas;sin_tildes
SYN-n3976155300-2,synthetic,cavallini nro. 460 - san borja,,Lima,,,CAVALLINI,460,,,,150130,-12.092813,-76.990653,osm_unverified,,dev,num=nro.;loc=mixta;minusculas
OSM-n4453884198,osm_addr,Avenida Geminis 373,San Borja,Lima,Lima,AVENIDA,GEMINIS,373,,,,150130,-12.110388,-76.994878,osm_unverified,,dev,addr:street y addr:housenumber de OSM
SYN-n4453884198-1,synthetic,Avenida Geminis Nº 373 - San Borja,,,,AVENIDA,GEMINIS,373,,,,150130,-12.110388,-76.994878,osm_unverified,,dev,tipo=Avenida;num=Nº;loc=guion;sin_tildes
SYN-n4453884198-2,synthetic,"Av Geminis N° 373, San Borja",,,,AVENIDA,GEMINIS,373,,,,150130,-12.110388,-76.994878,osm_unverified,,dev,tipo=Av;num=N°;loc=coma
OSM-n4507428359,osm_addr,Avenida Javier Prado Este 2300,San Borja,Lima,Lima,AVENIDA,JAVIER PRADO ESTE,2300,,,,150130,-12.086458,-77.002067,osm_unverified,,dev,addr:street y addr:housenumber de OSM
SYN-n4507428359-1,synthetic,AV. Javier Prado Este Nro. 2300 San Borja,,,,AVENIDA,JAVIER PRADO ESTE,2300,,,,150130,-12.086458,-77.002067,osm_unverified,,dev,tipo=AV.;num=Nro.;loc=espacio;sin_tildes
SYN-n4507428359-2,synthetic,"Av. Javier Prado Este nro. 2300, San Borja",,,,AVENIDA,JAVIER PRADO ESTE,2300,,,,150130,-12.086458,-77.002067,osm_unverified,,dev,tipo=Av.;num=nro.;loc=coma
OSM-n4515980667,osm_addr,Jirón Alberto Barajas 342,San Borja,Lima,Lima,JIRON,ALBERTO BARAJAS,342,,,,150130,-12.104165,-77.007704,osm_unverified,,test,addr:street y addr:housenumber de OSM
SYN-n4515980667-1,synthetic,"Alberto Barajas # 342, San Borja, Lima, Lima",,,,,ALBERTO BARAJAS,342,,,,150130,-12.104165,-77.007704,osm_unverified,,test,tipo_omitido;num=#;loc=dist_prov_dep
SYN-n4515980667-2,synthetic,"Jr Alberto Barajas Nº 342, San Borja, Lima",,,,JIRON,ALBERTO BARAJAS,342,,,,150130,-12.104165,-77.007704,osm_unverified,,test,tipo=Jr;num=Nº;loc=dist_prov
OSM-n5478436240,osm_addr,Jirón El Greco 324,San Borja,Lima,Lima,JIRON,EL GRECO,324,,,,150130,-12.097030,-76.991268,osm_unverified,,test,addr:street y addr:housenumber de OSM
SYN-n5478436240-1,synthetic,Jr El Greco 324 - San Borja,,Lima,,JIRON,EL GRECO,324,,,,150130,-12.097030,-76.991268,osm_unverified,,test,tipo=Jr;loc=mixta;sin_tildes
SYN-n5478436240-2,synthetic,Jr. El Greco Nro 324,San Borja,,,JIRON,EL GRECO,324,,,,150130,-12.097030,-76.991268,osm_unverified,,test,tipo=Jr.;num=Nro;loc=campo;sin_tildes
OSM-n5484836121,osm_addr,Jirón Dominico Morelli 323,San Borja,Lima,Lima,JIRON,DOMINICO MORELLI,323,,,,150130,-12.091465,-77.003783,osm_unverified,,dev,addr:street y addr:housenumber de OSM
SYN-n5484836121-1,synthetic,Jiron Dominico Morelli 323,San Borja,,,JIRON,DOMINICO MORELLI,323,,,,150130,-12.091465,-77.003783,osm_unverified,,dev,tipo=Jirón;loc=campo;sin_tildes
SYN-n5484836121-2,synthetic,"JR. DOMINICO MORELLI NRO 323, SAN BORJA, LIMA, LIMA",,,,JIRON,DOMINICO MORELLI,323,,,,150130,-12.091465,-77.003783,osm_unverified,,dev,tipo=Jr.;num=Nro;loc=dist_prov_dep;mayusculas
OSM-n5484836721,osm_addr,Avenida Aviación 2482,San Borja,Lima,Lima,AVENIDA,AVIACION,2482,,,,150130,-12.090316,-77.003371,osm_unverified,,dev,addr:street y addr:housenumber de OSM
SYN-n5484836721-1,synthetic,Avenida Aviacion # 2482 San Borja,,,,AVENIDA,AVIACION,2482,,,,150130,-12.090316,-77.003371,osm_unverified,,dev,tipo=Avenida;num=#;loc=espacio;sin_tildes
SYN-n5484836721-2,synthetic,avenida aviacion nro. 2482 int 4b - san borja,,,,AVENIDA,AVIACION,2482,,,,150130,-12.090316,-77.003371,osm_unverified,,dev,tipo=Avenida;num=Nro.;interior;loc=guion;minusculas;sin_tildes
OSM-n5700439607,osm_addr,Avenida San Luis 1881,San Borja,Lima,Lima,AVENIDA,SAN LUIS,1881,,,,150130,-12.086121,-76.996457,osm_unverified,,test,addr:street y addr:housenumber de OSM
SYN-n5700439607-1,synthetic,"sn luis nro 1881, san borja",,,,,SAN LUIS,1881,,,,150130,-12.086121,-76.996457,osm_unverified,,test,titulo_abreviado;tipo_omitido;num=Nro;loc=coma;minusculas
SYN-n5700439607-2,synthetic,Avenida San Luis Nro 1881 San Borja,,,,AVENIDA,SAN LUIS,1881,,,,150130,-12.086121,-76.996457,osm_unverified,,test,tipo=Avenida;num=Nro;loc=espacio
OSM-n5802524879,osm_addr,Jirón Gozzoli Sur 344,San Borja,Lima,Lima,JIRON,GOZZOLI SUR,344,,,,150130,-12.106210,-77.009175,osm_unverified,,dev,addr:street y addr:housenumber de OSM
SYN-n5802524879-1,synthetic,Jiron Gozzoli Sur 344 - San Borja,,,,JIRON,GOZZOLI SUR,344,,,,150130,-12.106210,-77.009175,osm_unverified,,dev,tipo=Jiron;loc=guion;sin_tildes
SYN-n5802524879-2,synthetic,"Jr. Gozzoli Sur Nº 344, San Borja, Lima, Lima",,,,JIRON,GOZZOLI SUR,344,,,,150130,-12.106210,-77.009175,osm_unverified,,dev,tipo=Jr.;num=Nº;loc=dist_prov_dep;sin_tildes
OSM-n6250171348,osm_addr,Avenida San Borja Norte 765,San Borja,Lima,Lima,AVENIDA,SAN BORJA NORTE,765,,,,150130,-12.093784,-77.001266,osm_unverified,,test,addr:street y addr:housenumber de OSM
SYN-n6250171348-1,synthetic,"Avda.San Borja Norte N° 765, San Borja, Lima",,,,AVENIDA,SAN BORJA NORTE,765,,,,150130,-12.093784,-77.001266,osm_unverified,,test,tipo=Avda.;num=N°;tipo_pegado;loc=dist_prov
SYN-n6250171348-2,synthetic,av. San Borja Norte Nro 765 - San Borja,,,,AVENIDA,SAN BORJA NORTE,765,,,,150130,-12.093784,-77.001266,osm_unverified,,test,tipo=av.;num=Nro;loc=guion;sin_tildes
OSM-n6287250169,osm_addr,Avenida Aviación 3040,San Borja,Lima,Lima,AVENIDA,AVIACION,3040,,,,150130,-12.100079,-77.002093,osm_unverified,,dev,addr:street y addr:housenumber de OSM
SYN-n6287250169-1,synthetic,"Av. Aviación N°3040, San Borja, Lima, Lima",,,,AVENIDA,AVIACION,3040,,,,150130,-12.100079,-77.002093,osm_unverified,,dev,tipo=Av.;num=N°;loc=dist_prov_dep
SYN-n6287250169-2,synthetic,av. Aviacion N° 3040 - San Borja,,Lima,,AVENIDA,AVIACION,3040,,,,150130,-12.100079,-77.002093,osm_unverified,,dev,tipo=av.;num=N°;loc=mixta;sin_tildes
OSM-n6584502319,osm_addr,Jirón Trinidad 253,San Borja,Lima,Lima,JIRON,TRINIDAD,253,,,,150130,-12.109613,-76.987536,osm_unverified,,test,addr:street y addr:housenumber de OSM
SYN-n6584502319-1,synthetic,Jr Trinidad # 253 Int. 3 - San Borja,,Lima,,JIRON,TRINIDAD,253,,,,150130,-12.109613,-76.987536,osm_unverified,,test,tipo=Jr;num=#;interior;loc=mixta
SYN-n6584502319-2,synthetic,"Jr. Trinidad N° 253, San Borja, Lima",,,,JIRON,TRINIDAD,253,,,,150130,-12.109613,-76.987536,osm_unverified,,test,tipo=Jr.;num=N°;loc=dist_prov;sin_tildes
OSM-n7054881034,osm_addr,Alameda Los Picaflores 121,San Borja,Lima,Lima,ALAMEDA,LOS PICAFLORES,121,,,,150130,-12.105849,-76.983160,osm_unverified,,dev,addr:street y addr:housenumber de OSM
SYN-n7054881034-1,synthetic,Alameda Los Picaflores 121 - San Borja,,,,ALAMEDA,LOS PICAFLORES,121,,,,150130,-12.105849,-76.983160,osm_unverified,,dev,tipo=Alameda;loc=guion
SYN-n7054881034-2,synthetic,Alameda Los Picaflores N°121 San Borja,,,,ALAMEDA,LOS PICAFLORES,121,,,,150130,-12.105849,-76.983160,osm_unverified,,dev,tipo=Alameda;num=N°;loc=espacio
OSM-w151308525,osm_addr,De la Poesia 160,San Borja,Lima,Lima,,DE LA POESIA,160,,,,150130,-12.087503,-77.004728,osm_unverified,,dev,addr:street y addr:housenumber de OSM
SYN-w151308525-1,synthetic,de la poesia nº 160 san borja,,,,,DE LA POESIA,160,,,,150130,-12.087503,-77.004728,osm_unverified,,dev,num=Nº;loc=espacio;minusculas;sin_tildes
SYN-w151308525-2,synthetic,"De la Poesia 160, San Borja, Lima, Lima",,,,,DE LA POESIA,160,,,,150130,-12.087503,-77.004728,osm_unverified,,dev,loc=dist_prov_dep
OSM-w151308528,osm_addr,Avenida De la Arqueología 206,San Borja,Lima,Lima,AVENIDA,DE LA ARQUEOLOGIA,206,,,,150130,-12.086322,-77.000687,osm_unverified,,dev,addr:street y addr:housenumber de OSM
SYN-w151308528-1,synthetic,"av. de la arqueología 206, san borja, lima, lima",,,,AVENIDA,DE LA ARQUEOLOGIA,206,,,,150130,-12.086322,-77.000687,osm_unverified,,dev,tipo=AV.;loc=dist_prov_dep;minusculas
SYN-w151308528-2,synthetic,AV DE LA ARQUEOLOGÍA 206 SAN BORJA,,,,AVENIDA,DE LA ARQUEOLOGIA,206,,,,150130,-12.086322,-77.000687,osm_unverified,,dev,tipo=Av;loc=espacio;mayusculas
OSM-w438884700,osm_addr,Avenida Primavera 517,San Borja,Lima,Lima,AVENIDA,PRIMAVERA,517,,,,150130,-12.110439,-76.987910,osm_unverified,,dev,addr:street y addr:housenumber de OSM
SYN-w438884700-1,synthetic,"Avda. Primavera 517, San Borja, Lima, Lima",,,,AVENIDA,PRIMAVERA,517,,,,150130,-12.110439,-76.987910,osm_unverified,,dev,tipo=Avda.;loc=dist_prov_dep
SYN-w438884700-2,synthetic,Avenida Primavera # 517 San Borja,,,,AVENIDA,PRIMAVERA,517,,,,150130,-12.110439,-76.987910,osm_unverified,,dev,tipo=Avenida;num=#;loc=espacio
OSM-w471298443,osm_addr,Jirón Paseo del Bosque 550,San Borja,Lima,Lima,JIRON,PASEO DEL BOSQUE,550,,,,150130,-12.104666,-76.989819,osm_unverified,,dev,addr:street y addr:housenumber de OSM
SYN-w471298443-1,synthetic,"Jr. Paseo del Bosque nro. 550, San Borja, Lima",,,,JIRON,PASEO DEL BOSQUE,550,,,,150130,-12.104666,-76.989819,osm_unverified,,dev,tipo=Jr.;num=nro.;loc=dist_prov
SYN-w471298443-2,synthetic,Jr. Paseo del Bosque N° 550 San Borja,,,,JIRON,PASEO DEL BOSQUE,550,,,,150130,-12.104666,-76.989819,osm_unverified,,dev,tipo=Jr.;num=N°;loc=espacio;sin_tildes
OSM-w492346934,osm_addr,Avenida San Borja Norte 937,San Borja,Lima,Lima,AVENIDA,SAN BORJA NORTE,937,,,,150130,-12.092630,-76.996632,osm_unverified,,test,addr:street y addr:housenumber de OSM
SYN-w492346934-1,synthetic,"Avenida San Borja Norte Nro 937 Dpto 1203, San Borja",,,,AVENIDA,SAN BORJA NORTE,937,,,,150130,-12.092630,-76.996632,osm_unverified,,test,tipo=Avenida;num=Nro;interior;loc=coma
SYN-w492346934-2,synthetic,san borja norte # 937 - san borja,,,,,SAN BORJA NORTE,937,,,,150130,-12.092630,-76.996632,osm_unverified,,test,tipo_omitido;num=#;loc=guion;minusculas
OSM-n10095586558,osm_addr,Calle Los Nogales 399,San Isidro,Lima,Lima,CALLE,LOS NOGALES,399,,,,150131,-12.095651,-77.044711,osm_unverified,,dev,addr:street y addr:housenumber de OSM
SYN-n10095586558-1,synthetic,Ca. Los Nogales Nro 399 San Isidro,,,,CALLE,LOS NOGALES,399,,,,150131,-12.095651,-77.044711,osm_unverified,,dev,tipo=Ca.;num=Nro;loc=espacio;sin_tildes
SYN-n10095586558-2,synthetic,"Calle Los Nogales N°399, San Isidro, Lima, Lima",,,,CALLE,LOS NOGALES,399,,,,150131,-12.095651,-77.044711,osm_unverified,,dev,tipo=Calle;num=N°;loc=dist_prov_dep
OSM-n10736076479,osm_addr,Avenida Javier Prado Este 1450,San Isidro,Lima,Lima,AVENIDA,JAVIER PRADO ESTE,1450,,,,150131,-12.089650,-77.011905,osm_unverified,,test,addr:street y addr:housenumber de OSM
SYN-n10736076479-1,synthetic,"Javier Prado Este 1450 Piso 2, San Isidro",,,,,JAVIER PRADO ESTE,1450,,,,150131,-12.089650,-77.011905,osm_unverified,,test,tipo_omitido;interior;loc=coma
SYN-n10736076479-2,synthetic,Avda. Javier Prado Este # 1450 San Isidro,,,,AVENIDA,JAVIER PRADO ESTE,1450,,,,150131,-12.089650,-77.011905,osm_unverified,,test,tipo=Avda.;num=#;loc=espacio
OSM-n12600924567,osm_addr,Calle Punta Negra 694,San Isidro,Lima,Lima,CALLE,PUNTA NEGRA,694,,,,150131,-12.102391,-77.060164,osm_unverified,,dev,addr:street y addr:housenumber de OSM
SYN-n12600924567-1,synthetic,"Punta Negra N° 694, San Isidro",,,,,PUNTA NEGRA,694,,,,150131,-12.102391,-77.060164,osm_unverified,,dev,tipo_omitido;num=N°;loc=coma
SYN-n12600924567-2,synthetic,"Cll Punta Negra #694 Dpto. 201, San Isidro, Lima",,,,CALLE,PUNTA NEGRA,694,,,,150131,-12.102391,-77.060164,osm_unverified,,dev,tipo=Cll;num=#;interior;loc=dist_prov
OSM-n2784769295,osm_addr,Avenida Camino Real 101,San Isidro,Lima,Lima,AVENIDA,CAMINO REAL,101,,,,150131,-12.094205,-77.034806,osm_unverified,,dev,addr:street y addr:housenumber de OSM
SYN-n2784769295-1,synthetic,avenida camino real 101,San Isidro,,,AVENIDA,CAMINO REAL,101,,,,150131,-12.094205,-77.034806,osm_unverified,,dev,tipo=Avenida;loc=campo;minusculas
SYN-n2784769295-2,synthetic,"AV. CAMINO REAL NRO. 101 INT. 3, SAN ISIDRO, LIMA",,,,AVENIDA,CAMINO REAL,101,,,,150131,-12.094205,-77.034806,osm_unverified,,dev,tipo=AV.;num=nro.;interior;loc=dist_prov;mayusculas;sin_tildes
OSM-n5015691321,osm_addr,Avenida Pardo y Aliaga 697,San Isidro,Lima,Lima,AVENIDA,PARDO Y ALIAGA,697,,,,150131,-12.107016,-77.038636,osm_unverified,,dev,addr:street y addr:housenumber de OSM
SYN-n5015691321-1,synthetic,av. Pardo y Aliaga Nro 697 San Isidro,,,,AVENIDA,PARDO Y ALIAGA,697,,,,150131,-12.107016,-77.038636,osm_unverified,,dev,tipo=av.;num=Nro;loc=espacio
SYN-n5015691321-2,synthetic,"AV. Pardo y Aliaga N° 697, San Isidro, Lima, Lima",,,,AVENIDA,PARDO Y ALIAGA,697,,,,150131,-12.107016,-77.038636,osm_unverified,,dev,tipo=AV.;num=N°;loc=dist_prov_dep
OSM-n5021201934,osm_addr,Jirón Almirante Martin Guisse 2528,San Isidro,Lima,Lima,JIRON,ALMIRANTE MARTIN GUISSE,2528,,,,150131,-12.089897,-77.038203,osm_unverified,,test,addr:street y addr:housenumber de OSM
SYN-n5021201934-1,synthetic,"jiron almte. martin guisse n° 2528 int 4b, san isidro",,,,JIRON,ALMIRANTE MARTIN GUISSE,2528,,,,150131,-12.089897,-77.038203,osm_unverified,,test,titulo_abreviado;tipo=Jiron;num=N°;interior;loc=coma;minusculas;sin_tildes
SYN-n5021201934-2,synthetic,JIRON ALMIRANTE MARTIN GUISSE NRO. 2528 - SAN ISIDRO,,,,JIRON,ALMIRANTE MARTIN GUISSE,2528,,,,150131,-12.089897,-77.038203,osm_unverified,,test,tipo=Jiron;num=Nro.;loc=guion;mayusculas
OSM-n5543016321,osm_addr,Avenida Javier Prado Oeste 1081,San Isidro,Lima,Lima,AVENIDA,JAVIER PRADO OESTE,1081,,,,150131,-12.093603,-77.041821,osm_unverified,,dev,addr:street y addr:housenumber de OSM
SYN-n5543016321-1,synthetic,"Av. Javier Prado Oeste N°1081, San Isidro",,,,AVENIDA,JAVIER PRADO OESTE,1081,,,,150131,-12.093603,-77.041821,osm_unverified,,dev,tipo=Av.;num=N°;loc=coma
SYN-n5543016321-2,synthetic,javier prado oeste 1081 - san isidro,,,,,JAVIER PRADO OESTE,1081,,,,150131,-12.093603,-77.041821,osm_unverified,,dev,tipo_omitido;loc=guion;minusculas
OSM-n5777136205,osm_addr,Avenida Pardo y Aliaga 652,San Isidro,Lima,Lima,AVENIDA,PARDO Y ALIAGA,652,,,,150131,-12.105989,-77.038738,osm_unverified,,dev,addr:street y addr:housenumber de OSM
SYN-n5777136205-1,synthetic,AV.Pardo y Aliaga 652 San Isidro,,,,AVENIDA,PARDO Y ALIAGA,652,,,,150131,-12.105989,-77.038738,osm_unverified,,dev,tipo=AV.;tipo_pegado;loc=espacio;sin_tildes
SYN-n5777136205-2,synthetic,Pardo y Aliaga N° 652 - San Isidro,,Lima,,,PARDO Y ALIAGA,652,,,,150131,-12.105989,-77.038738,osm_unverified,,dev,tipo_omitido;num=N°;loc=mixta
OSM-n6695608266,osm_addr,Avenida Alberto del Campo 420,San Isidro,Lima,Lima,AVENIDA,ALBERTO DEL CAMPO,420,,,,150131,-12.096674,-77.057725,osm_unverified,,dev,addr:street y addr:housenumber de OSM
SYN-n6695608266-1,synthetic,"AV. ALBERTO DEL CAMPO NRO 420, SAN ISIDRO, LIMA",,,,AVENIDA,ALBERTO DEL CAMPO,420,,,,150131,-12.096674,-77.057725,osm_unverified,,dev,tipo=av.;num=Nro;loc=dist_prov;mayusculas;sin_tildes
SYN-n6695608266-2,synthetic,"Alberto del Campo #420, San Isidro, Lima, Lima",,,,,ALBERTO DEL CAMPO,420,,,,150131,-12.096674,-77.057725,osm_unverified,,dev,tipo_omitido;num=#;loc=dist_prov_dep;sin_tildes
OSM-n7560973317,osm_addr,Calle Ricardo Angulo 713,San Isidro,Lima,Lima,CALLE,RICARDO ANGULO,713,,,,150131,-12.097518,-77.013440,osm_unverified,,dev,addr:street y addr:housenumber de OSM
SYN-n7560973317-1,synthetic,"CALLE RICARDO ANGULO Nº 713, SAN ISIDRO, LIMA, LIMA",,,,CALLE,RICARDO ANGULO,713,,,,150131,-12.097518,-77.013440,osm_unverified,,dev,tipo=calle;num=Nº;loc=dist_prov_dep;mayusculas
SYN-n7560973317-2,synthetic,"calle Ricardo Angulo Nro. 713 Piso 2, San Isidro, Lima, Lima",,,,CALLE,RICARDO ANGULO,713,,,,150131,-12.097518,-77.013440,osm_unverified,,dev,tipo=calle;num=Nro.;interior;loc=dist_prov_dep;sin_tildes
OSM-n7563882292,osm_addr,Avenida Perez Araníbar 1680,San Isidro,Lima,Lima,AVENIDA,PEREZ ARANIBAR,1680,,,,150131,-12.107261,-77.054009,osm_unverified,,test,addr:street y addr:housenumber de OSM
SYN-n7563882292-1,synthetic,"Avda. Perez Aranibar nro. 1680, San Isidro",,,,AVENIDA,PEREZ ARANIBAR,1680,,,,150131,-12.107261,-77.054009,osm_unverified,,test,tipo=Avda.;num=nro.;loc=coma;sin_tildes
SYN-n7563882292-2,synthetic,"AV. Perez Aranibar N° 1680 Int 4B, San Isidro, Lima",,,,AVENIDA,PEREZ ARANIBAR,1680,,,,150131,-12.107261,-77.054009,osm_unverified,,test,tipo=AV.;num=N°;interior;loc=dist_prov;sin_tildes
OSM-n8917051652,osm_addr,Avenida Los Conquistadores 669,San Isidro,Lima,Lima,AVENIDA,LOS CONQUISTADORES,669,,,,150131,-12.102711,-77.036722,osm_unverified,,dev,addr:street y addr:housenumber de OSM
SYN-n8917051652-1,synthetic,AV.Los Conquistadores N°669 - San Isidro,,,,AVENIDA,LOS CONQUISTADORES,669,,,,150131,-12.102711,-77.036722,osm_unverified,,dev,tipo=AV.;num=N°;tipo_pegado;loc=guion;sin_tildes
SYN-n8917051652-2,synthetic,"AVENIDA LOS CONQUISTADORES NRO. 669 PISO 2, SAN ISIDRO",,,,AVENIDA,LOS CONQUISTADORES,669,,,,150131,-12.102711,-77.036722,osm_unverified,,dev,tipo=Avenida;num=nro.;interior;loc=coma;mayusculas;sin_tildes
OSM-n8934013967,osm_addr,Avenida Santa Cruz 104,San Isidro,Lima,Lima,AVENIDA,SANTA CRUZ,104,,,,150131,-12.103718,-77.031933,osm_unverified,,dev,addr:street y addr:housenumber de OSM
SYN-n8934013967-1,synthetic,AV STA. CRUZ 104 - SAN ISIDRO,,,,AVENIDA,SANTA CRUZ,104,,,,150131,-12.103718,-77.031933,osm_unverified,,dev,titulo_abreviado;tipo=Av;loc=guion;mayusculas
SYN-n8934013967-2,synthetic,AV SANTA CRUZ N°104 - SAN ISIDRO,,Lima,,AVENIDA,SANTA CRUZ,104,,,,150131,-12.103718,-77.031933,osm_unverified,,dev,tipo=Av;num=N°;loc=mixta;mayusculas
OSM-w436415064,osm_addr,Calle Francisco Valle Riestra 544,San Isidro,Lima,Lima,CALLE,FRANCISCO VALLE RIESTRA,544,,,,150131,-12.101566,-77.054111,osm_unverified,,dev,addr:street y addr:housenumber de OSM
SYN-w436415064-1,synthetic,Calle Francisco Valle Riestra Nº 544,San Isidro,,,CALLE,FRANCISCO VALLE RIESTRA,544,,,,150131,-12.101566,-77.054111,osm_unverified,,dev,tipo=Calle;num=Nº;loc=campo
SYN-w436415064-2,synthetic,"Calle Francisco Valle Riestra Nro. 544 Int. 3, San Isidro, Lima",,,,CALLE,FRANCISCO VALLE RIESTRA,544,,,,150131,-12.101566,-77.054111,osm_unverified,,dev,tipo=Calle;num=Nro.;interior;loc=dist_prov
OSM-w436797596,osm_addr,Avenida Guillermo Prescott 256,San Isidro,Lima,Lima,AVENIDA,GUILLERMO PRESCOTT,256,,,,150131,-12.090597,-77.047625,osm_unverified,,dev,addr:street y addr:housenumber de OSM
SYN-w436797596-1,synthetic,Av Guillermo Prescott #256 - San Isidro,,,,AVENIDA,GUILLERMO PRESCOTT,256,,,,150131,-12.090597,-77.047625,osm_unverified,,dev,tipo=Av;num=#;loc=guion
SYN-w436797596-2,synthetic,Avenida Guillermo Prescott N° 256 San Isidro,,,,AVENIDA,GUILLERMO PRESCOTT,256,,,,150131,-12.090597,-77.047625,osm_unverified,,dev,tipo=Avenida;num=N°;loc=espacio;sin_tildes
OSM-w437780794,osm_addr,Avenida Andrés Aramburú 1199,San Isidro,Lima,Lima,AVENIDA,ANDRES ARAMBURU,1199,,,,150131,-12.101988,-77.016655,osm_unverified,,dev,addr:street y addr:housenumber de OSM
SYN-w437780794-1,synthetic,AV. ANDRES ARAMBURU N°1199 - SAN ISIDRO,,Lima,,AVENIDA,ANDRES ARAMBURU,1199,,,,150131,-12.101988,-77.016655,osm_unverified,,dev,tipo=av.;num=N°;loc=mixta;mayusculas;sin_tildes
SYN-w437780794-2,synthetic,Avda. Andrés Aramburú Nº 1199 - San Isidro,,,,AVENIDA,ANDRES ARAMBURU,1199,,,,150131,-12.101988,-77.016655,osm_unverified,,dev,tipo=Avda.;num=Nº;loc=guion
OSM-w437780796,osm_addr,Avenida Andrés Aramburú 1137,San Isidro,Lima,Lima,AVENIDA,ANDRES ARAMBURU,1137,,,,150131,-12.101841,-77.017954,osm_unverified,,dev,addr:street y addr:housenumber de OSM
SYN-w437780796-1,synthetic,av. Andrés Aramburú nro. 1137 Dpto 1203 - San Isidro,,,,AVENIDA,ANDRES ARAMBURU,1137,,,,150131,-12.101841,-77.017954,osm_unverified,,dev,tipo=av.;num=nro.;interior;loc=guion
SYN-w437780796-2,synthetic,AV. ANDRES ARAMBURU N° 1137 - SAN ISIDRO,,,,AVENIDA,ANDRES ARAMBURU,1137,,,,150131,-12.101841,-77.017954,osm_unverified,,dev,tipo=av.;num=N°;loc=guion;mayusculas;sin_tildes
OSM-w439039919,osm_addr,Avenida Pablo Carriquirry 724,San Isidro,Lima,Lima,AVENIDA,PABLO CARRIQUIRRY,724,,,,150131,-12.098785,-77.018907,osm_unverified,,dev,addr:street y addr:housenumber de OSM
SYN-w439039919-1,synthetic,av. pablo carriquirry n°724 dpto. 201 san isidro,,,,AVENIDA,PABLO CARRIQUIRRY,724,,,,150131,-12.098785,-77.018907,osm_unverified,,dev,tipo=av.;num=N°;interior;loc=espacio;minusculas
SYN-w439039919-2,synthetic,AV. Pablo Carriquirry Nro. 724 San Isidro,,,,AVENIDA,PABLO CARRIQUIRRY,724,,,,150131,-12.098785,-77.018907,osm_unverified,,dev,tipo=AV.;num=Nro.;loc=espacio
OSM-w521943500,osm_addr,Calle Coronel Andrés Reyes 492,San Isidro,Lima,Lima,CALLE,CORONEL ANDRES REYES,492,,,,150131,-12.094244,-77.026899,osm_unverified,,dev,addr:street y addr:housenumber de OSM
SYN-w521943500-1,synthetic,CALLE CRL. ANDRES REYES NRO. 492 INT 4B - SAN ISIDRO,,,,CALLE,CORONEL ANDRES REYES,492,,,,150131,-12.094244,-77.026899,osm_unverified,,dev,titulo_abreviado;tipo=calle;num=Nro.;interior;loc=guion;mayusculas;sin_tildes
SYN-w521943500-2,synthetic,Cl. Crl. Andres Reyes Nro. 492 - San Isidro,,,,CALLE,CORONEL ANDRES REYES,492,,,,150131,-12.094244,-77.026899,osm_unverified,,dev,titulo_abreviado;tipo=Cl.;num=Nro.;loc=guion;sin_tildes
OSM-w616176123,osm_addr,Calle Paul P. Harris 309,San Isidro,Lima,Lima,CALLE,PAUL P HARRIS,309,,,,150131,-12.106854,-77.051881,osm_unverified,,dev,addr:street y addr:housenumber de OSM
SYN-w616176123-1,synthetic,clle.paul p. harris nº 309,San Isidro,,,CALLE,PAUL P HARRIS,309,,,,150131,-12.106854,-77.051881,osm_unverified,,dev,tipo=Clle.;num=Nº;tipo_pegado;loc=campo;minusculas;sin_tildes
SYN-w616176123-2,synthetic,"Ca. Paul P. Harris Nro 309, San Isidro, Lima",,,,CALLE,PAUL P HARRIS,309,,,,150131,-12.106854,-77.051881,osm_unverified,,dev,tipo=Ca.;num=Nro;loc=dist_prov;sin_tildes
OSM-n10160886975,osm_addr,Avenida Las Flores de Primavera 1174,San Juan de Lurigancho,Lima,Lima,AVENIDA,LAS FLORES DE PRIMAVERA,1174,,,,150132,-12.009953,-77.010926,osm_unverified,,dev,addr:street y addr:housenumber de OSM
SYN-n10160886975-1,synthetic,AV. Las Flores de Primavera #1174 - San Juan de Lurigancho,,,,AVENIDA,LAS FLORES DE PRIMAVERA,1174,,,,150132,-12.009953,-77.010926,osm_unverified,,dev,tipo=AV.;num=#;loc=guion;sin_tildes
SYN-n10160886975-2,synthetic,AV LAS FLORES DE PRIMAVERA #1174 - SAN JUAN DE LURIGANCHO,,,,AVENIDA,LAS FLORES DE PRIMAVERA,1174,,,,150132,-12.009953,-77.010926,osm_unverified,,dev,tipo=Av;num=#;loc=guion;mayusculas;sin_tildes
OSM-n10285299717,osm_addr,Avenida Constelación 2653,San Juan de Lurigancho,Lima,Lima,AVENIDA,CONSTELACION,2653,,,,150132,-11.984758,-77.011884,osm_unverified,,dev,addr:street y addr:housenumber de OSM
SYN-n10285299717-1,synthetic,Av. Constelación Nro. 2653 - San Juan de Lurigancho,,,,AVENIDA,CONSTELACION,2653,,,,150132,-11.984758,-77.011884,osm_unverified,,dev,tipo=Av.;num=Nro.;loc=guion
SYN-n10285299717-2,synthetic,Av Constelacion # 2653 Int 4B San Juan de Lurigancho,,,,AVENIDA,CONSTELACION,2653,,,,150132,-11.984758,-77.011884,osm_unverified,,dev,tipo=Av;num=#;interior;loc=espacio;sin_tildes
OSM-n10700769904,osm_addr,Avenida Galaxia 2610,San Juan de Lurigancho,Lima,Lima,AVENIDA,GALAXIA,2610,,,,150132,-11.986815,-77.010926,osm_unverified,,dev,addr:street y addr:housenumber de OSM
SYN-n10700769904-1,synthetic,Avda. Galaxia N° 2610 - Sjl,,,,AVENIDA,GALAXIA,2610,,,,150132,-11.986815,-77.010926,osm_unverified,,dev,tipo=Avda.;num=N°;alias_distrito;loc=guion
SYN-n10700769904-2,synthetic,avenida galaxia nro. 2610 - san juan de lurigancho,,Lima,,AVENIDA,GALAXIA,2610,,,,150132,-11.986815,-77.010926,osm_unverified,,dev,tipo=Avenida;num=Nro.;loc=mixta;minusculas
OSM-n10897724562,osm_addr,Rio Putumayo 3202,San Juan de Lurigancho,Lima,Lima,,RIO PUTUMAYO,3202,,,,150132,-11.978795,-77.001549,osm_unverified,,test,addr:street y addr:housenumber de OSM
SYN-n10897724562-1,synthetic,Rio Putumayo Nro 3202,San Juan de Lurigancho,,,,RIO PUTUMAYO,3202,,,,150132,-11.978795,-77.001549,osm_unverified,,test,num=Nro;loc=campo;sin_tildes
SYN-n10897724562-2,synthetic,"Rio Putumayo # 3202 Dpto. 201, San Juan de Lurigancho, Lima",,,,,RIO PUTUMAYO,3202,,,,150132,-11.978795,-77.001549,osm_unverified,,test,num=#;interior;loc=dist_prov;sin_tildes
OSM-n10897724563,osm_addr,Rio Amazonas 3289,San Juan de Lurigancho,Lima,Lima,,RIO AMAZONAS,3289,,,,150132,-11.977407,-77.002578,osm_unverified,,test,addr:street y addr:housenumber de OSM
SYN-n10897724563-1,synthetic,Rio Amazonas N°3289 - San Juan de Lurigancho,,,,,RIO AMAZONAS,3289,,,,150132,-11.977407,-77.002578,osm_unverified,,test,num=N°;loc=guion;sin_tildes
SYN-n10897724563-2,synthetic,RIO AMAZONAS # 3289 PISO 2 - SAN JUAN DE LURIGANCHO,,,,,RIO AMAZONAS,3289,,,,150132,-11.977407,-77.002578,osm_unverified,,test,num=#;interior;loc=guion;mayusculas
OSM-n11048742516,osm_addr,Avenida Las Flores de Primavera 2576,San Juan de Lurigancho,Lima,Lima,AVENIDA,LAS FLORES DE PRIMAVERA,2576,,,,150132,-11.986138,-77.015534,osm_unverified,,dev,addr:street y addr:housenumber de OSM
SYN-n11048742516-1,synthetic,"Av Las Flores de Primavera Nº 2576 Dpto. 201, San Juan de Lurigancho",,,,AVENIDA,LAS FLORES DE PRIMAVERA,2576,,,,150132,-11.986138,-77.015534,osm_unverified,,dev,tipo=Av;num=Nº;interior;loc=coma
SYN-n11048742516-2,synthetic,av. Las Flores de Primavera 2576 - San Juan de Lurigancho,,Lima,,AVENIDA,LAS FLORES DE PRIMAVERA,2576,,,,150132,-11.986138,-77.015534,osm_unverified,,dev,tipo=av.;loc=mixta;sin_tildes
OSM-n11177949874,osm_addr,Jirón Urano 2451,San Juan de Lurigancho,Lima,Lima,JIRON,URANO,2451,,,,150132,-11.988456,-77.012691,osm_unverified,,test,addr:street y addr:housenumber de OSM
SYN-n11177949874-1,synthetic,Urano 2451 - San Juan de Lurigancho,,,,,URANO,2451,,,,150132,-11.988456,-77.012691,osm_unverified,,test,tipo_omitido;loc=guion
SYN-n11177949874-2,synthetic,Jiron Urano Nro. 2451 Int. 3 - Sjl,,,,JIRON,URANO,2451,,,,150132,-11.988456,-77.012691,osm_unverified,,test,tipo=Jiron;num=Nro.;interior;alias_distrito;loc=guion
OSM-n11203829582,osm_addr,Avenida Los Postes Oeste 250,San Juan de Lurigancho,Lima,Lima,AVENIDA,LOS POSTES OESTE,250,,,,150132,-11.997815,-77.012106,osm_unverified,,test,addr:street y addr:housenumber de OSM
SYN-n11203829582-1,synthetic,"Avda. Los Postes Oeste 250, San Juan de Lurigancho",,,,AVENIDA,LOS POSTES OESTE,250,,,,150132,-11.997815,-77.012106,osm_unverified,,test,tipo=Avda.;loc=coma;sin_tildes
SYN-n11203829582-2,synthetic,av. los postes oeste n° 250 - san juan de lurigancho,,,,AVENIDA,LOS POSTES OESTE,250,,,,150132,-11.997815,-77.012106,osm_unverified,,test,tipo=AV.;num=N°;loc=guion;minusculas
OSM-n11294532979,osm_addr,Jirón Las Escarchas 277,San Juan de Lurigancho,Lima,Lima,JIRON,LAS ESCARCHAS,277,,,,150132,-11.991031,-77.008540,osm_unverified,,dev,addr:street y addr:housenumber de OSM
SYN-n11294532979-1,synthetic,Jiron Las Escarchas Nº 277 - San Juan de Lurigancho,,Lima,,JIRON,LAS ESCARCHAS,277,,,,150132,-11.991031,-77.008540,osm_unverified,,dev,tipo=Jiron;num=Nº;loc=mixta;sin_tildes
SYN-n11294532979-2,synthetic,Jiron Las Escarchas 277,San Juan de Lurigancho,,,JIRON,LAS ESCARCHAS,277,,,,150132,-11.991031,-77.008540,osm_unverified,,dev,tipo=Jiron;loc=campo;sin_tildes
OSM-n4765325730,osm_addr,Avenida Naciones Unidas 368,San Juan de Lurigancho,Lima,Lima,AVENIDA,NACIONES UNIDAS,368,,,,150132,-11.958543,-76.994705,osm_unverified,,test,addr:street y addr:housenumber de OSM
SYN-n4765325730-1,synthetic,Av Naciones Unidas 368 - San Juan de Lurigancho,,,,AVENIDA,NACIONES UNIDAS,368,,,,150132,-11.958543,-76.994705,osm_unverified,,test,tipo=Av;loc=guion
SYN-n4765325730-2,synthetic,Avenida Naciones Unidas Nro. 368 - Sjl,,,,AVENIDA,NACIONES UNIDAS,368,,,,150132,-11.958543,-76.994705,osm_unverified,,test,tipo=Avenida;num=Nro.;alias_distrito;loc=guion;sin_tildes
OSM-n4765325731,osm_addr,Avenida Naciones Unidas 399,San Juan de Lurigancho,Lima,Lima,AVENIDA,NACIONES UNIDAS,399,,,,150132,-11.958586,-76.994282,osm_unverified,,test,addr:street y addr:housenumber de OSM
SYN-n4765325731-1,synthetic,Avda. Naciones Unidas # 399 Piso 2,San Juan de Lurigancho,,,AVENIDA,NACIONES UNIDAS,399,,,,150132,-11.958586,-76.994282,osm_unverified,,test,tipo=Avda.;num=#;interior;loc=campo;sin_tildes
SYN-n4765325731-2,synthetic,"AV NACIONES UNIDAS 399, SAN JUAN DE LURIGANCHO",,,,AVENIDA,NACIONES UNIDAS,399,,,,150132,-11.958586,-76.994282,osm_unverified,,test,tipo=Av;loc=coma;mayusculas
OSM-n7718539928,osm_addr,Avenida El Santuario 1901,San Juan de Lurigancho,Lima,Lima,AVENIDA,EL SANTUARIO,1901,,,,150132,-12.015338,-76.982631,osm_unverified,,dev,addr:street y addr:housenumber de OSM
SYN-n7718539928-1,synthetic,Avenida El Santuario # 1901 San Juan de Lurigancho,,,,AVENIDA,EL SANTUARIO,1901,,,,150132,-12.015338,-76.982631,osm_unverified,,dev,tipo=Avenida;num=#;loc=espacio
SYN-n7718539928-2,synthetic,"Avda.El Santuario Nº 1901, San Juan de Lurigancho, Lima",,,,AVENIDA,EL SANTUARIO,1901,,,,150132,-12.015338,-76.982631,osm_unverified,,dev,tipo=Avda.;num=Nº;tipo_pegado;loc=dist_prov
OSM-n817079337,osm_addr,Jirón Satélite 331,San Juan de Lurigancho,Lima,Lima,JIRON,SATELITE,331,,,,150132,-11.986838,-77.013723,osm_unverified,,dev,addr:street y addr:housenumber de OSM
SYN-n817079337-1,synthetic,"Jiron Satelite nro. 331, San Juan de Lurigancho, Lima",,,,JIRON,SATELITE,331,,,,150132,-11.986838,-77.013723,osm_unverified,,dev,tipo=Jirón;num=nro.;loc=dist_prov;sin_tildes
SYN-n817079337-2,synthetic,JR.Satélite N° 331 - San Juan de Lurigancho,,,,JIRON,SATELITE,331,,,,150132,-11.986838,-77.013723,osm_unverified,,dev,tipo=JR.;num=N°;tipo_pegado;loc=guion
OSM-n9229237432,osm_addr,Avenida Canto Grande 2706,San Juan de Lurigancho,Lima,Lima,AVENIDA,CANTO GRANDE,2706,,,,150132,-11.984039,-77.014084,osm_unverified,,dev,addr:street y addr:housenumber de OSM
SYN-n9229237432-1,synthetic,Avda. Canto Grande Nº 2706 San Juan de Lurigancho,,,,AVENIDA,CANTO GRANDE,2706,,,,150132,-11.984039,-77.014084,osm_unverified,,dev,tipo=Avda.;num=Nº;loc=espacio
SYN-n9229237432-2,synthetic,"Avenida Canto Grande 2706, San Juan de Lurigancho, Lima, Lima",,,,AVENIDA,CANTO GRANDE,2706,,,,150132,-11.984039,-77.014084,osm_unverified,,dev,tipo=Avenida;loc=dist_prov_dep
OSM-n9265029630,osm_addr,Avenida Constelación 2586,San Juan de Lurigancho,Lima,Lima,AVENIDA,CONSTELACION,2586,,,,150132,-11.986315,-77.011769,osm_unverified,,dev,addr:street y addr:housenumber de OSM
SYN-n9265029630-1,synthetic,AVENIDA CONSTELACION # 2586 - SAN JUAN DE LURIGANCHO,,Lima,,AVENIDA,CONSTELACION,2586,,,,150132,-11.986315,-77.011769,osm_unverified,,dev,tipo=Avenida;num=#;loc=mixta;mayusculas;sin_tildes
SYN-n9265029630-2,synthetic,AV.Constelacion 2586 Sjl,,,,AVENIDA,CONSTELACION,2586,,,,150132,-11.986315,-77.011769,osm_unverified,,dev,tipo=AV.;tipo_pegado;alias_distrito;loc=espacio;sin_tildes
OSM-n9276293523,osm_addr,Avenida Proceres de la Independencia 2717,San Juan de Lurigancho,Lima,Lima,AVENIDA,PROCERES DE LA INDEPENDENCIA,2717,,,,150132,-11.986358,-77.007958,osm_unverified,,dev,addr:street y addr:housenumber de OSM
SYN-n9276293523-1,synthetic,av. proceres de la independencia nro 2717 - san juan de lurigancho,,Lima,,AVENIDA,PROCERES DE LA INDEPENDENCIA,2717,,,,150132,-11.986358,-77.007958,osm_unverified,,dev,tipo=av.;num=Nro;loc=mixta;minusculas;sin_tildes
SYN-n9276293523-2,synthetic,"Proceres de la Independencia Nro. 2717, San Juan de Lurigancho",,,,,PROCERES DE LA INDEPENDENCIA,2717,,,,150132,-11.986358,-77.007958,osm_unverified,,dev,tipo_omitido;num=Nro.;loc=coma
OSM-n9938502260,osm_addr,Jirón Mercurio 154,San Juan de Lurigancho,Lima,Lima,JIRON,MERCURIO,154,,,,150132,-11.984173,-77.009837,osm_unverified,,dev,addr:street y addr:housenumber de OSM
SYN-n9938502260-1,synthetic,jr. Mercurio nro. 154 San Juan de Lurigancho,,,,JIRON,MERCURIO,154,,,,150132,-11.984173,-77.009837,osm_unverified,,dev,tipo=jr.;num=nro.;loc=espacio;sin_tildes
SYN-n9938502260-2,synthetic,Jr.Mercurio Nro 154 San Juan de Lurigancho,,,,JIRON,MERCURIO,154,,,,150132,-11.984173,-77.009837,osm_unverified,,dev,tipo=Jr.;num=Nro;tipo_pegado;loc=espacio;sin_tildes
OSM-n9938502263,osm_addr,Jirón Nebulosa 2770,San Juan de Lurigancho,Lima,Lima,JIRON,NEBULOSA,2770,,,,150132,-11.985094,-77.007616,osm_unverified,,dev,addr:street y addr:housenumber de OSM
SYN-n9938502263-1,synthetic,JIRÓN NEBULOSA NRO. 2770 - SAN JUAN DE LURIGANCHO,,,,JIRON,NEBULOSA,2770,,,,150132,-11.985094,-77.007616,osm_unverified,,dev,tipo=Jirón;num=nro.;loc=guion;mayusculas
SYN-n9938502263-2,synthetic,"jr. nebulosa nro. 2770, san juan de lurigancho, lima",,,,JIRON,NEBULOSA,2770,,,,150132,-11.985094,-77.007616,osm_unverified,,dev,tipo=jr.;num=Nro.;loc=dist_prov;minusculas
OSM-w1105419270,osm_addr,Templo de Aspero 334,San Juan de Lurigancho,Lima,Lima,,TEMPLO DE ASPERO,334,,,,150132,-12.016686,-76.984530,osm_unverified,,test,addr:street y addr:housenumber de OSM
SYN-w1105419270-1,synthetic,"Templo de Aspero # 334, Sjl, Lima",,,,,TEMPLO DE ASPERO,334,,,,150132,-12.016686,-76.984530,osm_unverified,,test,num=#;alias_distrito;loc=dist_prov
SYN-w1105419270-2,synthetic,"Templo de Aspero nro. 334, San Juan de Lurigancho",,,,,TEMPLO DE ASPERO,334,,,,150132,-12.016686,-76.984530,osm_unverified,,test,num=nro.;loc=coma
OSM-w68171079,osm_addr,Los Amautas 180,San Juan de Lurigancho,Lima,Lima,,LOS AMAUTAS,180,,,,150132,-12.029504,-77.010212,osm_unverified,,dev,addr:street y addr:housenumber de OSM
SYN-w68171079-1,synthetic,Los Amautas 180 San Juan de Lurigancho,,,,,LOS AMAUTAS,180,,,,150132,-12.029504,-77.010212,osm_unverified,,dev,loc=espacio;sin_tildes
SYN-w68171079-2,synthetic,Los Amautas Nº 180 San Juan de Lurigancho,,,,,LOS AMAUTAS,180,,,,150132,-12.029504,-77.010212,osm_unverified,,dev,num=Nº;loc=espacio;sin_tildes
OSM-n12009195984,osm_addr,Avenida José Torres Paz 410,San Juan de Miraflores,Lima,Lima,AVENIDA,JOSE TORRES PAZ,410,,,,150133,-12.149463,-76.971018,osm_unverified,,test,addr:street y addr:housenumber de OSM
SYN-n12009195984-1,synthetic,Av Jose Torres Paz nro. 410 Int. 3 Sjm,,,,AVENIDA,JOSE TORRES PAZ,410,,,,150133,-12.149463,-76.971018,osm_unverified,,test,tipo=Av;num=nro.;interior;alias_distrito;loc=espacio;sin_tildes
SYN-n12009195984-2,synthetic,Av. José Torres Paz 410 - San Juan de Miraflores,,,,AVENIDA,JOSE TORRES PAZ,410,,,,150133,-12.149463,-76.971018,osm_unverified,,test,tipo=Av.;loc=guion
OSM-n14232441105,osm_addr,Avenida Los Héroes 382,San Juan de Miraflores,Lima,Lima,AVENIDA,LOS HEROES,382,,,,150133,-12.153078,-76.975049,osm_unverified,,test,addr:street y addr:housenumber de OSM
SYN-n14232441105-1,synthetic,"Avda. Los Héroes Nro 382, Sjm, Lima, Lima",,,,AVENIDA,LOS HEROES,382,,,,150133,-12.153078,-76.975049,osm_unverified,,test,tipo=Avda.;num=Nro;alias_distrito;loc=dist_prov_dep
SYN-n14232441105-2,synthetic,Avenida Los Heroes Nº 382 San Juan de Miraflores,,,,AVENIDA,LOS HEROES,382,,,,150133,-12.153078,-76.975049,osm_unverified,,test,tipo=Avenida;num=Nº;loc=espacio;sin_tildes
OSM-n4552509089,osm_addr,Reynaldo de Vivanco 116,San Juan de Miraflores,Lima,Lima,,REYNALDO DE VIVANCO,116,,,,150133,-12.154294,-76.966659,osm_unverified,,dev,addr:street y addr:housenumber de OSM
SYN-n4552509089-1,synthetic,REYNALDO DE VIVANCO # 116 - SAN JUAN DE MIRAFLORES,,,,,REYNALDO DE VIVANCO,116,,,,150133,-12.154294,-76.966659,osm_unverified,,dev,num=#;loc=guion;mayusculas;sin_tildes
SYN-n4552509089-2,synthetic,REYNALDO DE VIVANCO NRO. 116 - SAN JUAN DE MIRAFLORES,,,,,REYNALDO DE VIVANCO,116,,,,150133,-12.154294,-76.966659,osm_unverified,,dev,num=Nro.;loc=guion;mayusculas;sin_tildes
OSM-n5830829412,osm_addr,Calle Jorge Muelle 125,San Juan de Miraflores,Lima,Lima,CALLE,JORGE MUELLE,125,,,,150133,-12.143406,-76.970724,osm_unverified,,dev,addr:street y addr:housenumber de OSM
SYN-n5830829412-1,synthetic,"CL. JORGE MUELLE # 125, SAN JUAN DE MIRAFLORES",,,,CALLE,JORGE MUELLE,125,,,,150133,-12.143406,-76.970724,osm_unverified,,dev,tipo=Cl.;num=#;loc=coma;mayusculas;sin_tildes
SYN-n5830829412-2,synthetic,ca. jorge muelle n° 125 - san juan de miraflores,,Lima,,CALLE,JORGE MUELLE,125,,,,150133,-12.143406,-76.970724,osm_unverified,,dev,tipo=Ca.;num=N°;loc=mixta;minusculas;sin_tildes
OSM-n5976748912,osm_addr,Avenida Los Lirios 207,San Juan de Miraflores,Lima,Lima,AVENIDA,LOS LIRIOS,207,,,,150133,-12.152504,-76.982325,osm_unverified,,dev,addr:street y addr:housenumber de OSM
SYN-n5976748912-1,synthetic,Av Los Lirios # 207,San Juan de Miraflores,,,AVENIDA,LOS LIRIOS,207,,,,150133,-12.152504,-76.982325,osm_unverified,,dev,tipo=Av;num=#;loc=campo;sin_tildes
SYN-n5976748912-2,synthetic,"av. Los Lirios 207, San Juan de Miraflores, Lima, Lima",,,,AVENIDA,LOS LIRIOS,207,,,,150133,-12.152504,-76.982325,osm_unverified,,dev,tipo=av.;loc=dist_prov_dep;sin_tildes
OSM-n5976748933,osm_addr,Avenida Los Lirios 189,San Juan de Miraflores,Lima,Lima,AVENIDA,LOS LIRIOS,189,,,,150133,-12.152239,-76.982157,osm_unverified,,dev,addr:street y addr:housenumber de OSM
SYN-n5976748933-1,synthetic,Av. Los Lirios Nº 189 - San Juan de Miraflores,,,,AVENIDA,LOS LIRIOS,189,,,,150133,-12.152239,-76.982157,osm_unverified,,dev,tipo=Av.;num=Nº;loc=guion
SYN-n5976748933-2,synthetic,Av. Los Lirios N° 189 - San Juan de Miraflores,,Lima,,AVENIDA,LOS LIRIOS,189,,,,150133,-12.152239,-76.982157,osm_unverified,,dev,tipo=Av.;num=N°;loc=mixta;sin_tildes
OSM-n6055808886,osm_addr,Jose Rufino Echenique 414,San Juan de Miraflores,Lima,Lima,,JOSE RUFINO ECHENIQUE,414,,,,150133,-12.146421,-76.975293,osm_unverified,,dev,addr:street y addr:housenumber de OSM
SYN-n6055808886-1,synthetic,"Jose Rufino Echenique 414, Sjm, Lima",,,,,JOSE RUFINO ECHENIQUE,414,,,,150133,-12.146421,-76.975293,osm_unverified,,dev,alias_distrito;loc=dist_prov;sin_tildes
SYN-n6055808886-2,synthetic,Jose Rufino Echenique nro. 414 - San Juan de Miraflores,,Lima,,,JOSE RUFINO ECHENIQUE,414,,,,150133,-12.146421,-76.975293,osm_unverified,,dev,num=nro.;loc=mixta;sin_tildes
OSM-n6348181444,osm_addr,Avenida Belisario Suarez 181,San Juan de Miraflores,Lima,Lima,AVENIDA,BELISARIO SUAREZ,181,,,,150133,-12.160229,-76.978307,osm_unverified,,dev,addr:street y addr:housenumber de OSM
SYN-n6348181444-1,synthetic,Avda. Belisario Suarez #181 - San Juan de Miraflores,,Lima,,AVENIDA,BELISARIO SUAREZ,181,,,,150133,-12.160229,-76.978307,osm_unverified,,dev,tipo=Avda.;num=#;loc=mixta;sin_tildes
SYN-n6348181444-2,synthetic,"AVDA. BELISARIO SUAREZ NRO 181, SAN JUAN DE MIRAFLORES, LIMA, LIMA",,,,AVENIDA,BELISARIO SUAREZ,181,,,,150133,-12.160229,-76.978307,osm_unverified,,dev,tipo=Avda.;num=Nro;loc=dist_prov_dep;mayusculas;sin_tildes
OSM-n6427100586,osm_addr,Avenida Guillermo Billinghurst 673,San Juan de Miraflores,Lima,Lima,AVENIDA,GUILLERMO BILLINGHURST,673,,,,150133,-12.159612,-76.969865,osm_unverified,,dev,addr:street y addr:housenumber de OSM
SYN-n6427100586-1,synthetic,Av Guillermo Billinghurst Nro 673,San Juan de Miraflores,,,AVENIDA,GUILLERMO BILLINGHURST,673,,,,150133,-12.159612,-76.969865,osm_unverified,,dev,tipo=Av;num=Nro;loc=campo;sin_tildes
SYN-n6427100586-2,synthetic,AV. Guillermo Billinghurst Nro 673 - San Juan de Miraflores,,,,AVENIDA,GUILLERMO BILLINGHURST,673,,,,150133,-12.159612,-76.969865,osm_unverified,,dev,tipo=AV.;num=Nro;loc=guion;sin_tildes
OSM-n6709123042,osm_addr,Avenida Nepomuceno Vargas 567,San Juan de Miraflores,Lima,Lima,AVENIDA,NEPOMUCENO VARGAS,567,,,,150133,-12.150023,-76.969774,osm_unverified,,dev,addr:street y addr:housenumber de OSM
SYN-n6709123042-1,synthetic,"Avenida Nepomuceno Vargas 567 Int 4B, San Juan de Miraflores",,,,AVENIDA,NEPOMUCENO VARGAS,567,,,,150133,-12.150023,-76.969774,osm_unverified,,dev,tipo=Avenida;interior;loc=coma
SYN-n6709123042-2,synthetic,Av Nepomuceno Vargas 567 - San Juan de Miraflores,,Lima,,AVENIDA,NEPOMUCENO VARGAS,567,,,,150133,-12.150023,-76.969774,osm_unverified,,dev,tipo=Av;loc=mixta;sin_tildes
OSM-n6712372189,osm_addr,Avenida Guillermo Billinghurst 1085,San Juan de Miraflores,Lima,Lima,AVENIDA,GUILLERMO BILLINGHURST,1085,,,,150133,-12.162206,-76.963168,osm_unverified,,dev,addr:street y addr:housenumber de OSM
SYN-n6712372189-1,synthetic,Av.Guillermo Billinghurst 1085 - San Juan de Miraflores,,Lima,,AVENIDA,GUILLERMO BILLINGHURST,1085,,,,150133,-12.162206,-76.963168,osm_unverified,,dev,tipo=Av.;tipo_pegado;loc=mixta;sin_tildes
SYN-n6712372189-2,synthetic,"Avenida Guillermo Billinghurst 1085, San Juan de Miraflores",,,,AVENIDA,GUILLERMO BILLINGHURST,1085,,,,150133,-12.162206,-76.963168,osm_unverified,,dev,tipo=Avenida;loc=coma
OSM-n6712372195,osm_addr,Jirón Baltazar Grados 701,San Juan de Miraflores,Lima,Lima,JIRON,BALTAZAR GRADOS,701,,,,150133,-12.162617,-76.962172,osm_unverified,,dev,addr:street y addr:housenumber de OSM
SYN-n6712372195-1,synthetic,"JR.Baltazar Grados 701, Sjm, Lima, Lima",,,,JIRON,BALTAZAR GRADOS,701,,,,150133,-12.162617,-76.962172,osm_unverified,,dev,tipo=JR.;tipo_pegado;alias_distrito;loc=dist_prov_dep;sin_tildes
SYN-n6712372195-2,synthetic,"JR. Baltazar Grados nro. 701, San Juan de Miraflores",,,,JIRON,BALTAZAR GRADOS,701,,,,150133,-12.162617,-76.962172,osm_unverified,,dev,tipo=JR.;num=nro.;loc=coma
OSM-w400456677,osm_addr,Avenida Los Héroes 240,San Juan de Miraflores,Lima,Lima,AVENIDA,LOS HEROES,240,,,,150133,-12.152396,-76.976908,osm_unverified,,test,addr:street y addr:housenumber de OSM
SYN-w400456677-1,synthetic,AV. Los Heroes 240 Int. 3 San Juan de Miraflores,,,,AVENIDA,LOS HEROES,240,,,,150133,-12.152396,-76.976908,osm_unverified,,test,tipo=AV.;interior;loc=espacio;sin_tildes
SYN-w400456677-2,synthetic,AV. Los Héroes N°240 - San Juan de Miraflores,,,,AVENIDA,LOS HEROES,240,,,,150133,-12.152396,-76.976908,osm_unverified,,test,tipo=AV.;num=N°;loc=guion
OSM-w437333727,osm_addr,Jiron Manuel Zalaya 512,San Juan de Miraflores,Lima,Lima,JIRON,MANUEL ZALAYA,512,,,,150133,-12.144435,-76.976332,osm_unverified,,dev,addr:street y addr:housenumber de OSM
SYN-w437333727-1,synthetic,Manuel Zalaya Nro. 512,San Juan de Miraflores,,,,MANUEL ZALAYA,512,,,,150133,-12.144435,-76.976332,osm_unverified,,dev,tipo_omitido;num=Nro.;loc=campo;sin_tildes
SYN-w437333727-2,synthetic,JR MANUEL ZALAYA NRO. 512 SAN JUAN DE MIRAFLORES,,,,JIRON,MANUEL ZALAYA,512,,,,150133,-12.144435,-76.976332,osm_unverified,,dev,tipo=Jr;num=Nro.;loc=espacio;mayusculas;sin_tildes
OSM-w437629010,osm_addr,Avenida Miguel Iglesias 870,San Juan de Miraflores,Lima,Lima,AVENIDA,MIGUEL IGLESIAS,870,,,,150133,-12.162369,-76.959643,osm_unverified,,dev,addr:street y addr:housenumber de OSM
SYN-w437629010-1,synthetic,"Av. Miguel Iglesias nro. 870, San Juan de Miraflores, Lima, Lima",,,,AVENIDA,MIGUEL IGLESIAS,870,,,,150133,-12.162369,-76.959643,osm_unverified,,dev,tipo=Av.;num=nro.;loc=dist_prov_dep
SYN-w437629010-2,synthetic,"Av. Miguel Iglesias # 870, Sjm, Lima",,,,AVENIDA,MIGUEL IGLESIAS,870,,,,150133,-12.162369,-76.959643,osm_unverified,,dev,tipo=Av.;num=#;alias_distrito;loc=dist_prov;sin_tildes
OSM-w437636788,osm_addr,Avenida Pedro José Miota 180,San Juan de Miraflores,Lima,Lima,AVENIDA,PEDRO JOSE MIOTA,180,,,,150133,-12.172436,-76.974286,osm_unverified,,dev,addr:street y addr:housenumber de OSM
SYN-w437636788-1,synthetic,"AV.PEDRO JOSE MIOTA #180, SAN JUAN DE MIRAFLORES, LIMA",,,,AVENIDA,PEDRO JOSE MIOTA,180,,,,150133,-12.172436,-76.974286,osm_unverified,,dev,tipo=Av.;num=#;tipo_pegado;loc=dist_prov;mayusculas;sin_tildes
SYN-w437636788-2,synthetic,"av. Pedro Jose Miota N°180, San Juan de Miraflores",,,,AVENIDA,PEDRO JOSE MIOTA,180,,,,150133,-12.172436,-76.974286,osm_unverified,,dev,tipo=av.;num=N°;loc=coma;sin_tildes
OSM-w437636789,osm_addr,Avenida Pedro José Miota 238,San Juan de Miraflores,Lima,Lima,AVENIDA,PEDRO JOSE MIOTA,238,,,,150133,-12.170618,-76.978046,osm_unverified,,dev,addr:street y addr:housenumber de OSM
SYN-w437636789-1,synthetic,"AVENIDA PEDRO JOSÉ MIOTA Nº 238, SJM, LIMA",,,,AVENIDA,PEDRO JOSE MIOTA,238,,,,150133,-12.170618,-76.978046,osm_unverified,,dev,tipo=Avenida;num=Nº;alias_distrito;loc=dist_prov;mayusculas
SYN-w437636789-2,synthetic,avenida pedro jose miota nro 238 - san juan de miraflores,,Lima,,AVENIDA,PEDRO JOSE MIOTA,238,,,,150133,-12.170618,-76.978046,osm_unverified,,dev,tipo=Avenida;num=Nro;loc=mixta;minusculas;sin_tildes
OSM-w441718390,osm_addr,Avenida San Juan 640,San Juan de Miraflores,Lima,Lima,AVENIDA,SAN JUAN,640,,,,150133,-12.162510,-76.971802,osm_unverified,,dev,addr:street y addr:housenumber de OSM
SYN-w441718390-1,synthetic,Avenida Sn Juan Nro 640 - San Juan de Miraflores,,,,AVENIDA,SAN JUAN,640,,,,150133,-12.162510,-76.971802,osm_unverified,,dev,titulo_abreviado;tipo=Avenida;num=Nro;loc=guion;sin_tildes
SYN-w441718390-2,synthetic,"Av.Sn Juan N° 640, San Juan de Miraflores",,,,AVENIDA,SAN JUAN,640,,,,150133,-12.162510,-76.971802,osm_unverified,,dev,titulo_abreviado;tipo=Av.;num=N°;tipo_pegado;loc=coma
OSM-w523936183,osm_addr,Jirón Pedro Silva 133,San Juan de Miraflores,Lima,Lima,JIRON,PEDRO SILVA,133,,,,150133,-12.168963,-76.976894,osm_unverified,,dev,addr:street y addr:housenumber de OSM
SYN-w523936183-1,synthetic,Jiron Pedro Silva Nro 133 - San Juan de Miraflores,,Lima,,JIRON,PEDRO SILVA,133,,,,150133,-12.168963,-76.976894,osm_unverified,,dev,tipo=Jiron;num=Nro;loc=mixta
SYN-w523936183-2,synthetic,JR. PEDRO SILVA Nº 133 PISO 2 - SAN JUAN DE MIRAFLORES,,Lima,,JIRON,PEDRO SILVA,133,,,,150133,-12.168963,-76.976894,osm_unverified,,dev,tipo=jr.;num=Nº;interior;loc=mixta;mayusculas
OSM-w523936186,osm_addr,Jirón Francisco de Paula Ugarriza 157,San Juan de Miraflores,Lima,Lima,JIRON,FRANCISCO DE PAULA UGARRIZA,157,,,,150133,-12.167994,-76.976912,osm_unverified,,test,addr:street y addr:housenumber de OSM
SYN-w523936186-1,synthetic,jr.Francisco de Paula Ugarriza Nro 157,San Juan de Miraflores,,,JIRON,FRANCISCO DE PAULA UGARRIZA,157,,,,150133,-12.167994,-76.976912,osm_unverified,,test,tipo=jr.;num=Nro;tipo_pegado;loc=campo;sin_tildes
SYN-w523936186-2,synthetic,JR. FRANCISCO DE PAULA UGARRIZA NRO. 157 - SAN JUAN DE MIRAFLORES,,,,JIRON,FRANCISCO DE PAULA UGARRIZA,157,,,,150133,-12.167994,-76.976912,osm_unverified,,test,tipo=jr.;num=Nro.;loc=guion;mayusculas;sin_tildes
OSM-n4356638058,osm_addr,Avenida Canadá 1710,San Luis,Lima,Lima,AVENIDA,CANADA,1710,,,,150134,-12.083774,-77.003662,osm_unverified,,dev,addr:street y addr:housenumber de OSM
SYN-n4356638058-1,synthetic,"AV. CANADÁ NRO 1710 OF. 502, SAN LUIS",,,,AVENIDA,CANADA,1710,,,,150134,-12.083774,-77.003662,osm_unverified,,dev,tipo=Av.;num=Nro;interior;loc=coma;mayusculas
SYN-n4356638058-2,synthetic,Av. Canada N° 1710 - San Luis,,,,AVENIDA,CANADA,1710,,,,150134,-12.083774,-77.003662,osm_unverified,,dev,tipo=Av.;num=N°;loc=guion;sin_tildes
OSM-n4906629133,osm_addr,Juan Pauli 147 147,San Luis,Lima,Lima,,JUAN PAULI 147,147,,,,150134,-12.065172,-76.997818,osm_unverified,,dev,addr:street y addr:housenumber de OSM
SYN-n4906629133-1,synthetic,JUAN PAULI 147 # 147 - SAN LUIS,,Lima,,,JUAN PAULI 147,147,,,,150134,-12.065172,-76.997818,osm_unverified,,dev,num=#;loc=mixta;mayusculas;sin_tildes
SYN-n4906629133-2,synthetic,"Juan Pauli 147 Nº 147, San Luis",,,,,JUAN PAULI 147,147,,,,150134,-12.065172,-76.997818,osm_unverified,,dev,num=Nº;loc=coma
OSM-n5021201935,osm_addr,Avenida Nicolas Arriola 900,San Luis,Lima,Lima,AVENIDA,NICOLAS ARRIOLA,900,,,,150134,-12.068453,-76.995168,osm_unverified,,test,addr:street y addr:housenumber de OSM
SYN-n5021201935-1,synthetic,Av Nicolas Arriola 900 Int. 3,San Luis,,,AVENIDA,NICOLAS ARRIOLA,900,,,,150134,-12.068453,-76.995168,osm_unverified,,test,tipo=Av;interior;loc=campo
SYN-n5021201935-2,synthetic,AV. Nicolas Arriola #900,San Luis,,,AVENIDA,NICOLAS ARRIOLA,900,,,,150134,-12.068453,-76.995168,osm_unverified,,test,tipo=AV.;num=#;loc=campo
OSM-n5090778184,osm_addr,Avenida del Aire 900,San Luis,Lima,Lima,AVENIDA,DEL AIRE,900,,,,150134,-12.080199,-77.002998,osm_unverified,,dev,addr:street y addr:housenumber de OSM
SYN-n5090778184-1,synthetic,"AV. del Aire N° 900, San Luis, Lima",,,,AVENIDA,DEL AIRE,900,,,,150134,-12.080199,-77.002998,osm_unverified,,dev,tipo=AV.;num=N°;loc=dist_prov;sin_tildes
SYN-n5090778184-2,synthetic,"avenida del aire # 900, san luis",,,,AVENIDA,DEL AIRE,900,,,,150134,-12.080199,-77.002998,osm_unverified,,dev,tipo=Avenida;num=#;loc=coma;minusculas
OSM-n5090778185,osm_addr,Avenida del Aire 999,San Luis,Lima,Lima,AVENIDA,DEL AIRE,999,,,,150134,-12.079754,-77.001828,osm_unverified,,dev,addr:street y addr:housenumber de OSM
SYN-n5090778185-1,synthetic,"Avenida del Aire 999, San Luis, Lima",,,,AVENIDA,DEL AIRE,999,,,,150134,-12.079754,-77.001828,osm_unverified,,dev,tipo=Avenida;loc=dist_prov;sin_tildes
SYN-n5090778185-2,synthetic,Avenida del Aire 999 Int 4B San Luis,,,,AVENIDA,DEL AIRE,999,,,,150134,-12.079754,-77.001828,osm_unverified,,dev,tipo=Avenida;interior;loc=espacio;sin_tildes
OSM-n5222547032,osm_addr,Mariscal Santiago Salaverry 292,San Luis,Lima,Lima,,MARISCAL SANTIAGO SALAVERRY,292,,,,150134,-12.069524,-76.991527,osm_unverified,,dev,addr:street y addr:housenumber de OSM
SYN-n5222547032-1,synthetic,Mariscal Santiago Salaverry Nº 292 Dpto. 201 - San Luis,,,,,MARISCAL SANTIAGO SALAVERRY,292,,,,150134,-12.069524,-76.991527,osm_unverified,,dev,num=Nº;interior;loc=guion
SYN-n5222547032-2,synthetic,"Mcal. Santiago Salaverry Nro 292, San Luis, Lima, Lima",,,,,MARISCAL SANTIAGO SALAVERRY,292,,,,150134,-12.069524,-76.991527,osm_unverified,,dev,titulo_abreviado;num=Nro;loc=dist_prov_dep;sin_tildes
OSM-n5222547034,osm_addr,Avenida Las Torres 225,San Luis,Lima,Lima,AVENIDA,LAS TORRES,225,,,,150134,-12.066322,-76.987589,osm_unverified,,dev,addr:street y addr:housenumber de OSM
SYN-n5222547034-1,synthetic,av. las torres nro 225,San Luis,,,AVENIDA,LAS TORRES,225,,,,150134,-12.066322,-76.987589,osm_unverified,,dev,tipo=av.;num=Nro;loc=campo;minusculas
SYN-n5222547034-2,synthetic,"Av Las Torres #225, San Luis, Lima",,,,AVENIDA,LAS TORRES,225,,,,150134,-12.066322,-76.987589,osm_unverified,,dev,tipo=Av;num=#;loc=dist_prov;sin_tildes
OSM-n5222547522,osm_addr,Avenida Nicolas Arriola 2976,San Luis,Lima,Lima,AVENIDA,NICOLAS ARRIOLA,2976,,,,150134,-12.065884,-76.991694,osm_unverified,,test,addr:street y addr:housenumber de OSM
SYN-n5222547522-1,synthetic,"AV NICOLAS ARRIOLA # 2976, SAN LUIS, LIMA, LIMA",,,,AVENIDA,NICOLAS ARRIOLA,2976,,,,150134,-12.065884,-76.991694,osm_unverified,,test,tipo=Av;num=#;loc=dist_prov_dep;mayusculas
SYN-n5222547522-2,synthetic,"Avda. Nicolas Arriola nro. 2976, San Luis",,,,AVENIDA,NICOLAS ARRIOLA,2976,,,,150134,-12.065884,-76.991694,osm_unverified,,test,tipo=Avda.;num=nro.;loc=coma;sin_tildes
OSM-n6298540187,osm_addr,Avenida Canadá 3497,San Luis,Lima,Lima,AVENIDA,CANADA,3497,,,,150134,-12.080859,-76.993857,osm_unverified,,dev,addr:street y addr:housenumber de OSM
SYN-n6298540187-1,synthetic,Canadá 3497 San Luis,,,,,CANADA,3497,,,,150134,-12.080859,-76.993857,osm_unverified,,dev,tipo_omitido;loc=espacio
SYN-n6298540187-2,synthetic,"AV. Canada Nro. 3497, San Luis, Lima, Lima",,,,AVENIDA,CANADA,3497,,,,150134,-12.080859,-76.993857,osm_unverified,,dev,tipo=AV.;num=Nro.;loc=dist_prov_dep;sin_tildes
OSM-n6456545214,osm_addr,Jirón Lanqui 678,San Luis,Lima,Lima,JIRON,LANQUI,678,,,,150134,-12.078443,-77.002666,osm_unverified,,dev,addr:street y addr:housenumber de OSM
SYN-n6456545214-1,synthetic,jr. lanqui #678 - san luis,,,,JIRON,LANQUI,678,,,,150134,-12.078443,-77.002666,osm_unverified,,dev,tipo=jr.;num=#;loc=guion;minusculas
SYN-n6456545214-2,synthetic,"Jr Lanqui nro. 678, San Luis, Lima",,,,JIRON,LANQUI,678,,,,150134,-12.078443,-77.002666,osm_unverified,,dev,tipo=Jr;num=nro.;loc=dist_prov;sin_tildes
OSM-n6470260351,osm_addr,Avenida Agustín de la Rosa Toro 817,San Luis,Lima,Lima,AVENIDA,AGUSTIN DE LA ROSA TORO,817,,,,150134,-12.078435,-76.994141,osm_unverified,,dev,addr:street y addr:housenumber de OSM
SYN-n6470260351-1,synthetic,"Av. Agustín de la Rosa Toro Nro. 817, San Luis",,,,AVENIDA,AGUSTIN DE LA ROSA TORO,817,,,,150134,-12.078435,-76.994141,osm_unverified,,dev,tipo=Av.;num=Nro.;loc=coma
SYN-n6470260351-2,synthetic,"Avenida Agustín de la Rosa Toro Nro 817, San Luis",,,,AVENIDA,AGUSTIN DE LA ROSA TORO,817,,,,150134,-12.078435,-76.994141,osm_unverified,,dev,tipo=Avenida;num=Nro;loc=coma
OSM-n6544316087,osm_addr,Calle Carlos Pedemonte 151,San Luis,Lima,Lima,CALLE,CARLOS PEDEMONTE,151,,,,150134,-12.065805,-76.993746,osm_unverified,,dev,addr:street y addr:housenumber de OSM
SYN-n6544316087-1,synthetic,Clle.Carlos Pedemonte Nro. 151,San Luis,,,CALLE,CARLOS PEDEMONTE,151,,,,150134,-12.065805,-76.993746,osm_unverified,,dev,tipo=Clle.;num=Nro.;tipo_pegado;loc=campo
SYN-n6544316087-2,synthetic,Clle. Carlos Pedemonte Nro 151,San Luis,,,CALLE,CARLOS PEDEMONTE,151,,,,150134,-12.065805,-76.993746,osm_unverified,,dev,tipo=Clle.;num=Nro;loc=campo;sin_tildes
OSM-n6695830796,osm_addr,Jirón Celendin 214,San Luis,Lima,Lima,JIRON,CELENDIN,214,,,,150134,-12.080361,-76.989753,osm_unverified,,dev,addr:street y addr:housenumber de OSM
SYN-n6695830796-1,synthetic,"Jiron Celendin Nro. 214, San Luis, Lima",,,,JIRON,CELENDIN,214,,,,150134,-12.080361,-76.989753,osm_unverified,,dev,tipo=Jiron;num=Nro.;loc=dist_prov;sin_tildes
SYN-n6695830796-2,synthetic,jr celendin nro. 214,San Luis,,,JIRON,CELENDIN,214,,,,150134,-12.080361,-76.989753,osm_unverified,,dev,tipo=Jr;num=nro.;loc=campo;minusculas;sin_tildes
OSM-n9826380971,osm_addr,Avenida Las Torres 180,San Luis,Lima,Lima,AVENIDA,LAS TORRES,180,,,,150134,-12.065927,-76.987859,osm_unverified,,dev,addr:street y addr:housenumber de OSM
SYN-n9826380971-1,synthetic,AV. LAS TORRES NRO 180 SAN LUIS,,,,AVENIDA,LAS TORRES,180,,,,150134,-12.065927,-76.987859,osm_unverified,,dev,tipo=Av.;num=Nro;loc=espacio;mayusculas;sin_tildes
SYN-n9826380971-2,synthetic,"Avda. Las Torres nro. 180, San Luis, Lima, Lima",,,,AVENIDA,LAS TORRES,180,,,,150134,-12.065927,-76.987859,osm_unverified,,dev,tipo=Avda.;num=nro.;loc=dist_prov_dep
OSM-w522745354,osm_addr,Jirón Virgen de Fátima 100,San Luis,Lima,Lima,JIRON,VIRGEN DE FATIMA,100,,,,150134,-12.076584,-76.990595,osm_unverified,,dev,addr:street y addr:housenumber de OSM
SYN-w522745354-1,synthetic,Jiron Virgen de Fatima nro. 100 San Luis,,,,JIRON,VIRGEN DE FATIMA,100,,,,150134,-12.076584,-76.990595,osm_unverified,,dev,tipo=Jiron;num=nro.;loc=espacio;sin_tildes
SYN-w522745354-2,synthetic,Jr. Virgen de Fatima Nro. 100 San Luis,,,,JIRON,VIRGEN DE FATIMA,100,,,,150134,-12.076584,-76.990595,osm_unverified,,dev,tipo=Jr.;num=Nro.;loc=espacio;sin_tildes
OSM-w828940876,osm_addr,Calle Torres Gonzales 190,San Luis,Lima,Lima,CALLE,TORRES GONZALES,190,,,,150134,-12.074067,-76.994637,osm_unverified,,dev,addr:street y addr:housenumber de OSM
SYN-w828940876-1,synthetic,Cll Torres Gonzales Nro. 190 San Luis,,,,CALLE,TORRES GONZALES,190,,,,150134,-12.074067,-76.994637,osm_unverified,,dev,tipo=Cll;num=Nro.;loc=espacio
SYN-w828940876-2,synthetic,"Calle Torres Gonzales 190, San Luis",,,,CALLE,TORRES GONZALES,190,,,,150134,-12.074067,-76.994637,osm_unverified,,dev,tipo=Calle;loc=coma
OSM-w828940877,osm_addr,Jirón Horacio Patiño 790,San Luis,Lima,Lima,JIRON,HORACIO PATIÑO,790,,,,150134,-12.074091,-76.993988,osm_unverified,,dev,addr:street y addr:housenumber de OSM
SYN-w828940877-1,synthetic,Jr Horacio Patiño #790 San Luis,,,,JIRON,HORACIO PATIÑO,790,,,,150134,-12.074091,-76.993988,osm_unverified,,dev,tipo=Jr;num=#;loc=espacio
SYN-w828940877-2,synthetic,"JIRON HORACIO PATIÑO NRO 790, SAN LUIS",,,,JIRON,HORACIO PATIÑO,790,,,,150134,-12.074091,-76.993988,osm_unverified,,dev,tipo=Jirón;num=Nro;loc=coma;mayusculas;sin_tildes
OSM-w832020961,osm_addr,Avenida San Juan 325,San Luis,Lima,Lima,AVENIDA,SAN JUAN,325,,,,150134,-12.076336,-77.008585,osm_unverified,,test,addr:street y addr:housenumber de OSM
SYN-w832020961-1,synthetic,Av San Juan Nº 325 - San Luis,,Lima,,AVENIDA,SAN JUAN,325,,,,150134,-12.076336,-77.008585,osm_unverified,,test,tipo=Av;num=Nº;loc=mixta;sin_tildes
SYN-w832020961-2,synthetic,"Avda. San Juan Nro. 325, San Luis, Lima, Lima",,,,AVENIDA,SAN JUAN,325,,,,150134,-12.076336,-77.008585,osm_unverified,,test,tipo=Avda.;num=Nro.;loc=dist_prov_dep
OSM-w837192065,osm_addr,Jirón Leonidas La Serre 167,San Luis,Lima,Lima,JIRON,LEONIDAS LA SERRE,167,,,,150134,-12.066317,-76.996920,osm_unverified,,dev,addr:street y addr:housenumber de OSM
SYN-w837192065-1,synthetic,"jr. Leonidas La Serre N° 167, San Luis, Lima, Lima",,,,JIRON,LEONIDAS LA SERRE,167,,,,150134,-12.066317,-76.996920,osm_unverified,,dev,tipo=jr.;num=N°;loc=dist_prov_dep;sin_tildes
SYN-w837192065-2,synthetic,"Jirón Leonidas La Serre N° 167, San Luis, Lima, Lima",,,,JIRON,LEONIDAS LA SERRE,167,,,,150134,-12.066317,-76.996920,osm_unverified,,dev,tipo=Jirón;num=N°;loc=dist_prov_dep
OSM-w837194079,osm_addr,Jirón Jorge Chávez 120,San Luis,Lima,Lima,JIRON,JORGE CHAVEZ,120,,,,150134,-12.062082,-76.999687,osm_unverified,,dev,addr:street y addr:housenumber de OSM
SYN-w837194079-1,synthetic,jr. Jorge Chávez Nº 120,San Luis,,,JIRON,JORGE CHAVEZ,120,,,,150134,-12.062082,-76.999687,osm_unverified,,dev,tipo=jr.;num=Nº;loc=campo
SYN-w837194079-2,synthetic,"Jirón Jorge Chávez # 120, San Luis, Lima, Lima",,,,JIRON,JORGE CHAVEZ,120,,,,150134,-12.062082,-76.999687,osm_unverified,,dev,tipo=Jirón;num=#;loc=dist_prov_dep
OSM-n12362896239,osm_addr,La Victoria 221,San Martín de Porres,Lima,Lima,,LA VICTORIA,221,,,,150135,-12.031610,-77.052371,osm_unverified,,dev,addr:street y addr:housenumber de OSM
SYN-n12362896239-1,synthetic,"La Victoria Nro 221, San Martín de Porres, Lima, Lima",,,,,LA VICTORIA,221,,,,150135,-12.031610,-77.052371,osm_unverified,,dev,num=Nro;loc=dist_prov_dep
SYN-n12362896239-2,synthetic,la victoria n° 221 - san martin de porres,,Lima,,,LA VICTORIA,221,,,,150135,-12.031610,-77.052371,osm_unverified,,dev,num=N°;loc=mixta;minusculas;sin_tildes
OSM-n12362901838,osm_addr,Jirón Atanacio Catojeras 210,San Martín de Porres,Lima,Lima,JIRON,ATANACIO CATOJERAS,210,,,,150135,-12.027073,-77.048736,osm_unverified,,test,addr:street y addr:housenumber de OSM
SYN-n12362901838-1,synthetic,Jr. Atanacio Catojeras # 210,Smp,,,JIRON,ATANACIO CATOJERAS,210,,,,150135,-12.027073,-77.048736,osm_unverified,,test,tipo=Jr.;num=#;alias_distrito;loc=campo
SYN-n12362901838-2,synthetic,Jiron Atanacio Catojeras 210 Smp,,,,JIRON,ATANACIO CATOJERAS,210,,,,150135,-12.027073,-77.048736,osm_unverified,,test,tipo=Jirón;alias_distrito;loc=espacio;sin_tildes
OSM-n12362901839,osm_addr,Jirón Atanacio Catojeras 218,San Martín de Porres,Lima,Lima,JIRON,ATANACIO CATOJERAS,218,,,,150135,-12.027046,-77.048762,osm_unverified,,test,addr:street y addr:housenumber de OSM
SYN-n12362901839-1,synthetic,"Jr. Atanacio Catojeras Nro. 218, San Martín de Porres, Lima, Lima",,,,JIRON,ATANACIO CATOJERAS,218,,,,150135,-12.027046,-77.048762,osm_unverified,,test,tipo=Jr.;num=Nro.;loc=dist_prov_dep
SYN-n12362901839-2,synthetic,"jiron atanacio catojeras nro. 218, san martin de porres",,,,JIRON,ATANACIO CATOJERAS,218,,,,150135,-12.027046,-77.048762,osm_unverified,,test,tipo=Jirón;num=nro.;loc=coma;minusculas;sin_tildes
OSM-n12362915288,osm_addr,Francisco Rosello 148,San Martín de Porres,Lima,Lima,,FRANCISCO ROSELLO,148,,,,150135,-12.035103,-77.054173,osm_unverified,,dev,addr:street y addr:housenumber de OSM
SYN-n12362915288-1,synthetic,"Francisco Rosello nro. 148 Int. 3, Smp, Lima, Lima",,,,,FRANCISCO ROSELLO,148,,,,150135,-12.035103,-77.054173,osm_unverified,,dev,num=nro.;interior;alias_distrito;loc=dist_prov_dep;sin_tildes
SYN-n12362915288-2,synthetic,"francisco rosello nº 148, smp, lima",,,,,FRANCISCO ROSELLO,148,,,,150135,-12.035103,-77.054173,osm_unverified,,dev,num=Nº;alias_distrito;loc=dist_prov;minusculas
OSM-n12362915289,osm_addr,Francisco Rosello 152,San Martín de Porres,Lima,Lima,,FRANCISCO ROSELLO,152,,,,150135,-12.035061,-77.054165,osm_unverified,,dev,addr:street y addr:housenumber de OSM
SYN-n12362915289-1,synthetic,Francisco Rosello # 152,San Martin de Porres,,,,FRANCISCO ROSELLO,152,,,,150135,-12.035061,-77.054165,osm_unverified,,dev,num=#;loc=campo;sin_tildes
SYN-n12362915289-2,synthetic,Francisco Rosello Nro. 152 - San Martín de Porres,,Lima,,,FRANCISCO ROSELLO,152,,,,150135,-12.035061,-77.054165,osm_unverified,,dev,num=Nro.;loc=mixta
OSM-n12362916248,osm_addr,Ciro Alegría 738,San Martín de Porres,Lima,Lima,,CIRO ALEGRIA,738,,,,150135,-12.035380,-77.052159,osm_unverified,,dev,addr:street y addr:housenumber de OSM
SYN-n12362916248-1,synthetic,Ciro Alegría nro. 738,San Martín de Porres,,,,CIRO ALEGRIA,738,,,,150135,-12.035380,-77.052159,osm_unverified,,dev,num=nro.;loc=campo
SYN-n12362916248-2,synthetic,"Ciro Alegria # 738, Smp, Lima, Lima",,,,,CIRO ALEGRIA,738,,,,150135,-12.035380,-77.052159,osm_unverified,,dev,num=#;alias_distrito;loc=dist_prov_dep;sin_tildes
OSM-n12362916565,osm_addr,Jirón Huaman Poma 770,San Martín de Porres,Lima,Lima,JIRON,HUAMAN POMA,770,,,,150135,-12.034586,-77.052285,osm_unverified,,test,addr:street y addr:housenumber de OSM
SYN-n12362916565-1,synthetic,"JIRON HUAMAN POMA NRO 770, SAN MARTIN DE PORRES, LIMA",,,,JIRON,HUAMAN POMA,770,,,,150135,-12.034586,-77.052285,osm_unverified,,test,tipo=Jiron;num=Nro;loc=dist_prov;mayusculas;sin_tildes
SYN-n12362916565-2,synthetic,"jr huaman poma 770, san martín de porres, lima, lima",,,,JIRON,HUAMAN POMA,770,,,,150135,-12.034586,-77.052285,osm_unverified,,test,tipo=Jr;loc=dist_prov_dep;minusculas
OSM-n12362916569,osm_addr,Pasaje República 130,San Martín de Porres,Lima,Lima,PASAJE,REPUBLICA,130,,,,150135,-12.034814,-77.052602,osm_unverified,,dev,addr:street y addr:housenumber de OSM
SYN-n12362916569-1,synthetic,Psje. República N°130 - San Martín de Porres,,Lima,,PASAJE,REPUBLICA,130,,,,150135,-12.034814,-77.052602,osm_unverified,,dev,tipo=Psje.;num=N°;loc=mixta
SYN-n12362916569-2,synthetic,Pje. Republica Nro. 130 San Martin de Porres,,,,PASAJE,REPUBLICA,130,,,,150135,-12.034814,-77.052602,osm_unverified,,dev,tipo=Pje.;num=Nro.;loc=espacio;sin_tildes
OSM-n12362917008,osm_addr,Avenida Zarumilla 770,San Martín de Porres,Lima,Lima,AVENIDA,ZARUMILLA,770,,,,150135,-12.033768,-77.051962,osm_unverified,,test,addr:street y addr:housenumber de OSM
SYN-n12362917008-1,synthetic,avda.zarumilla 770 - san martin de porres,,,,AVENIDA,ZARUMILLA,770,,,,150135,-12.033768,-77.051962,osm_unverified,,test,tipo=Avda.;tipo_pegado;loc=guion;minusculas;sin_tildes
SYN-n12362917008-2,synthetic,Avenida Zarumilla Nro 770,San Martín de Porres,,,AVENIDA,ZARUMILLA,770,,,,150135,-12.033768,-77.051962,osm_unverified,,test,tipo=Avenida;num=Nro;loc=campo
OSM-n12362917009,osm_addr,Avenida Zarumilla 776,San Martín de Porres,Lima,Lima,AVENIDA,ZARUMILLA,776,,,,150135,-12.033712,-77.052082,osm_unverified,,test,addr:street y addr:housenumber de OSM
SYN-n12362917009-1,synthetic,"av. Zarumilla 776, San Martín de Porres",,,,AVENIDA,ZARUMILLA,776,,,,150135,-12.033712,-77.052082,osm_unverified,,test,tipo=av.;loc=coma
SYN-n12362917009-2,synthetic,Avda. Zarumilla Nro 776,Smp,,,AVENIDA,ZARUMILLA,776,,,,150135,-12.033712,-77.052082,osm_unverified,,test,tipo=Avda.;num=Nro;alias_distrito;loc=campo
OSM-n12362917857,osm_addr,La Victoria 148,San Martín de Porres,Lima,Lima,,LA VICTORIA,148,,,,150135,-12.030519,-77.052607,osm_unverified,,dev,addr:street y addr:housenumber de OSM
SYN-n12362917857-1,synthetic,"La Victoria # 148, San Martín de Porres",,,,,LA VICTORIA,148,,,,150135,-12.030519,-77.052607,osm_unverified,,dev,num=#;loc=coma
SYN-n12362917857-2,synthetic,la victoria n°148 - smp,,Lima,,,LA VICTORIA,148,,,,150135,-12.030519,-77.052607,osm_unverified,,dev,num=N°;alias_distrito;loc=mixta;minusculas;sin_tildes
OSM-n12362920545,osm_addr,10 de Junio 483,San Martín de Porres,Lima,Lima,,10 DE JUNIO,483,,,,150135,-12.028362,-77.049250,osm_unverified,,dev,addr:street y addr:housenumber de OSM
SYN-n12362920545-1,synthetic,10 de Junio Nro 483 - San Martin de Porres,,,,,10 DE JUNIO,483,,,,150135,-12.028362,-77.049250,osm_unverified,,dev,num=Nro;loc=guion;sin_tildes
SYN-n12362920545-2,synthetic,"10 de Junio 483, San Martín de Porres, Lima, Lima",,,,,10 DE JUNIO,483,,,,150135,-12.028362,-77.049250,osm_unverified,,dev,loc=dist_prov_dep
OSM-n12362920650,osm_addr,José Salas 164,San Martín de Porres,Lima,Lima,,JOSE SALAS,164,,,,150135,-12.028565,-77.048412,osm_unverified,,dev,addr:street y addr:housenumber de OSM
SYN-n12362920650-1,synthetic,José Salas nro. 164,Smp,,,,JOSE SALAS,164,,,,150135,-12.028565,-77.048412,osm_unverified,,dev,num=nro.;alias_distrito;loc=campo
SYN-n12362920650-2,synthetic,Jose Salas Nº 164 - San Martin de Porres,,,,,JOSE SALAS,164,,,,150135,-12.028565,-77.048412,osm_unverified,,dev,num=Nº;loc=guion;sin_tildes
OSM-n12362920652,osm_addr,José Salas 168,San Martín de Porres,Lima,Lima,,JOSE SALAS,168,,,,150135,-12.028557,-77.048462,osm_unverified,,dev,addr:street y addr:housenumber de OSM
SYN-n12362920652-1,synthetic,Jose Salas # 168 - Smp,,,,,JOSE SALAS,168,,,,150135,-12.028557,-77.048462,osm_unverified,,dev,num=#;alias_distrito;loc=guion;sin_tildes
SYN-n12362920652-2,synthetic,"José Salas #168, Smp, Lima, Lima",,,,,JOSE SALAS,168,,,,150135,-12.028557,-77.048462,osm_unverified,,dev,num=#;alias_distrito;loc=dist_prov_dep
OSM-n12362920850,osm_addr,10 de Junio 399,San Martín de Porres,Lima,Lima,,10 DE JUNIO,399,,,,150135,-12.027597,-77.048933,osm_unverified,,dev,addr:street y addr:housenumber de OSM
SYN-n12362920850-1,synthetic,"10 de Junio Nro. 399, San Martín de Porres, Lima",,,,,10 DE JUNIO,399,,,,150135,-12.027597,-77.048933,osm_unverified,,dev,num=Nro.;loc=dist_prov
SYN-n12362920850-2,synthetic,10 de junio n°399 - san martín de porres,,,,,10 DE JUNIO,399,,,,150135,-12.027597,-77.048933,osm_unverified,,dev,num=N°;loc=guion;minusculas
OSM-n12362920857,osm_addr,Ernesto Mejía 166,San Martín de Porres,Lima,Lima,,ERNESTO MEJIA,166,,,,150135,-12.027624,-77.049737,osm_unverified,,dev,addr:street y addr:housenumber de OSM
SYN-n12362920857-1,synthetic,ERNESTO MEJIA 166 PISO 2 - SAN MARTIN DE PORRES,,,,,ERNESTO MEJIA,166,,,,150135,-12.027624,-77.049737,osm_unverified,,dev,interior;loc=guion;mayusculas;sin_tildes
SYN-n12362920857-2,synthetic,Ernesto Mejia nro. 166 Smp,,,,,ERNESTO MEJIA,166,,,,150135,-12.027624,-77.049737,osm_unverified,,dev,num=nro.;alias_distrito;loc=espacio;sin_tildes
OSM-n12362920858,osm_addr,Ernesto Mejía 168,San Martín de Porres,Lima,Lima,,ERNESTO MEJIA,168,,,,150135,-12.027593,-77.049770,osm_unverified,,dev,addr:street y addr:housenumber de OSM
SYN-n12362920858-1,synthetic,Ernesto Mejía #168 - San Martín de Porres,,Lima,,,ERNESTO MEJIA,168,,,,150135,-12.027593,-77.049770,osm_unverified,,dev,num=#;loc=mixta
SYN-n12362920858-2,synthetic,Ernesto Mejia Nro. 168 Dpto 1203 - Smp,,,,,ERNESTO MEJIA,168,,,,150135,-12.027593,-77.049770,osm_unverified,,dev,num=Nro.;interior;alias_distrito;loc=guion;sin_tildes
OSM-n5565137036,osm_addr,Avenida Los Alisos 1831,San Martín de Porres,Lima,Lima,AVENIDA,LOS ALISOS,1831,,,,150135,-11.982593,-77.089301,osm_unverified,,dev,addr:street y addr:housenumber de OSM
SYN-n5565137036-1,synthetic,Av.Los Alisos Nº 1831,San Martín de Porres,,,AVENIDA,LOS ALISOS,1831,,,,150135,-11.982593,-77.089301,osm_unverified,,dev,tipo=Av.;num=Nº;tipo_pegado;loc=campo
SYN-n5565137036-2,synthetic,Av. Los Alisos Nro. 1831 San Martín de Porres,,,,AVENIDA,LOS ALISOS,1831,,,,150135,-11.982593,-77.089301,osm_unverified,,dev,tipo=Av.;num=Nro.;loc=espacio
OSM-n9004758017,osm_addr,Jirón Huancayo 995,San Martín de Porres,Lima,Lima,JIRON,HUANCAYO,995,,,,150135,-12.037336,-77.092631,osm_unverified,,test,addr:street y addr:housenumber de OSM
SYN-n9004758017-1,synthetic,"Jr Huancayo Nº 995, San Martin de Porres, Lima, Lima",,,,JIRON,HUANCAYO,995,,,,150135,-12.037336,-77.092631,osm_unverified,,test,tipo=Jr;num=Nº;loc=dist_prov_dep;sin_tildes
SYN-n9004758017-2,synthetic,"JR. Huancayo N° 995, San Martin de Porres, Lima, Lima",,,,JIRON,HUANCAYO,995,,,,150135,-12.037336,-77.092631,osm_unverified,,test,tipo=JR.;num=N°;loc=dist_prov_dep;sin_tildes
OSM-w1089794620,osm_addr,Avenida José Granda 2929,San Martín de Porres,Lima,Lima,AVENIDA,JOSE GRANDA,2929,,,,150135,-12.027351,-77.073967,osm_unverified,,dev,addr:street y addr:housenumber de OSM
SYN-w1089794620-1,synthetic,"AV. Jose Granda 2929, San Martin de Porres",,,,AVENIDA,JOSE GRANDA,2929,,,,150135,-12.027351,-77.073967,osm_unverified,,dev,tipo=AV.;loc=coma;sin_tildes
SYN-w1089794620-2,synthetic,"av. Jose Granda nro. 2929, San Martin de Porres, Lima",,,,AVENIDA,JOSE GRANDA,2929,,,,150135,-12.027351,-77.073967,osm_unverified,,dev,tipo=av.;num=nro.;loc=dist_prov;sin_tildes
OSM-n10281376572,osm_addr,Calle Agustin Tobar de Albertis 150,San Miguel,Lima,Lima,CALLE,AGUSTIN TOBAR DE ALBERTIS,150,,,,150136,-12.082614,-77.084059,osm_unverified,,test,addr:street y addr:housenumber de OSM
SYN-n10281376572-1,synthetic,"calle agustin tobar de albertis #150, san miguel, lima, lima",,,,CALLE,AGUSTIN TOBAR DE ALBERTIS,150,,,,150136,-12.082614,-77.084059,osm_unverified,,test,tipo=Calle;num=#;loc=dist_prov_dep;minusculas;sin_tildes
SYN-n10281376572-2,synthetic,"Clle. Agustin Tobar de Albertis # 150, San Miguel, Lima, Lima",,,,CALLE,AGUSTIN TOBAR DE ALBERTIS,150,,,,150136,-12.082614,-77.084059,osm_unverified,,test,tipo=Clle.;num=#;loc=dist_prov_dep;sin_tildes
OSM-n12610373197,osm_addr,Jirón Arica 261,San Miguel,Lima,Lima,JIRON,ARICA,261,,,,150136,-12.092204,-77.077782,osm_unverified,,test,addr:street y addr:housenumber de OSM
SYN-n12610373197-1,synthetic,JIRON ARICA NRO. 261 SAN MIGUEL,,,,JIRON,ARICA,261,,,,150136,-12.092204,-77.077782,osm_unverified,,test,tipo=Jirón;num=Nro.;loc=espacio;mayusculas;sin_tildes
SYN-n12610373197-2,synthetic,JR. Arica Nro. 261,San Miguel,,,JIRON,ARICA,261,,,,150136,-12.092204,-77.077782,osm_unverified,,test,tipo=JR.;num=Nro.;loc=campo;sin_tildes
OSM-n1932068198,osm_addr,Avenida Universitaria 1801,San Miguel,Lima,Lima,AVENIDA,UNIVERSITARIA,1801,,,,150136,-12.071981,-77.081587,osm_unverified,,dev,addr:street y addr:housenumber de OSM
SYN-n1932068198-1,synthetic,"Avenida Universitaria 1801, San Miguel, Lima, Lima",,,,AVENIDA,UNIVERSITARIA,1801,,,,150136,-12.071981,-77.081587,osm_unverified,,dev,tipo=Avenida;loc=dist_prov_dep
SYN-n1932068198-2,synthetic,"AV UNIVERSITARIA 1801 INT. 3, SAN MIGUEL, LIMA",,,,AVENIDA,UNIVERSITARIA,1801,,,,150136,-12.071981,-77.081587,osm_unverified,,dev,tipo=Av;interior;loc=dist_prov;mayusculas
OSM-n4224818695,osm_addr,Avenida de los Precursores 555,San Miguel,Lima,Lima,AVENIDA,DE LOS PRECURSORES,555,,,,150136,-12.070162,-77.094148,osm_unverified,,dev,addr:street y addr:housenumber de OSM
SYN-n4224818695-1,synthetic,Avenida de los Precursores N°555 - San Miguel,,,,AVENIDA,DE LOS PRECURSORES,555,,,,150136,-12.070162,-77.094148,osm_unverified,,dev,tipo=Avenida;num=N°;loc=guion
SYN-n4224818695-2,synthetic,de los Precursores 555 Int. 3 - San Miguel,,,,,DE LOS PRECURSORES,555,,,,150136,-12.070162,-77.094148,osm_unverified,,dev,tipo_omitido;interior;loc=guion
OSM-n4331243707,osm_addr,Avenida La Paz 425,San Miguel,Lima,Lima,AVENIDA,LA PAZ,425,,,,150136,-12.088504,-77.087145,osm_unverified,,test,addr:street y addr:housenumber de OSM
SYN-n4331243707-1,synthetic,"av.La Paz Nº 425, San Miguel, Lima",,,,AVENIDA,LA PAZ,425,,,,150136,-12.088504,-77.087145,osm_unverified,,test,tipo=av.;num=Nº;tipo_pegado;loc=dist_prov
SYN-n4331243707-2,synthetic,"AV. La Paz Nº 425, San Miguel",,,,AVENIDA,LA PAZ,425,,,,150136,-12.088504,-77.087145,osm_unverified,,test,tipo=AV.;num=Nº;loc=coma;sin_tildes
OSM-n4331243712,osm_addr,Avenida La Paz 535,San Miguel,Lima,Lima,AVENIDA,LA PAZ,535,,,,150136,-12.088208,-77.087906,osm_unverified,,test,addr:street y addr:housenumber de OSM
SYN-n4331243712-1,synthetic,"Avda.La Paz Nº 535, San Miguel",,,,AVENIDA,LA PAZ,535,,,,150136,-12.088208,-77.087906,osm_unverified,,test,tipo=Avda.;num=Nº;tipo_pegado;loc=coma
SYN-n4331243712-2,synthetic,Av. La Paz 535 San Miguel,,,,AVENIDA,LA PAZ,535,,,,150136,-12.088208,-77.087906,osm_unverified,,test,tipo=Av.;loc=espacio;sin_tildes
OSM-n4331395691,osm_addr,Manuel Estacio 175,San Miguel,Lima,Lima,,MANUEL ESTACIO,175,,,,150136,-12.086531,-77.086289,osm_unverified,,test,addr:street y addr:housenumber de OSM
SYN-n4331395691-1,synthetic,"MANUEL ESTACIO 175, SAN MIGUEL, LIMA, LIMA",,,,,MANUEL ESTACIO,175,,,,150136,-12.086531,-77.086289,osm_unverified,,test,loc=dist_prov_dep;mayusculas;sin_tildes
SYN-n4331395691-2,synthetic,Manuel Estacio 175 - San Miguel,,Lima,,,MANUEL ESTACIO,175,,,,150136,-12.086531,-77.086289,osm_unverified,,test,loc=mixta;sin_tildes
OSM-n4331395692,osm_addr,Avenida La Libertad 474,San Miguel,Lima,Lima,AVENIDA,LA LIBERTAD,474,,,,150136,-12.087110,-77.086604,osm_unverified,,dev,addr:street y addr:housenumber de OSM
SYN-n4331395692-1,synthetic,avda. la libertad #474 san miguel,,,,AVENIDA,LA LIBERTAD,474,,,,150136,-12.087110,-77.086604,osm_unverified,,dev,tipo=Avda.;num=#;loc=espacio;minusculas;sin_tildes
SYN-n4331395692-2,synthetic,avda. la libertad n° 474,San Miguel,,,AVENIDA,LA LIBERTAD,474,,,,150136,-12.087110,-77.086604,osm_unverified,,dev,tipo=Avda.;num=N°;loc=campo;minusculas
OSM-n4526597513,osm_addr,Avenida de La Paz 2337,San Miguel,Lima,Lima,AVENIDA,DE LA PAZ,2337,,,,150136,-12.080540,-77.104970,osm_unverified,,dev,addr:street y addr:housenumber de OSM
SYN-n4526597513-1,synthetic,Av.de La Paz #2337 - San Miguel,,,,AVENIDA,DE LA PAZ,2337,,,,150136,-12.080540,-77.104970,osm_unverified,,dev,tipo=Av.;num=#;tipo_pegado;loc=guion
SYN-n4526597513-2,synthetic,Av de La Paz 2337 - San Miguel,,,,AVENIDA,DE LA PAZ,2337,,,,150136,-12.080540,-77.104970,osm_unverified,,dev,tipo=Av;loc=guion
OSM-n5049794149,osm_addr,Avenida La Libertad 323,San Miguel,Lima,Lima,AVENIDA,LA LIBERTAD,323,,,,150136,-12.087656,-77.085413,osm_unverified,,dev,addr:street y addr:housenumber de OSM
SYN-n5049794149-1,synthetic,"Av La Libertad Nº 323, San Miguel, Lima",,,,AVENIDA,LA LIBERTAD,323,,,,150136,-12.087656,-77.085413,osm_unverified,,dev,tipo=Av;num=Nº;loc=dist_prov;sin_tildes
SYN-n5049794149-2,synthetic,"av. La Libertad Nro. 323, San Miguel, Lima",,,,AVENIDA,LA LIBERTAD,323,,,,150136,-12.087656,-77.085413,osm_unverified,,dev,tipo=av.;num=Nro.;loc=dist_prov
OSM-n6793255701,osm_addr,Jirón J. de Sucre 793,San Miguel,Lima,Lima,JIRON,J DE SUCRE,793,,,,150136,-12.085225,-77.076100,osm_unverified,,dev,addr:street y addr:housenumber de OSM
SYN-n6793255701-1,synthetic,Jr J. de Sucre Nro. 793 - San Miguel,,,,JIRON,J DE SUCRE,793,,,,150136,-12.085225,-77.076100,osm_unverified,,dev,tipo=Jr;num=Nro.;loc=guion
SYN-n6793255701-2,synthetic,"jiron j. de sucre #793, san miguel",,,,JIRON,J DE SUCRE,793,,,,150136,-12.085225,-77.076100,osm_unverified,,dev,tipo=Jiron;num=#;loc=coma;minusculas
OSM-n7827389089,osm_addr,Calle B 290,San Miguel,Lima,Lima,CALLE,B,290,,,,150136,-12.080956,-77.079663,osm_unverified,,dev,addr:street y addr:housenumber de OSM
SYN-n7827389089-1,synthetic,"Ca. B nro. 290, San Miguel, Lima",,,,CALLE,B,290,,,,150136,-12.080956,-77.079663,osm_unverified,,dev,tipo=Ca.;num=nro.;loc=dist_prov
SYN-n7827389089-2,synthetic,Cll B Nro 290 Piso 2 - San Miguel,,Lima,,CALLE,B,290,,,,150136,-12.080956,-77.079663,osm_unverified,,dev,tipo=Cll;num=Nro;interior;loc=mixta;sin_tildes
OSM-n8279746702,osm_addr,Jirón Independencia 656,San Miguel,Lima,Lima,JIRON,INDEPENDENCIA,656,,,,150136,-12.083262,-77.080900,osm_unverified,,test,addr:street y addr:housenumber de OSM
SYN-n8279746702-1,synthetic,"jr. Independencia Nro. 656 Int. 3, San Miguel, Lima",,,,JIRON,INDEPENDENCIA,656,,,,150136,-12.083262,-77.080900,osm_unverified,,test,tipo=jr.;num=Nro.;interior;loc=dist_prov;sin_tildes
SYN-n8279746702-2,synthetic,Jiron Independencia Nro. 656 - San Miguel,,,,JIRON,INDEPENDENCIA,656,,,,150136,-12.083262,-77.080900,osm_unverified,,test,tipo=Jirón;num=Nro.;loc=guion;sin_tildes
OSM-n9778597304,osm_addr,Pasaje Los Pioneros 142,San Miguel,Lima,Lima,PASAJE,LOS PIONEROS,142,,,,150136,-12.075050,-77.094742,osm_unverified,,dev,addr:street y addr:housenumber de OSM
SYN-n9778597304-1,synthetic,Psje. Los Pioneros #142 San Miguel,,,,PASAJE,LOS PIONEROS,142,,,,150136,-12.075050,-77.094742,osm_unverified,,dev,tipo=Psje.;num=#;loc=espacio;sin_tildes
SYN-n9778597304-2,synthetic,Psje. Los Pioneros Nro 142 - San Miguel,,Lima,,PASAJE,LOS PIONEROS,142,,,,150136,-12.075050,-77.094742,osm_unverified,,dev,tipo=Psje.;num=Nro;loc=mixta;sin_tildes
OSM-w1501628103,osm_addr,Avenida de los Precursores 991,San Miguel,Lima,Lima,AVENIDA,DE LOS PRECURSORES,991,,,,150136,-12.069332,-77.101110,osm_unverified,,dev,addr:street y addr:housenumber de OSM
SYN-w1501628103-1,synthetic,"Avda. de los Precursores 991 Of. 502, San Miguel, Lima",,,,AVENIDA,DE LOS PRECURSORES,991,,,,150136,-12.069332,-77.101110,osm_unverified,,dev,tipo=Avda.;interior;loc=dist_prov;sin_tildes
SYN-w1501628103-2,synthetic,AV. DE LOS PRECURSORES 991,San Miguel,,,AVENIDA,DE LOS PRECURSORES,991,,,,150136,-12.069332,-77.101110,osm_unverified,,dev,tipo=Av.;loc=campo;mayusculas;sin_tildes
OSM-w183885922,osm_addr,Prolongación Cuzco 360,San Miguel,Lima,Lima,PROLONGACION,CUZCO,360,,,,150136,-12.085981,-77.076863,osm_unverified,,dev,addr:street y addr:housenumber de OSM
SYN-w183885922-1,synthetic,"Prol. Cuzco 360, San Miguel, Lima, Lima",,,,PROLONGACION,CUZCO,360,,,,150136,-12.085981,-77.076863,osm_unverified,,dev,tipo=Prol.;loc=dist_prov_dep
SYN-w183885922-2,synthetic,Prol. Cuzco # 360 - San Miguel,,Lima,,PROLONGACION,CUZCO,360,,,,150136,-12.085981,-77.076863,osm_unverified,,dev,tipo=Prol.;num=#;loc=mixta;sin_tildes
OSM-w442980603,osm_addr,Petronila Alvarez 180,San Miguel,Lima,Lima,,PETRONILA ALVAREZ,180,,,,150136,-12.081327,-77.081404,osm_unverified,,dev,addr:street y addr:housenumber de OSM
SYN-w442980603-1,synthetic,"PETRONILA ALVAREZ Nº 180, SAN MIGUEL, LIMA, LIMA",,,,,PETRONILA ALVAREZ,180,,,,150136,-12.081327,-77.081404,osm_unverified,,dev,num=Nº;loc=dist_prov_dep;mayusculas;sin_tildes
SYN-w442980603-2,synthetic,"Petronila Alvarez 180 Int. 3, San Miguel, Lima, Lima",,,,,PETRONILA ALVAREZ,180,,,,150136,-12.081327,-77.081404,osm_unverified,,dev,interior;loc=dist_prov_dep;sin_tildes
OSM-w445542942,osm_addr,Avenida Riva Aguero 350,San Miguel,Lima,Lima,AVENIDA,RIVA AGUERO,350,,,,150136,-12.082585,-77.084680,osm_unverified,,dev,addr:street y addr:housenumber de OSM
SYN-w445542942-1,synthetic,"AV. Riva Aguero 350, San Miguel, Lima, Lima",,,,AVENIDA,RIVA AGUERO,350,,,,150136,-12.082585,-77.084680,osm_unverified,,dev,tipo=AV.;loc=dist_prov_dep;sin_tildes
SYN-w445542942-2,synthetic,AVENIDA RIVA AGUERO NRO. 350 SAN MIGUEL,,,,AVENIDA,RIVA AGUERO,350,,,,150136,-12.082585,-77.084680,osm_unverified,,dev,tipo=Avenida;num=Nro.;loc=espacio;mayusculas
OSM-w612106622,osm_addr,Avenida Universitaria 860,San Miguel,Lima,Lima,AVENIDA,UNIVERSITARIA,860,,,,150136,-12.079351,-77.081349,osm_unverified,,dev,addr:street y addr:housenumber de OSM
SYN-w612106622-1,synthetic,"Av. Universitaria N°860, San Miguel",,,,AVENIDA,UNIVERSITARIA,860,,,,150136,-12.079351,-77.081349,osm_unverified,,dev,tipo=Av.;num=N°;loc=coma
SYN-w612106622-2,synthetic,Avda. Universitaria N° 860 San Miguel,,,,AVENIDA,UNIVERSITARIA,860,,,,150136,-12.079351,-77.081349,osm_unverified,,dev,tipo=Avda.;num=N°;loc=espacio;sin_tildes
OSM-w725438879,osm_addr,Santa Ana 531,San Miguel,Lima,Lima,,SANTA ANA,531,,,,150136,-12.087729,-77.078524,osm_unverified,,dev,addr:street y addr:housenumber de OSM
SYN-w725438879-1,synthetic,STA. ANA NRO. 531 - SAN MIGUEL,,,,,SANTA ANA,531,,,,150136,-12.087729,-77.078524,osm_unverified,,dev,titulo_abreviado;num=nro.;loc=guion;mayusculas
SYN-w725438879-2,synthetic,Sta. Ana #531 - San Miguel,,,,,SANTA ANA,531,,,,150136,-12.087729,-77.078524,osm_unverified,,dev,titulo_abreviado;num=#;loc=guion
OSM-n10012296308,osm_addr,Sáenz Peña 475,Santa Anita,Lima,Lima,,SAENZ PEÑA,475,,,,150137,-12.048653,-76.970159,osm_unverified,,dev,addr:street y addr:housenumber de OSM
SYN-n10012296308-1,synthetic,Saenz Peña #475 - Santa Anita,,,,,SAENZ PEÑA,475,,,,150137,-12.048653,-76.970159,osm_unverified,,dev,num=#;loc=guion;sin_tildes
SYN-n10012296308-2,synthetic,Saenz Peña nro. 475 Santa Anita,,,,,SAENZ PEÑA,475,,,,150137,-12.048653,-76.970159,osm_unverified,,dev,num=nro.;loc=espacio;sin_tildes
OSM-n2645035644,osm_addr,1 de Mayo 1400,Santa Anita,Lima,Lima,,1 DE MAYO,1400,,,,150137,-12.046142,-76.983092,osm_unverified,,dev,addr:street y addr:housenumber de OSM
SYN-n2645035644-1,synthetic,"1 de Mayo Nro 1400, Santa Anita, Lima, Lima",,,,,1 DE MAYO,1400,,,,150137,-12.046142,-76.983092,osm_unverified,,dev,num=Nro;loc=dist_prov_dep
SYN-n2645035644-2,synthetic,"1 de Mayo 1400, Santa Anita, Lima",,,,,1 DE MAYO,1400,,,,150137,-12.046142,-76.983092,osm_unverified,,dev,loc=dist_prov;sin_tildes
OSM-n3010730359,osm_addr,Avenida La Cultura 701,Santa Anita,Lima,Lima,AVENIDA,LA CULTURA,701,,,,150137,-12.041881,-76.948245,osm_unverified,,dev,addr:street y addr:housenumber de OSM
SYN-n3010730359-1,synthetic,AV. LA CULTURA 701 INT 4B - SANTA ANITA,,Lima,,AVENIDA,LA CULTURA,701,,,,150137,-12.041881,-76.948245,osm_unverified,,dev,tipo=AV.;interior;loc=mixta;mayusculas
SYN-n3010730359-2,synthetic,AV.La Cultura # 701,Santa Anita,,,AVENIDA,LA CULTURA,701,,,,150137,-12.041881,-76.948245,osm_unverified,,dev,tipo=AV.;num=#;tipo_pegado;loc=campo;sin_tildes
OSM-n4580152413,osm_addr,Andres Avelino Caceres 564,Santa Anita,Lima,Lima,,ANDRES AVELINO CACERES,564,,,,150137,-12.045777,-76.978793,osm_unverified,,dev,addr:street y addr:housenumber de OSM
SYN-n4580152413-1,synthetic,"Andres Avelino Caceres #564 Int. 3, Santa Anita",,,,,ANDRES AVELINO CACERES,564,,,,150137,-12.045777,-76.978793,osm_unverified,,dev,num=#;interior;loc=coma
SYN-n4580152413-2,synthetic,ANDRES AVELINO CACERES 564 DPTO 1203,Santa Anita,,,,ANDRES AVELINO CACERES,564,,,,150137,-12.045777,-76.978793,osm_unverified,,dev,interior;loc=campo;mayusculas
OSM-n4701861741,osm_addr,Calle Los Olivos 10,Santa Anita,Lima,Lima,CALLE,LOS OLIVOS,10,,,,150137,-12.031480,-76.955560,osm_unverified,,dev,addr:street y addr:housenumber de OSM
SYN-n4701861741-1,synthetic,CLL LOS OLIVOS NRO 10 PISO 2 SANTA ANITA,,,,CALLE,LOS OLIVOS,10,,,,150137,-12.031480,-76.955560,osm_unverified,,dev,tipo=Cll;num=Nro;interior;loc=espacio;mayusculas
SYN-n4701861741-2,synthetic,"Calle Los Olivos N° 10 Int 4B, Santa Anita",,,,CALLE,LOS OLIVOS,10,,,,150137,-12.031480,-76.955560,osm_unverified,,dev,tipo=Calle;num=N°;interior;loc=coma;sin_tildes
OSM-n4850387121,osm_addr,Calle San Pablo 189,Santa Anita,Lima,Lima,CALLE,SAN PABLO,189,,,,150137,-12.035616,-76.951807,osm_unverified,,dev,addr:street y addr:housenumber de OSM
SYN-n4850387121-1,synthetic,Ca. San Pablo #189 Int 4B - Santa Anita,,,,CALLE,SAN PABLO,189,,,,150137,-12.035616,-76.951807,osm_unverified,,dev,tipo=Ca.;num=#;interior;loc=guion;sin_tildes
SYN-n4850387121-2,synthetic,"Clle. San Pablo N° 189, Santa Anita",,,,CALLE,SAN PABLO,189,,,,150137,-12.035616,-76.951807,osm_unverified,,dev,tipo=Clle.;num=N°;loc=coma
OSM-n4904992127,osm_addr,Los Robles 201,Santa Anita,Lima,Lima,,LOS ROBLES,201,,,,150137,-12.047073,-76.976866,osm_unverified,,test,addr:street y addr:housenumber de OSM
SYN-n4904992127-1,synthetic,"los robles 201, santa anita, lima",,,,,LOS ROBLES,201,,,,150137,-12.047073,-76.976866,osm_unverified,,test,loc=dist_prov;minusculas;sin_tildes
SYN-n4904992127-2,synthetic,"Los Robles Nº 201, Santa Anita, Lima, Lima",,,,,LOS ROBLES,201,,,,150137,-12.047073,-76.976866,osm_unverified,,test,num=Nº;loc=dist_prov_dep;sin_tildes
OSM-n4955573122,osm_addr,Avenida La Encalada 367,Santa Anita,Lima,Lima,AVENIDA,LA ENCALADA,367,,,,150137,-12.037339,-76.962777,osm_unverified,,test,addr:street y addr:housenumber de OSM
SYN-n4955573122-1,synthetic,AV. La Encalada N° 367 Piso 2,Santa Anita,,,AVENIDA,LA ENCALADA,367,,,,150137,-12.037339,-76.962777,osm_unverified,,test,tipo=AV.;num=N°;interior;loc=campo
SYN-n4955573122-2,synthetic,AV. La Encalada # 367 Santa Anita,,,,AVENIDA,LA ENCALADA,367,,,,150137,-12.037339,-76.962777,osm_unverified,,test,tipo=AV.;num=#;loc=espacio;sin_tildes
OSM-n5222547026,osm_addr,Santa Rosa 530,Santa Anita,Lima,Lima,,SANTA ROSA,530,,,,150137,-12.046035,-76.963797,osm_unverified,,dev,addr:street y addr:housenumber de OSM
SYN-n5222547026-1,synthetic,santa rosa n° 530 santa anita,,,,,SANTA ROSA,530,,,,150137,-12.046035,-76.963797,osm_unverified,,dev,num=N°;loc=espacio;minusculas
SYN-n5222547026-2,synthetic,SANTA ROSA N° 530 DPTO. 201 SANTA ANITA,,,,,SANTA ROSA,530,,,,150137,-12.046035,-76.963797,osm_unverified,,dev,num=N°;interior;loc=espacio;mayusculas;sin_tildes
OSM-n5222547028,osm_addr,Avenida Nicolás de Ayllón 1113,Santa Anita,Lima,Lima,AVENIDA,NICOLAS DE AYLLON,1113,,,,150137,-12.050276,-76.954609,osm_unverified,,dev,addr:street y addr:housenumber de OSM
SYN-n5222547028-1,synthetic,Avenida Nicolás de Ayllón # 1113 Santa Anita,,,,AVENIDA,NICOLAS DE AYLLON,1113,,,,150137,-12.050276,-76.954609,osm_unverified,,dev,tipo=Avenida;num=#;loc=espacio
SYN-n5222547028-2,synthetic,Av Nicolas de Ayllon Nro. 1113 - Santa Anita,,Lima,,AVENIDA,NICOLAS DE AYLLON,1113,,,,150137,-12.050276,-76.954609,osm_unverified,,dev,tipo=Av;num=Nro.;loc=mixta;sin_tildes
OSM-n5243346622,osm_addr,Calle Ciro Alegría 290,Santa Anita,Lima,Lima,CALLE,CIRO ALEGRIA,290,,,,150137,-12.042837,-76.979499,osm_unverified,,dev,addr:street y addr:housenumber de OSM
SYN-n5243346622-1,synthetic,Calle Ciro Alegría Nº 290,Santa Anita,,,CALLE,CIRO ALEGRIA,290,,,,150137,-12.042837,-76.979499,osm_unverified,,dev,tipo=Calle;num=Nº;loc=campo
SYN-n5243346622-2,synthetic,"Cll Ciro Alegría 290 Dpto 1203, Santa Anita",,,,CALLE,CIRO ALEGRIA,290,,,,150137,-12.042837,-76.979499,osm_unverified,,dev,tipo=Cll;interior;loc=coma
OSM-n5484831322,osm_addr,Avenida José Carlos Mariátegui 199,Santa Anita,Lima,Lima,AVENIDA,JOSE CARLOS MARIATEGUI,199,,,,150137,-12.045130,-76.984926,osm_unverified,,test,addr:street y addr:housenumber de OSM
SYN-n5484831322-1,synthetic,Av. José Carlos Mariátegui #199 Piso 2 - Santa Anita,,Lima,,AVENIDA,JOSE CARLOS MARIATEGUI,199,,,,150137,-12.045130,-76.984926,osm_unverified,,test,tipo=Av.;num=#;interior;loc=mixta
SYN-n5484831322-2,synthetic,AV.JOSÉ CARLOS MARIÁTEGUI 199 - SANTA ANITA,,,,AVENIDA,JOSE CARLOS MARIATEGUI,199,,,,150137,-12.045130,-76.984926,osm_unverified,,test,tipo=Av.;tipo_pegado;loc=guion;mayusculas
OSM-n5796946653,osm_addr,Jirón Los Flamencos 119,Santa Anita,Lima,Lima,JIRON,LOS FLAMENCOS,119,,,,150137,-12.053809,-76.963722,osm_unverified,,test,addr:street y addr:housenumber de OSM
SYN-n5796946653-1,synthetic,Jr.Los Flamencos Nro 119,Santa Anita,,,JIRON,LOS FLAMENCOS,119,,,,150137,-12.053809,-76.963722,osm_unverified,,test,tipo=Jr.;num=Nro;tipo_pegado;loc=campo;sin_tildes
SYN-n5796946653-2,synthetic,JR LOS FLAMENCOS N°119 SANTA ANITA,,,,JIRON,LOS FLAMENCOS,119,,,,150137,-12.053809,-76.963722,osm_unverified,,test,tipo=Jr;num=N°;loc=espacio;mayusculas;sin_tildes
OSM-n8412664572,osm_addr,Calle Belisario Suarez 260,Santa Anita,Lima,Lima,CALLE,BELISARIO SUAREZ,260,,,,150137,-12.051762,-76.973862,osm_unverified,,test,addr:street y addr:housenumber de OSM
SYN-n8412664572-1,synthetic,CLLE. BELISARIO SUAREZ NRO. 260,Santa Anita,,,CALLE,BELISARIO SUAREZ,260,,,,150137,-12.051762,-76.973862,osm_unverified,,test,tipo=Clle.;num=Nro.;loc=campo;mayusculas
SYN-n8412664572-2,synthetic,Clle. Belisario Suarez Nº 260 Santa Anita,,,,CALLE,BELISARIO SUAREZ,260,,,,150137,-12.051762,-76.973862,osm_unverified,,test,tipo=Clle.;num=Nº;loc=espacio;sin_tildes
OSM-n8805288027,osm_addr,Jirón Los Cascanueces 456,Santa Anita,Lima,Lima,JIRON,LOS CASCANUECES,456,,,,150137,-12.050131,-76.962795,osm_unverified,,dev,addr:street y addr:housenumber de OSM
SYN-n8805288027-1,synthetic,Jiron Los Cascanueces 456,Santa Anita,,,JIRON,LOS CASCANUECES,456,,,,150137,-12.050131,-76.962795,osm_unverified,,dev,tipo=Jiron;loc=campo;sin_tildes
SYN-n8805288027-2,synthetic,Jiron Los Cascanueces nro. 456 Santa Anita,,,,JIRON,LOS CASCANUECES,456,,,,150137,-12.050131,-76.962795,osm_unverified,,dev,tipo=Jiron;num=nro.;loc=espacio;sin_tildes
OSM-n9805171703,osm_addr,Jirón Los Cedros 520,Santa Anita,Lima,Lima,JIRON,LOS CEDROS,520,,,,150137,-12.047122,-76.977592,osm_unverified,,test,addr:street y addr:housenumber de OSM
SYN-n9805171703-1,synthetic,"jr.Los Cedros N°520, Santa Anita",,,,JIRON,LOS CEDROS,520,,,,150137,-12.047122,-76.977592,osm_unverified,,test,tipo=jr.;num=N°;tipo_pegado;loc=coma;sin_tildes
SYN-n9805171703-2,synthetic,"Jr Los Cedros #520, Santa Anita, Lima, Lima",,,,JIRON,LOS CEDROS,520,,,,150137,-12.047122,-76.977592,osm_unverified,,test,tipo=Jr;num=#;loc=dist_prov_dep;sin_tildes
OSM-w384203094,osm_addr,Avenida Nicolás Ayllón 3900,Santa Anita,Lima,Lima,AVENIDA,NICOLAS AYLLON,3900,,,,150137,-12.045789,-76.947900,osm_unverified,,test,addr:street y addr:housenumber de OSM
SYN-w384203094-1,synthetic,"Av Nicolas Ayllon 3900, Santa Anita",,,,AVENIDA,NICOLAS AYLLON,3900,,,,150137,-12.045789,-76.947900,osm_unverified,,test,tipo=Av;loc=coma;sin_tildes
SYN-w384203094-2,synthetic,nicolás ayllón nº 3900 - santa anita,,Lima,,,NICOLAS AYLLON,3900,,,,150137,-12.045789,-76.947900,osm_unverified,,test,tipo_omitido;num=Nº;loc=mixta;minusculas
OSM-w402752730,osm_addr,Calle Las Calandrias 151,Santa Anita,Lima,Lima,CALLE,LAS CALANDRIAS,151,,,,150137,-12.044445,-76.967514,osm_unverified,,dev,addr:street y addr:housenumber de OSM
SYN-w402752730-1,synthetic,"Las Calandrias Nro. 151 Dpto. 201, Santa Anita, Lima, Lima",,,,,LAS CALANDRIAS,151,,,,150137,-12.044445,-76.967514,osm_unverified,,dev,tipo_omitido;num=Nro.;interior;loc=dist_prov_dep;sin_tildes
SYN-w402752730-2,synthetic,Calle Las Calandrias 151 - Santa Anita,,Lima,,CALLE,LAS CALANDRIAS,151,,,,150137,-12.044445,-76.967514,osm_unverified,,dev,tipo=Calle;loc=mixta;sin_tildes
OSM-w439195377,osm_addr,Avenida La Encalada 520,Santa Anita,Lima,Lima,AVENIDA,LA ENCALADA,520,,,,150137,-12.034842,-76.963537,osm_unverified,,test,addr:street y addr:housenumber de OSM
SYN-w439195377-1,synthetic,"AVDA. LA ENCALADA Nº 520, SANTA ANITA, LIMA",,,,AVENIDA,LA ENCALADA,520,,,,150137,-12.034842,-76.963537,osm_unverified,,test,tipo=Avda.;num=Nº;loc=dist_prov;mayusculas;sin_tildes
SYN-w439195377-2,synthetic,Av. La Encalada 520,Santa Anita,,,AVENIDA,LA ENCALADA,520,,,,150137,-12.034842,-76.963537,osm_unverified,,test,tipo=Av.;loc=campo
OSM-w563953623,osm_addr,Jirón Las Palmeras 375,Santa Anita,Lima,Lima,JIRON,LAS PALMERAS,375,,,,150137,-12.053405,-76.979426,osm_unverified,,dev,addr:street y addr:housenumber de OSM
SYN-w563953623-1,synthetic,"JR.Las Palmeras Nro 375, Santa Anita, Lima",,,,JIRON,LAS PALMERAS,375,,,,150137,-12.053405,-76.979426,osm_unverified,,dev,tipo=JR.;num=Nro;tipo_pegado;loc=dist_prov
SYN-w563953623-2,synthetic,"Las Palmeras 375, Santa Anita",,,,,LAS PALMERAS,375,,,,150137,-12.053405,-76.979426,osm_unverified,,dev,tipo_omitido;loc=coma;sin_tildes
OSM-n1932465988,osm_addr,El Sardinero 100,Santa María del Mar,Lima,Lima,,EL SARDINERO,100,,,,150138,-12.401628,-76.773465,osm_unverified,,dev,addr:street y addr:housenumber de OSM
SYN-n1932465988-1,synthetic,El Sardinero #100 - Santa Maria del Mar,,Lima,,,EL SARDINERO,100,,,,150138,-12.401628,-76.773465,osm_unverified,,dev,num=#;loc=mixta;sin_tildes
SYN-n1932465988-2,synthetic,El Sardinero Nº 100,Santa María del Mar,,,,EL SARDINERO,100,,,,150138,-12.401628,-76.773465,osm_unverified,,dev,num=Nº;loc=campo
OSM-n5064985704,osm_addr,Jirón San Francisco de Asis 476,Santa Rosa,Lima,Lima,JIRON,SAN FRANCISCO DE ASIS,476,,,,150139,-11.790863,-77.157352,osm_unverified,,dev,addr:street y addr:housenumber de OSM
SYN-n5064985704-1,synthetic,"JIRON SN FRANCISCO DE ASIS NRO 476 DPTO 1203, SANTA ROSA, LIMA, LIMA",,,,JIRON,SAN FRANCISCO DE ASIS,476,,,,150139,-11.790863,-77.157352,osm_unverified,,dev,titulo_abreviado;tipo=Jirón;num=Nro;interior;loc=dist_prov_dep;mayusculas;sin_tildes
SYN-n5064985704-2,synthetic,"Jr. Sn Francisco de Asis Nro. 476, Santa Rosa, Lima, Lima",,,,JIRON,SAN FRANCISCO DE ASIS,476,,,,150139,-11.790863,-77.157352,osm_unverified,,dev,titulo_abreviado;tipo=Jr.;num=Nro.;loc=dist_prov_dep;sin_tildes
OSM-w519427022,osm_addr,Pasaje Nicanor Asin 110,Santa Rosa,Lima,Lima,PASAJE,NICANOR ASIN,110,,,,150139,-11.788042,-77.156346,osm_unverified,,test,addr:street y addr:housenumber de OSM
SYN-w519427022-1,synthetic,"Nicanor Asin #110, Santa Rosa, Lima, Lima",,,,,NICANOR ASIN,110,,,,150139,-11.788042,-77.156346,osm_unverified,,test,tipo_omitido;num=#;loc=dist_prov_dep
SYN-w519427022-2,synthetic,"Psj. Nicanor Asin 110, Santa Rosa, Lima, Lima",,,,PASAJE,NICANOR ASIN,110,,,,150139,-11.788042,-77.156346,osm_unverified,,test,tipo=Psj.;loc=dist_prov_dep
OSM-w519427023,osm_addr,Pasaje San AnoTio de Padua 100,Santa Rosa,Lima,Lima,PASAJE,SAN ANOTIO DE PADUA,100,,,,150139,-11.791453,-77.157688,osm_unverified,,dev,addr:street y addr:housenumber de OSM
SYN-w519427023-1,synthetic,Psje. Sn AnoTio de Padua # 100,Santa Rosa,,,PASAJE,SAN ANOTIO DE PADUA,100,,,,150139,-11.791453,-77.157688,osm_unverified,,dev,titulo_abreviado;tipo=Psje.;num=#;loc=campo
SYN-w519427023-2,synthetic,Psje.Sn AnoTio de Padua N°100 Santa Rosa,,,,PASAJE,SAN ANOTIO DE PADUA,100,,,,150139,-11.791453,-77.157688,osm_unverified,,dev,titulo_abreviado;tipo=Psje.;num=N°;tipo_pegado;loc=espacio
OSM-w519712916,osm_addr,Jirón Las Amapolas 121,Santa Rosa,Lima,Lima,JIRON,LAS AMAPOLAS,121,,,,150139,-11.783735,-77.161395,osm_unverified,,test,addr:street y addr:housenumber de OSM
SYN-w519712916-1,synthetic,Jr. Las Amapolas 121 Int 4B - Santa Rosa,,Lima,,JIRON,LAS AMAPOLAS,121,,,,150139,-11.783735,-77.161395,osm_unverified,,test,tipo=Jr.;interior;loc=mixta;sin_tildes
SYN-w519712916-2,synthetic,Jr Las Amapolas 121 - Santa Rosa,,,,JIRON,LAS AMAPOLAS,121,,,,150139,-11.783735,-77.161395,osm_unverified,,test,tipo=Jr;loc=guion
OSM-n10218900634,osm_addr,Avenida Velasco Astete 1077,Santiago de Surco,Lima,Lima,AVENIDA,VELASCO ASTETE,1077,,,,150140,-12.112824,-76.984198,osm_unverified,,dev,addr:street y addr:housenumber de OSM
SYN-n10218900634-1,synthetic,"AV. Velasco Astete #1077, Santiago de Surco, Lima",,,,AVENIDA,VELASCO ASTETE,1077,,,,150140,-12.112824,-76.984198,osm_unverified,,dev,tipo=AV.;num=#;loc=dist_prov
SYN-n10218900634-2,synthetic,Av Velasco Astete # 1077 - Santiago de Surco,,,,AVENIDA,VELASCO ASTETE,1077,,,,150140,-12.112824,-76.984198,osm_unverified,,dev,tipo=Av;num=#;loc=guion
OSM-n11521006570,osm_addr,Avenida Velasco Astete 1298,Santiago de Surco,Lima,Lima,AVENIDA,VELASCO ASTETE,1298,,,,150140,-12.119057,-76.984483,osm_unverified,,dev,addr:street y addr:housenumber de OSM
SYN-n11521006570-1,synthetic,Avenida Velasco Astete 1298 Piso 2,Santiago de Surco,,,AVENIDA,VELASCO ASTETE,1298,,,,150140,-12.119057,-76.984483,osm_unverified,,dev,tipo=Avenida;interior;loc=campo;sin_tildes
SYN-n11521006570-2,synthetic,AVDA. VELASCO ASTETE 1298 SANTIAGO DE SURCO,,,,AVENIDA,VELASCO ASTETE,1298,,,,150140,-12.119057,-76.984483,osm_unverified,,dev,tipo=Avda.;loc=espacio;mayusculas;sin_tildes
OSM-n12331215807,osm_addr,Jirón Nelson Queirolo Queirolo 20,Santiago de Surco,Lima,Lima,JIRON,NELSON QUEIROLO QUEIROLO,20,,,,150140,-12.161398,-76.988505,osm_unverified,,test,addr:street y addr:housenumber de OSM
SYN-n12331215807-1,synthetic,Jiron Nelson Queirolo Queirolo # 20,Santiago de Surco,,,JIRON,NELSON QUEIROLO QUEIROLO,20,,,,150140,-12.161398,-76.988505,osm_unverified,,test,tipo=Jiron;num=#;loc=campo
SYN-n12331215807-2,synthetic,JR. NELSON QUEIROLO QUEIROLO NRO 20 - SANTIAGO DE SURCO,,,,JIRON,NELSON QUEIROLO QUEIROLO,20,,,,150140,-12.161398,-76.988505,osm_unverified,,test,tipo=JR.;num=Nro;loc=guion;mayusculas;sin_tildes
OSM-n1837131106,osm_addr,Jirón Camino Real 315,Santiago de Surco,Lima,Lima,JIRON,CAMINO REAL,315,,,,150140,-12.150765,-77.012507,osm_unverified,,test,addr:street y addr:housenumber de OSM
SYN-n1837131106-1,synthetic,"Jr. Camino Real 315, Santiago de Surco",,,,JIRON,CAMINO REAL,315,,,,150140,-12.150765,-77.012507,osm_unverified,,test,tipo=Jr.;loc=coma;sin_tildes
SYN-n1837131106-2,synthetic,Jiron Camino Real N° 315,Santiago de Surco,,,JIRON,CAMINO REAL,315,,,,150140,-12.150765,-77.012507,osm_unverified,,test,tipo=Jiron;num=N°;loc=campo
OSM-n4366632910,osm_addr,Avenida Lima Polo 261,Santiago de Surco,Lima,Lima,AVENIDA,LIMA POLO,261,,,,150140,-12.099301,-76.967418,osm_unverified,,dev,addr:street y addr:housenumber de OSM
SYN-n4366632910-1,synthetic,Avda.Lima Polo 261 Santiago de Surco,,,,AVENIDA,LIMA POLO,261,,,,150140,-12.099301,-76.967418,osm_unverified,,dev,tipo=Avda.;tipo_pegado;loc=espacio
SYN-n4366632910-2,synthetic,"AV.Lima Polo Nro. 261, Santiago de Surco, Lima, Lima",,,,AVENIDA,LIMA POLO,261,,,,150140,-12.099301,-76.967418,osm_unverified,,dev,tipo=AV.;num=Nro.;tipo_pegado;loc=dist_prov_dep;sin_tildes
OSM-n4366632911,osm_addr,Avenida Lima Polo 269,Santiago de Surco,Lima,Lima,AVENIDA,LIMA POLO,269,,,,150140,-12.099381,-76.967203,osm_unverified,,dev,addr:street y addr:housenumber de OSM
SYN-n4366632911-1,synthetic,"Av. Lima Polo 269, Santiago de Surco",,,,AVENIDA,LIMA POLO,269,,,,150140,-12.099381,-76.967203,osm_unverified,,dev,tipo=Av.;loc=coma
SYN-n4366632911-2,synthetic,"AV. Lima Polo N°269, Santiago de Surco, Lima, Lima",,,,AVENIDA,LIMA POLO,269,,,,150140,-12.099381,-76.967203,osm_unverified,,dev,tipo=AV.;num=N°;loc=dist_prov_dep
OSM-n4373086560,osm_addr,Avenida La Encalada 742,Santiago de Surco,Lima,Lima,AVENIDA,LA ENCALADA,742,,,,150140,-12.108377,-76.971928,osm_unverified,,dev,addr:street y addr:housenumber de OSM
SYN-n4373086560-1,synthetic,"Av La Encalada #742, Santiago de Surco, Lima, Lima",,,,AVENIDA,LA ENCALADA,742,,,,150140,-12.108377,-76.971928,osm_unverified,,dev,tipo=Av;num=#;loc=dist_prov_dep;sin_tildes
SYN-n4373086560-2,synthetic,"Av.La Encalada # 742, Santiago de Surco, Lima",,,,AVENIDA,LA ENCALADA,742,,,,150140,-12.108377,-76.971928,osm_unverified,,dev,tipo=Av.;num=#;tipo_pegado;loc=dist_prov;sin_tildes
OSM-n4514413521,osm_addr,Cerros de Camacho 655,Santiago de Surco,Lima,Lima,,CERROS DE CAMACHO,655,,,,150140,-12.089956,-76.964034,osm_unverified,,test,addr:street y addr:housenumber de OSM
SYN-n4514413521-1,synthetic,"Cerros de Camacho Nº 655, Santiago de Surco, Lima",,,,,CERROS DE CAMACHO,655,,,,150140,-12.089956,-76.964034,osm_unverified,,test,num=Nº;loc=dist_prov;sin_tildes
SYN-n4514413521-2,synthetic,"Cerros de Camacho N° 655, Santiago de Surco, Lima, Lima",,,,,CERROS DE CAMACHO,655,,,,150140,-12.089956,-76.964034,osm_unverified,,test,num=N°;loc=dist_prov_dep
OSM-n4557852605,osm_addr,Avenida Surco 100,Santiago de Surco,Lima,Lima,AVENIDA,SURCO,100,,,,150140,-12.147125,-77.014787,osm_unverified,,dev,addr:street y addr:housenumber de OSM
SYN-n4557852605-1,synthetic,avenida surco # 100 santiago de surco,,,,AVENIDA,SURCO,100,,,,150140,-12.147125,-77.014787,osm_unverified,,dev,tipo=Avenida;num=#;loc=espacio;minusculas
SYN-n4557852605-2,synthetic,AVDA. SURCO NRO. 100 SANTIAGO DE SURCO,,,,AVENIDA,SURCO,100,,,,150140,-12.147125,-77.014787,osm_unverified,,dev,tipo=Avda.;num=Nro.;loc=espacio;mayusculas;sin_tildes
OSM-n6563472147,osm_addr,Jirón Juan Antonio Pezet 170,Santiago de Surco,Lima,Lima,JIRON,JUAN ANTONIO PEZET,170,,,,150140,-12.132561,-76.996385,osm_unverified,,dev,addr:street y addr:housenumber de OSM
SYN-n6563472147-1,synthetic,Jr.Juan Antonio Pezet 170 Santiago de Surco,,,,JIRON,JUAN ANTONIO PEZET,170,,,,150140,-12.132561,-76.996385,osm_unverified,,dev,tipo=Jr.;tipo_pegado;loc=espacio
SYN-n6563472147-2,synthetic,Jr Juan Antonio Pezet Nro 170 Of. 502 - Santiago de Surco,,,,JIRON,JUAN ANTONIO PEZET,170,,,,150140,-12.132561,-76.996385,osm_unverified,,dev,tipo=Jr;num=Nro;interior;loc=guion
OSM-n7550344021,osm_addr,Jirón Alonso de Molina 1520,Santiago de Surco,Lima,Lima,JIRON,ALONSO DE MOLINA,1520,,,,150140,-12.105295,-76.963414,osm_unverified,,dev,addr:street y addr:housenumber de OSM
SYN-n7550344021-1,synthetic,JR. ALONSO DE MOLINA N° 1520,Santiago de Surco,,,JIRON,ALONSO DE MOLINA,1520,,,,150140,-12.105295,-76.963414,osm_unverified,,dev,tipo=JR.;num=N°;loc=campo;mayusculas;sin_tildes
SYN-n7550344021-2,synthetic,jr. Alonso de Molina #1520 - Santiago de Surco,,,,JIRON,ALONSO DE MOLINA,1520,,,,150140,-12.105295,-76.963414,osm_unverified,,dev,tipo=jr.;num=#;loc=guion
OSM-n8710374617,osm_addr,Calle Incahuasi 140,Santiago de Surco,Lima,Lima,CALLE,INCAHUASI,140,,,,150140,-12.130610,-77.006222,osm_unverified,,dev,addr:street y addr:housenumber de OSM
SYN-n8710374617-1,synthetic,Clle. Incahuasi #140,Santiago de Surco,,,CALLE,INCAHUASI,140,,,,150140,-12.130610,-77.006222,osm_unverified,,dev,tipo=Clle.;num=#;loc=campo
SYN-n8710374617-2,synthetic,Cll Incahuasi Nro. 140 Santiago de Surco,,,,CALLE,INCAHUASI,140,,,,150140,-12.130610,-77.006222,osm_unverified,,dev,tipo=Cll;num=Nro.;loc=espacio
OSM-w1017403443,osm_addr,Jirón La Conquista 160,Santiago de Surco,Lima,Lima,JIRON,LA CONQUISTA,160,,,,150140,-12.099422,-76.971900,osm_unverified,,dev,addr:street y addr:housenumber de OSM
SYN-w1017403443-1,synthetic,Jr La Conquista 160 Santiago de Surco,,,,JIRON,LA CONQUISTA,160,,,,150140,-12.099422,-76.971900,osm_unverified,,dev,tipo=Jr;loc=espacio;sin_tildes
SYN-w1017403443-2,synthetic,Jr La Conquista nro. 160 - Santiago de Surco,,,,JIRON,LA CONQUISTA,160,,,,150140,-12.099422,-76.971900,osm_unverified,,dev,tipo=Jr;num=nro.;loc=guion
OSM-w358987781,osm_addr,Santa Cruz Del Sur 190,Santiago de Surco,Lima,Lima,,SANTA CRUZ DEL SUR,190,,,,150140,-12.119126,-76.987706,osm_unverified,,test,addr:street y addr:housenumber de OSM
SYN-w358987781-1,synthetic,"sta. cruz del sur n° 190, santiago de surco, lima",,,,,SANTA CRUZ DEL SUR,190,,,,150140,-12.119126,-76.987706,osm_unverified,,test,titulo_abreviado;num=N°;loc=dist_prov;minusculas;sin_tildes
SYN-w358987781-2,synthetic,"Sta. Cruz Del Sur 190 Dpto 1203, Santiago de Surco",,,,,SANTA CRUZ DEL SUR,190,,,,150140,-12.119126,-76.987706,osm_unverified,,test,titulo_abreviado;interior;loc=coma;sin_tildes
OSM-w436625985,osm_addr,Jirón Henry Revet 295,Santiago de Surco,Lima,Lima,JIRON,HENRY REVET,295,,,,150140,-12.131157,-77.014796,osm_unverified,,test,addr:street y addr:housenumber de OSM
SYN-w436625985-1,synthetic,Jr Henry Revet #295 Santiago de Surco,,,,JIRON,HENRY REVET,295,,,,150140,-12.131157,-77.014796,osm_unverified,,test,tipo=Jr;num=#;loc=espacio
SYN-w436625985-2,synthetic,jr.henry revet #295 - santiago de surco,,,,JIRON,HENRY REVET,295,,,,150140,-12.131157,-77.014796,osm_unverified,,test,tipo=JR.;num=#;tipo_pegado;loc=guion;minusculas;sin_tildes
OSM-w436625986,osm_addr,Jirón Henry Revet 125,Santiago de Surco,Lima,Lima,JIRON,HENRY REVET,125,,,,150140,-12.131654,-77.015606,osm_unverified,,test,addr:street y addr:housenumber de OSM
SYN-w436625986-1,synthetic,Jr Henry Revet 125 - Santiago de Surco,,Lima,,JIRON,HENRY REVET,125,,,,150140,-12.131654,-77.015606,osm_unverified,,test,tipo=Jr;loc=mixta;sin_tildes
SYN-w436625986-2,synthetic,"Jiron Henry Revet N° 125 Int. 3, Santiago de Surco, Lima, Lima",,,,JIRON,HENRY REVET,125,,,,150140,-12.131654,-77.015606,osm_unverified,,test,tipo=Jirón;num=N°;interior;loc=dist_prov_dep;sin_tildes
OSM-w436625987,osm_addr,Jirón Arturo Lecca 228,Santiago de Surco,Lima,Lima,JIRON,ARTURO LECCA,228,,,,150140,-12.132219,-77.015842,osm_unverified,,dev,addr:street y addr:housenumber de OSM
SYN-w436625987-1,synthetic,"JR. Arturo Lecca Nro 228 Dpto. 201, Santiago de Surco, Lima, Lima",,,,JIRON,ARTURO LECCA,228,,,,150140,-12.132219,-77.015842,osm_unverified,,dev,tipo=JR.;num=Nro;interior;loc=dist_prov_dep
SYN-w436625987-2,synthetic,jr. Arturo Lecca Nº 228,Santiago de Surco,,,JIRON,ARTURO LECCA,228,,,,150140,-12.132219,-77.015842,osm_unverified,,dev,tipo=jr.;num=Nº;loc=campo
OSM-w436625988,osm_addr,Jirón Daniel Hernández 200,Santiago de Surco,Lima,Lima,JIRON,DANIEL HERNANDEZ,200,,,,150140,-12.132428,-77.015130,osm_unverified,,dev,addr:street y addr:housenumber de OSM
SYN-w436625988-1,synthetic,"Jr Daniel Hernandez N° 200, Santiago de Surco, Lima, Lima",,,,JIRON,DANIEL HERNANDEZ,200,,,,150140,-12.132428,-77.015130,osm_unverified,,dev,tipo=Jr;num=N°;loc=dist_prov_dep;sin_tildes
SYN-w436625988-2,synthetic,Jiron Daniel Hernandez Nº 200 - Santiago de Surco,,Lima,,JIRON,DANIEL HERNANDEZ,200,,,,150140,-12.132428,-77.015130,osm_unverified,,dev,tipo=Jirón;num=Nº;loc=mixta;sin_tildes
OSM-w436625989,osm_addr,Jirón Daniel Hernández 252,Santiago de Surco,Lima,Lima,JIRON,DANIEL HERNANDEZ,252,,,,150140,-12.132115,-77.014732,osm_unverified,,dev,addr:street y addr:housenumber de OSM
SYN-w436625989-1,synthetic,Jr.Daniel Hernández Nro 252,Santiago de Surco,,,JIRON,DANIEL HERNANDEZ,252,,,,150140,-12.132115,-77.014732,osm_unverified,,dev,tipo=Jr.;num=Nro;tipo_pegado;loc=campo
SYN-w436625989-2,synthetic,"jr. daniel hernández nº 252 int. 3, santiago de surco, lima",,,,JIRON,DANIEL HERNANDEZ,252,,,,150140,-12.132115,-77.014732,osm_unverified,,dev,tipo=jr.;num=Nº;interior;loc=dist_prov;minusculas
OSM-w458012542,osm_addr,Avenida Surco 255,Santiago de Surco,Lima,Lima,AVENIDA,SURCO,255,,,,150140,-12.144251,-76.997659,osm_unverified,,dev,addr:street y addr:housenumber de OSM
SYN-w458012542-1,synthetic,av. Surco 255,Santiago de Surco,,,AVENIDA,SURCO,255,,,,150140,-12.144251,-76.997659,osm_unverified,,dev,tipo=av.;loc=campo
SYN-w458012542-2,synthetic,Av. Surco N°255 - Santiago de Surco,,,,AVENIDA,SURCO,255,,,,150140,-12.144251,-76.997659,osm_unverified,,dev,tipo=Av.;num=N°;loc=guion
OSM-n12896200367,osm_addr,Pasaje del Boceto 107,Surquillo,Lima,Lima,PASAJE,DEL BOCETO,107,,,,150141,-12.106443,-77.024983,osm_unverified,,dev,addr:street y addr:housenumber de OSM
SYN-n12896200367-1,synthetic,Psje. del Boceto #107 Int. 3 - Surquillo,,,,PASAJE,DEL BOCETO,107,,,,150141,-12.106443,-77.024983,osm_unverified,,dev,tipo=Psje.;num=#;interior;loc=guion
SYN-n12896200367-2,synthetic,"Pasaje del Boceto N°107, Surquillo, Lima, Lima",,,,PASAJE,DEL BOCETO,107,,,,150141,-12.106443,-77.024983,osm_unverified,,dev,tipo=Pasaje;num=N°;loc=dist_prov_dep
OSM-n12896200376,osm_addr,Pasaje de la Perspectiva 161,Surquillo,Lima,Lima,PASAJE,DE LA PERSPECTIVA,161,,,,150141,-12.106517,-77.024862,osm_unverified,,dev,addr:street y addr:housenumber de OSM
SYN-n12896200376-1,synthetic,Psje. de la Perspectiva #161,Surquillo,,,PASAJE,DE LA PERSPECTIVA,161,,,,150141,-12.106517,-77.024862,osm_unverified,,dev,tipo=Psje.;num=#;loc=campo;sin_tildes
SYN-n12896200376-2,synthetic,Pasaje de la Perspectiva N° 161 - Surquillo,,Lima,,PASAJE,DE LA PERSPECTIVA,161,,,,150141,-12.106517,-77.024862,osm_unverified,,dev,tipo=Pasaje;num=N°;loc=mixta;sin_tildes
OSM-n12896200423,osm_addr,Plaza de la Integración 108,Surquillo,Lima,Lima,PLAZA,DE LA INTEGRACION,108,,,,150141,-12.106767,-77.024972,osm_unverified,,dev,addr:street y addr:housenumber de OSM
SYN-n12896200423-1,synthetic,de la Integración N°108,Surquillo,,,,DE LA INTEGRACION,108,,,,150141,-12.106767,-77.024972,osm_unverified,,dev,tipo_omitido;num=N°;loc=campo
SYN-n12896200423-2,synthetic,"Plaza de la Integracion Nro 108 Dpto. 201, Surquillo",,,,PLAZA,DE LA INTEGRACION,108,,,,150141,-12.106767,-77.024972,osm_unverified,,dev,tipo=Plaza;num=Nro;interior;loc=coma;sin_tildes
OSM-n12896218026,osm_addr,Plaza de la Composición 103,Surquillo,Lima,Lima,PLAZA,DE LA COMPOSICION,103,,,,150141,-12.106917,-77.024352,osm_unverified,,test,addr:street y addr:housenumber de OSM
SYN-n12896218026-1,synthetic,"Pza. de la Composición Nro 103 Int. 3, Surquillo, Lima, Lima",,,,PLAZA,DE LA COMPOSICION,103,,,,150141,-12.106917,-77.024352,osm_unverified,,test,tipo=Pza.;num=Nro;interior;loc=dist_prov_dep
SYN-n12896218026-2,synthetic,Plaza de la Composicion nro. 103 - Surquillo,,Lima,,PLAZA,DE LA COMPOSICION,103,,,,150141,-12.106917,-77.024352,osm_unverified,,test,tipo=Plaza;num=nro.;loc=mixta;sin_tildes
OSM-n13714721792,osm_addr,Jirón Dante 1029,Surquillo,Lima,Lima,JIRON,DANTE,1029,,,,150141,-12.110808,-77.023659,osm_unverified,,test,addr:street y addr:housenumber de OSM
SYN-n13714721792-1,synthetic,"jr. Dante N°1029, Surquillo, Lima, Lima",,,,JIRON,DANTE,1029,,,,150141,-12.110808,-77.023659,osm_unverified,,test,tipo=jr.;num=N°;loc=dist_prov_dep
SYN-n13714721792-2,synthetic,Jiron Dante Nro 1029,Surquillo,,,JIRON,DANTE,1029,,,,150141,-12.110808,-77.023659,osm_unverified,,test,tipo=Jiron;num=Nro;loc=campo
OSM-n13714721793,osm_addr,Jirón Dante 1023,Surquillo,Lima,Lima,JIRON,DANTE,1023,,,,150141,-12.110856,-77.023659,osm_unverified,,test,addr:street y addr:housenumber de OSM
SYN-n13714721793-1,synthetic,"JR. Dante nro. 1023, Surquillo",,,,JIRON,DANTE,1023,,,,150141,-12.110856,-77.023659,osm_unverified,,test,tipo=JR.;num=nro.;loc=coma
SYN-n13714721793-2,synthetic,"Jr.Dante N°1023, Surquillo",,,,JIRON,DANTE,1023,,,,150141,-12.110856,-77.023659,osm_unverified,,test,tipo=Jr.;num=N°;tipo_pegado;loc=coma;sin_tildes
OSM-n13714721795,osm_addr,Jirón Lizardo Montero 799,Surquillo,Lima,Lima,JIRON,LIZARDO MONTERO,799,,,,150141,-12.111065,-77.023640,osm_unverified,,test,addr:street y addr:housenumber de OSM
SYN-n13714721795-1,synthetic,"Lizardo Montero Nº 799, Surquillo, Lima, Lima",,,,,LIZARDO MONTERO,799,,,,150141,-12.111065,-77.023640,osm_unverified,,test,tipo_omitido;num=Nº;loc=dist_prov_dep
SYN-n13714721795-2,synthetic,"Jiron Lizardo Montero N°799, Surquillo, Lima, Lima",,,,JIRON,LIZARDO MONTERO,799,,,,150141,-12.111065,-77.023640,osm_unverified,,test,tipo=Jirón;num=N°;loc=dist_prov_dep;sin_tildes
OSM-n13714721796,osm_addr,Jirón Lizardo Montero 765,Surquillo,Lima,Lima,JIRON,LIZARDO MONTERO,765,,,,150141,-12.111079,-77.023889,osm_unverified,,test,addr:street y addr:housenumber de OSM
SYN-n13714721796-1,synthetic,jr. lizardo montero #765 - surquillo,,,,JIRON,LIZARDO MONTERO,765,,,,150141,-12.111079,-77.023889,osm_unverified,,test,tipo=Jr.;num=#;loc=guion;minusculas
SYN-n13714721796-2,synthetic,"JR. Lizardo Montero # 765 Piso 2, Surquillo, Lima",,,,JIRON,LIZARDO MONTERO,765,,,,150141,-12.111079,-77.023889,osm_unverified,,test,tipo=JR.;num=#;interior;loc=dist_prov
OSM-n13714721797,osm_addr,Calle Santa Rosa 1000,Surquillo,Lima,Lima,CALLE,SANTA ROSA,1000,,,,150141,-12.111124,-77.024461,osm_unverified,,test,addr:street y addr:housenumber de OSM
SYN-n13714721797-1,synthetic,Cll Santa Rosa Nº 1000 - Surquillo,,,,CALLE,SANTA ROSA,1000,,,,150141,-12.111124,-77.024461,osm_unverified,,test,tipo=Cll;num=Nº;loc=guion
SYN-n13714721797-2,synthetic,"CLL SANTA ROSA 1000, SURQUILLO, LIMA, LIMA",,,,CALLE,SANTA ROSA,1000,,,,150141,-12.111124,-77.024461,osm_unverified,,test,tipo=Cll;loc=dist_prov_dep;mayusculas
OSM-n13750666432,osm_addr,Avenida Tomás Marsano 1615,Surquillo,Lima,Lima,AVENIDA,TOMAS MARSANO,1615,,,,150141,-12.118607,-77.007761,osm_unverified,,dev,addr:street y addr:housenumber de OSM
SYN-n13750666432-1,synthetic,AV.Tomás Marsano Nº 1615 - Surquillo,,Lima,,AVENIDA,TOMAS MARSANO,1615,,,,150141,-12.118607,-77.007761,osm_unverified,,dev,tipo=AV.;num=Nº;tipo_pegado;loc=mixta
SYN-n13750666432-2,synthetic,"av. Tomas Marsano Nro. 1615, Surquillo, Lima",,,,AVENIDA,TOMAS MARSANO,1615,,,,150141,-12.118607,-77.007761,osm_unverified,,dev,tipo=av.;num=Nro.;loc=dist_prov;sin_tildes
OSM-n14014803403,osm_addr,Avenida Manuel Villarán 1375,Surquillo,Lima,Lima,AVENIDA,MANUEL VILLARAN,1375,,,,150141,-12.119766,-76.997784,osm_unverified,,dev,addr:street y addr:housenumber de OSM
SYN-n14014803403-1,synthetic,AV. MANUEL VILLARAN NRO. 1375,Surquillo,,,AVENIDA,MANUEL VILLARAN,1375,,,,150141,-12.119766,-76.997784,osm_unverified,,dev,tipo=Av.;num=nro.;loc=campo;mayusculas;sin_tildes
SYN-n14014803403-2,synthetic,Avda.Manuel Villarán Nº 1375 - Surquillo,,Lima,,AVENIDA,MANUEL VILLARAN,1375,,,,150141,-12.119766,-76.997784,osm_unverified,,dev,tipo=Avda.;num=Nº;tipo_pegado;loc=mixta
OSM-n3939803367,osm_addr,Avenida Angamos Este 1450,Surquillo,Lima,Lima,AVENIDA,ANGAMOS ESTE,1450,,,,150141,-12.113092,-77.016767,osm_unverified,,test,addr:street y addr:housenumber de OSM
SYN-n3939803367-1,synthetic,Av. Angamos Este N°1450,Surquillo,,,AVENIDA,ANGAMOS ESTE,1450,,,,150141,-12.113092,-77.016767,osm_unverified,,test,tipo=Av.;num=N°;loc=campo
SYN-n3939803367-2,synthetic,"Angamos Este 1450, Surquillo, Lima, Lima",,,,,ANGAMOS ESTE,1450,,,,150141,-12.113092,-77.016767,osm_unverified,,test,tipo_omitido;loc=dist_prov_dep;sin_tildes
OSM-n5911731586,osm_addr,Jirón Narciso de la Colina 1168,Surquillo,Lima,Lima,JIRON,NARCISO DE LA COLINA,1168,,,,150141,-12.118103,-77.018824,osm_unverified,,dev,addr:street y addr:housenumber de OSM
SYN-n5911731586-1,synthetic,jr. Narciso de la Colina Nº 1168 - Surquillo,,,,JIRON,NARCISO DE LA COLINA,1168,,,,150141,-12.118103,-77.018824,osm_unverified,,dev,tipo=jr.;num=Nº;loc=guion
SYN-n5911731586-2,synthetic,Jr. Narciso de la Colina N° 1168 - Surquillo,,,,JIRON,NARCISO DE LA COLINA,1168,,,,150141,-12.118103,-77.018824,osm_unverified,,dev,tipo=Jr.;num=N°;loc=guion
OSM-n9409228563,osm_addr,Jirón Luis Varela y Orbegoso 630,Surquillo,Lima,Lima,JIRON,LUIS VARELA Y ORBEGOSO,630,,,,150141,-12.114937,-77.025140,osm_unverified,,dev,addr:street y addr:housenumber de OSM
SYN-n9409228563-1,synthetic,LUIS VARELA Y ORBEGOSO NRO 630 SURQUILLO,,,,,LUIS VARELA Y ORBEGOSO,630,,,,150141,-12.114937,-77.025140,osm_unverified,,dev,tipo_omitido;num=Nro;loc=espacio;mayusculas
SYN-n9409228563-2,synthetic,JR. Luis Varela y Orbegoso #630 - Surquillo,,Lima,,JIRON,LUIS VARELA Y ORBEGOSO,630,,,,150141,-12.114937,-77.025140,osm_unverified,,dev,tipo=JR.;num=#;loc=mixta
OSM-n9409229339,osm_addr,Jirón Mariano Jurado de los Reyes 175,Surquillo,Lima,Lima,JIRON,MARIANO JURADO DE LOS REYES,175,,,,150141,-12.114424,-77.024608,osm_unverified,,test,addr:street y addr:housenumber de OSM
SYN-n9409229339-1,synthetic,Jr Mariano Jurado de los Reyes N° 175 - Surquillo,,,,JIRON,MARIANO JURADO DE LOS REYES,175,,,,150141,-12.114424,-77.024608,osm_unverified,,test,tipo=Jr;num=N°;loc=guion;sin_tildes
SYN-n9409229339-2,synthetic,"jr.mariano jurado de los reyes n° 175 int. 3, surquillo, lima, lima",,,,JIRON,MARIANO JURADO DE LOS REYES,175,,,,150141,-12.114424,-77.024608,osm_unverified,,test,tipo=jr.;num=N°;tipo_pegado;interior;loc=dist_prov_dep;minusculas
OSM-w1395498914,osm_addr,Avenida Genaro Castro Iglesias 181,Surquillo,Lima,Lima,AVENIDA,GENARO CASTRO IGLESIAS,181,,,,150141,-12.118357,-77.013683,osm_unverified,,test,addr:street y addr:housenumber de OSM
SYN-w1395498914-1,synthetic,avenida genaro castro iglesias #181 piso 2 surquillo,,,,AVENIDA,GENARO CASTRO IGLESIAS,181,,,,150141,-12.118357,-77.013683,osm_unverified,,test,tipo=Avenida;num=#;interior;loc=espacio;minusculas;sin_tildes
SYN-w1395498914-2,synthetic,Genaro Castro Iglesias #181,Surquillo,,,,GENARO CASTRO IGLESIAS,181,,,,150141,-12.118357,-77.013683,osm_unverified,,test,tipo_omitido;num=#;loc=campo;sin_tildes
OSM-w359638264,osm_addr,Avenida Tomás Marsano 1411,Surquillo,Lima,Lima,AVENIDA,TOMAS MARSANO,1411,,,,150141,-12.116581,-77.008920,osm_unverified,,dev,addr:street y addr:housenumber de OSM
SYN-w359638264-1,synthetic,Tomás Marsano Nº 1411 - Surquillo,,,,,TOMAS MARSANO,1411,,,,150141,-12.116581,-77.008920,osm_unverified,,dev,tipo_omitido;num=Nº;loc=guion
SYN-w359638264-2,synthetic,Tomás Marsano #1411 - Surquillo,,,,,TOMAS MARSANO,1411,,,,150141,-12.116581,-77.008920,osm_unverified,,dev,tipo_omitido;num=#;loc=guion
OSM-w437676692,osm_addr,Avenida Andrés Aramburú 732,Surquillo,Lima,Lima,AVENIDA,ANDRES ARAMBURU,732,,,,150141,-12.102593,-77.023257,osm_unverified,,dev,addr:street y addr:housenumber de OSM
SYN-w437676692-1,synthetic,"Andrés Aramburú N° 732, Surquillo, Lima, Lima",,,,,ANDRES ARAMBURU,732,,,,150141,-12.102593,-77.023257,osm_unverified,,dev,tipo_omitido;num=N°;loc=dist_prov_dep
SYN-w437676692-2,synthetic,Avenida Andres Aramburu Nro 732 - Surquillo,,Lima,,AVENIDA,ANDRES ARAMBURU,732,,,,150141,-12.102593,-77.023257,osm_unverified,,dev,tipo=Avenida;num=Nro;loc=mixta;sin_tildes
OSM-w615416668,osm_addr,Avenida San Felipe 1050,Surquillo,Lima,Lima,AVENIDA,SAN FELIPE,1050,,,,150141,-12.110522,-77.016120,osm_unverified,,dev,addr:street y addr:housenumber de OSM
SYN-w615416668-1,synthetic,Av Sn Felipe nro. 1050 Surquillo,,,,AVENIDA,SAN FELIPE,1050,,,,150141,-12.110522,-77.016120,osm_unverified,,dev,titulo_abreviado;tipo=Av;num=nro.;loc=espacio
SYN-w615416668-2,synthetic,"Avda.San Felipe N°1050, Surquillo",,,,AVENIDA,SAN FELIPE,1050,,,,150141,-12.110522,-77.016120,osm_unverified,,dev,tipo=Avda.;num=N°;tipo_pegado;loc=coma
OSM-w734321303,osm_addr,Jirón Salaverry 1495,Surquillo,Lima,Lima,JIRON,SALAVERRY,1495,,,,150141,-12.108642,-77.017497,osm_unverified,,dev,addr:street y addr:housenumber de OSM
SYN-w734321303-1,synthetic,"Jirón Salaverry 1495, Surquillo, Lima",,,,JIRON,SALAVERRY,1495,,,,150141,-12.108642,-77.017497,osm_unverified,,dev,tipo=Jirón;loc=dist_prov
SYN-w734321303-2,synthetic,JR. Salaverry Nº 1495 - Surquillo,,,,JIRON,SALAVERRY,1495,,,,150141,-12.108642,-77.017497,osm_unverified,,dev,tipo=JR.;num=Nº;loc=guion;sin_tildes
OSM-n11752818211,osm_addr,Avenida Juan Velasco Alvarado 1248,Villa El Salvador,Lima,Lima,AVENIDA,JUAN VELASCO ALVARADO,1248,,,,150142,-12.211155,-76.945394,osm_unverified,,dev,addr:street y addr:housenumber de OSM
SYN-n11752818211-1,synthetic,"Av Juan Velasco Alvarado 1248, Ves, Lima",,,,AVENIDA,JUAN VELASCO ALVARADO,1248,,,,150142,-12.211155,-76.945394,osm_unverified,,dev,tipo=Av;alias_distrito;loc=dist_prov
SYN-n11752818211-2,synthetic,"AV. JUAN VELASCO ALVARADO Nº 1248, VES, LIMA",,,,AVENIDA,JUAN VELASCO ALVARADO,1248,,,,150142,-12.211155,-76.945394,osm_unverified,,dev,tipo=AV.;num=Nº;alias_distrito;loc=dist_prov;mayusculas;sin_tildes
OSM-n12070802280,osm_addr,Avenida Mateo Pumacahua 15828,Villa El Salvador,Lima,Lima,AVENIDA,MATEO PUMACAHUA,15828,,,,150142,-12.190280,-76.954781,osm_unverified,,test,addr:street y addr:housenumber de OSM
SYN-n12070802280-1,synthetic,av mateo pumacahua 15828,Ves,,,AVENIDA,MATEO PUMACAHUA,15828,,,,150142,-12.190280,-76.954781,osm_unverified,,test,tipo=Av;alias_distrito;loc=campo;minusculas;sin_tildes
SYN-n12070802280-2,synthetic,Av Mateo Pumacahua 15828 Ves,,,,AVENIDA,MATEO PUMACAHUA,15828,,,,150142,-12.190280,-76.954781,osm_unverified,,test,tipo=Av;alias_distrito;loc=espacio
OSM-n4101116990,osm_addr,Avenida Revolución 1693,Villa El Salvador,Lima,Lima,AVENIDA,REVOLUCION,1693,,,,150142,-12.207905,-76.939835,osm_unverified,,test,addr:street y addr:housenumber de OSM
SYN-n4101116990-1,synthetic,"av. Revolucion Nº 1693, Ves",,,,AVENIDA,REVOLUCION,1693,,,,150142,-12.207905,-76.939835,osm_unverified,,test,tipo=av.;num=Nº;alias_distrito;loc=coma;sin_tildes
SYN-n4101116990-2,synthetic,Avenida Revolucion N°1693 - Villa El Salvador,,,,AVENIDA,REVOLUCION,1693,,,,150142,-12.207905,-76.939835,osm_unverified,,test,tipo=Avenida;num=N°;loc=guion;sin_tildes
OSM-n4351298777,osm_addr,Avenida Revolución 1784,Villa El Salvador,Lima,Lima,AVENIDA,REVOLUCION,1784,,,,150142,-12.209426,-76.939220,osm_unverified,,test,addr:street y addr:housenumber de OSM
SYN-n4351298777-1,synthetic,"Av Revolución N°1784, Ves",,,,AVENIDA,REVOLUCION,1784,,,,150142,-12.209426,-76.939220,osm_unverified,,test,tipo=Av;num=N°;alias_distrito;loc=coma
SYN-n4351298777-2,synthetic,REVOLUCIÓN Nº 1784,Ves,,,,REVOLUCION,1784,,,,150142,-12.209426,-76.939220,osm_unverified,,test,tipo_omitido;num=Nº;alias_distrito;loc=campo;mayusculas
OSM-n4506522605,osm_addr,Avenida El Sol 2241,Villa El Salvador,Lima,Lima,AVENIDA,EL SOL,2241,,,,150142,-12.210340,-76.960225,osm_unverified,,test,addr:street y addr:housenumber de OSM
SYN-n4506522605-1,synthetic,Av. El Sol 2241,Ves,,,AVENIDA,EL SOL,2241,,,,150142,-12.210340,-76.960225,osm_unverified,,test,tipo=Av.;alias_distrito;loc=campo
SYN-n4506522605-2,synthetic,Avda.El Sol N° 2241 - Ves,,,,AVENIDA,EL SOL,2241,,,,150142,-12.210340,-76.960225,osm_unverified,,test,tipo=Avda.;num=N°;tipo_pegado;alias_distrito;loc=guion
OSM-n4579391692,osm_addr,Avenida Separadora Industrial 1828,Villa El Salvador,Lima,Lima,AVENIDA,SEPARADORA INDUSTRIAL,1828,,,,150142,-12.207183,-76.934039,osm_unverified,,test,addr:street y addr:housenumber de OSM
SYN-n4579391692-1,synthetic,AVENIDA SEPARADORA INDUSTRIAL # 1828 - VILLA EL SALVADOR,,Lima,,AVENIDA,SEPARADORA INDUSTRIAL,1828,,,,150142,-12.207183,-76.934039,osm_unverified,,test,tipo=Avenida;num=#;loc=mixta;mayusculas;sin_tildes
SYN-n4579391692-2,synthetic,Separadora Industrial 1828 Ves,,,,,SEPARADORA INDUSTRIAL,1828,,,,150142,-12.207183,-76.934039,osm_unverified,,test,tipo_omitido;alias_distrito;loc=espacio;sin_tildes
OSM-n4872985721,osm_addr,Avenida El Sol 715,Villa El Salvador,Lima,Lima,AVENIDA,EL SOL,715,,,,150142,-12.210002,-76.958621,osm_unverified,,test,addr:street y addr:housenumber de OSM
SYN-n4872985721-1,synthetic,Av El Sol #715 - Ves,,Lima,,AVENIDA,EL SOL,715,,,,150142,-12.210002,-76.958621,osm_unverified,,test,tipo=Av;num=#;alias_distrito;loc=mixta
SYN-n4872985721-2,synthetic,"AVENIDA EL SOL N°715 PISO 2, VILLA EL SALVADOR, LIMA",,,,AVENIDA,EL SOL,715,,,,150142,-12.210002,-76.958621,osm_unverified,,test,tipo=Avenida;num=N°;interior;loc=dist_prov;mayusculas;sin_tildes
OSM-n5615291446,osm_addr,Avenida Separadora Industrial 300,Villa El Salvador,Lima,Lima,AVENIDA,SEPARADORA INDUSTRIAL,300,,,,150142,-12.186812,-76.945069,osm_unverified,,test,addr:street y addr:housenumber de OSM
SYN-n5615291446-1,synthetic,Av Separadora Industrial 300 Villa El Salvador,,,,AVENIDA,SEPARADORA INDUSTRIAL,300,,,,150142,-12.186812,-76.945069,osm_unverified,,test,tipo=Av;loc=espacio;sin_tildes
SYN-n5615291446-2,synthetic,av. Separadora Industrial nro. 300 Villa El Salvador,,,,AVENIDA,SEPARADORA INDUSTRIAL,300,,,,150142,-12.186812,-76.945069,osm_unverified,,test,tipo=av.;num=nro.;loc=espacio
OSM-n6858488866,osm_addr,Avenida 1ro de Mayo 789,Villa El Salvador,Lima,Lima,AVENIDA,1RO DE MAYO,789,,,,150142,-12.193195,-76.948510,osm_unverified,,dev,addr:street y addr:housenumber de OSM
SYN-n6858488866-1,synthetic,AVENIDA 1RO DE MAYO N° 789 - VES,,,,AVENIDA,1RO DE MAYO,789,,,,150142,-12.193195,-76.948510,osm_unverified,,dev,tipo=Avenida;num=N°;alias_distrito;loc=guion;mayusculas;sin_tildes
SYN-n6858488866-2,synthetic,Av. 1ro de Mayo 789 - Villa El Salvador,,,,AVENIDA,1RO DE MAYO,789,,,,150142,-12.193195,-76.948510,osm_unverified,,dev,tipo=Av.;loc=guion;sin_tildes
OSM-n7134757765,osm_addr,Avenida Central 1849,Villa El Salvador,Lima,Lima,AVENIDA,CENTRAL,1849,,,,150142,-12.209815,-76.936072,osm_unverified,,test,addr:street y addr:housenumber de OSM
SYN-n7134757765-1,synthetic,"av. central nro. 1849, villa el salvador",,,,AVENIDA,CENTRAL,1849,,,,150142,-12.209815,-76.936072,osm_unverified,,test,tipo=AV.;num=Nro.;loc=coma;minusculas;sin_tildes
SYN-n7134757765-2,synthetic,"central #1849, villa el salvador, lima, lima",,,,,CENTRAL,1849,,,,150142,-12.209815,-76.936072,osm_unverified,,test,tipo_omitido;num=#;loc=dist_prov_dep;minusculas
OSM-n7722200837,osm_addr,Avenida Pachacútec 403,Villa El Salvador,Lima,Lima,AVENIDA,PACHACUTEC,403,,,,150142,-12.184748,-76.941524,osm_unverified,,test,addr:street y addr:housenumber de OSM
SYN-n7722200837-1,synthetic,"av. Pachacútec N°403, Villa El Salvador, Lima, Lima",,,,AVENIDA,PACHACUTEC,403,,,,150142,-12.184748,-76.941524,osm_unverified,,test,tipo=av.;num=N°;loc=dist_prov_dep
SYN-n7722200837-2,synthetic,"Avda. Pachacútec Nº 403, Villa El Salvador, Lima",,,,AVENIDA,PACHACUTEC,403,,,,150142,-12.184748,-76.941524,osm_unverified,,test,tipo=Avda.;num=Nº;loc=dist_prov
OSM-n7744030877,osm_addr,Avenida 1ro de Mayo 551,Villa El Salvador,Lima,Lima,AVENIDA,1RO DE MAYO,551,,,,150142,-12.191573,-76.945692,osm_unverified,,dev,addr:street y addr:housenumber de OSM
SYN-n7744030877-1,synthetic,"AVDA. 1RO DE MAYO #551, VILLA EL SALVADOR, LIMA",,,,AVENIDA,1RO DE MAYO,551,,,,150142,-12.191573,-76.945692,osm_unverified,,dev,tipo=Avda.;num=#;loc=dist_prov;mayusculas
SYN-n7744030877-2,synthetic,"Avda. 1ro de Mayo N° 551, Villa El Salvador",,,,AVENIDA,1RO DE MAYO,551,,,,150142,-12.191573,-76.945692,osm_unverified,,dev,tipo=Avda.;num=N°;loc=coma
OSM-w370731934,osm_addr,Avenida Bolívar 100,Villa El Salvador,Lima,Lima,AVENIDA,BOLIVAR,100,,,,150142,-12.214710,-76.930980,osm_unverified,,dev,addr:street y addr:housenumber de OSM
SYN-w370731934-1,synthetic,"Avenida Bolívar Nro. 100, Villa El Salvador",,,,AVENIDA,BOLIVAR,100,,,,150142,-12.214710,-76.930980,osm_unverified,,dev,tipo=Avenida;num=Nro.;loc=coma
SYN-w370731934-2,synthetic,"av. Bolivar # 100, Villa El Salvador, Lima",,,,AVENIDA,BOLIVAR,100,,,,150142,-12.214710,-76.930980,osm_unverified,,dev,tipo=av.;num=#;loc=dist_prov;sin_tildes
OSM-w370800717,osm_addr,Avenida Bolívar 697,Villa El Salvador,Lima,Lima,AVENIDA,BOLIVAR,697,,,,150142,-12.212763,-76.931297,osm_unverified,,dev,addr:street y addr:housenumber de OSM
SYN-w370800717-1,synthetic,avenida bolivar nro 697 dpto. 201,Villa El Salvador,,,AVENIDA,BOLIVAR,697,,,,150142,-12.212763,-76.931297,osm_unverified,,dev,tipo=Avenida;num=Nro;interior;loc=campo;minusculas;sin_tildes
SYN-w370800717-2,synthetic,Avenida Bolivar Nro. 697,Villa El Salvador,,,AVENIDA,BOLIVAR,697,,,,150142,-12.212763,-76.931297,osm_unverified,,dev,tipo=Avenida;num=Nro.;loc=campo;sin_tildes
OSM-w374030709,osm_addr,Avenida Micaela Bastidas 712,Villa El Salvador,Lima,Lima,AVENIDA,MICAELA BASTIDAS,712,,,,150142,-12.199186,-76.952332,osm_unverified,,dev,addr:street y addr:housenumber de OSM
SYN-w374030709-1,synthetic,Avenida Micaela Bastidas #712 - Villa El Salvador,,,,AVENIDA,MICAELA BASTIDAS,712,,,,150142,-12.199186,-76.952332,osm_unverified,,dev,tipo=Avenida;num=#;loc=guion
SYN-w374030709-2,synthetic,AV.Micaela Bastidas 712 Villa El Salvador,,,,AVENIDA,MICAELA BASTIDAS,712,,,,150142,-12.199186,-76.952332,osm_unverified,,dev,tipo=AV.;tipo_pegado;loc=espacio;sin_tildes
OSM-w374030714,osm_addr,Avenida Los Álamos 15,Villa El Salvador,Lima,Lima,AVENIDA,LOS ALAMOS,15,,,,150142,-12.201485,-76.946801,osm_unverified,,test,addr:street y addr:housenumber de OSM
SYN-w374030714-1,synthetic,AV LOS ALAMOS Nº 15 VILLA EL SALVADOR,,,,AVENIDA,LOS ALAMOS,15,,,,150142,-12.201485,-76.946801,osm_unverified,,test,tipo=Av;num=Nº;loc=espacio;mayusculas;sin_tildes
SYN-w374030714-2,synthetic,AV. LOS ALAMOS # 15 VES,,,,AVENIDA,LOS ALAMOS,15,,,,150142,-12.201485,-76.946801,osm_unverified,,test,tipo=AV.;num=#;alias_distrito;loc=espacio;mayusculas;sin_tildes
OSM-w439435668,osm_addr,Avenida Jorge Chávez 200,Villa El Salvador,Lima,Lima,AVENIDA,JORGE CHAVEZ,200,,,,150142,-12.210445,-76.936008,osm_unverified,,test,addr:street y addr:housenumber de OSM
SYN-w439435668-1,synthetic,"av. Jorge Chavez #200, Villa El Salvador, Lima, Lima",,,,AVENIDA,JORGE CHAVEZ,200,,,,150142,-12.210445,-76.936008,osm_unverified,,test,tipo=av.;num=#;loc=dist_prov_dep;sin_tildes
SYN-w439435668-2,synthetic,AV JORGE CHÁVEZ N°200 VILLA EL SALVADOR,,,,AVENIDA,JORGE CHAVEZ,200,,,,150142,-12.210445,-76.936008,osm_unverified,,test,tipo=Av;num=N°;loc=espacio;mayusculas
OSM-w455608145,osm_addr,Avenida Micaela Bastidas 643,Villa El Salvador,Lima,Lima,AVENIDA,MICAELA BASTIDAS,643,,,,150142,-12.200125,-76.951571,osm_unverified,,dev,addr:street y addr:housenumber de OSM
SYN-w455608145-1,synthetic,av. micaela bastidas 643 - villa el salvador,,,,AVENIDA,MICAELA BASTIDAS,643,,,,150142,-12.200125,-76.951571,osm_unverified,,dev,tipo=av.;loc=guion;minusculas;sin_tildes
SYN-w455608145-2,synthetic,"av. Micaela Bastidas Nº 643, Villa El Salvador, Lima",,,,AVENIDA,MICAELA BASTIDAS,643,,,,150142,-12.200125,-76.951571,osm_unverified,,dev,tipo=av.;num=Nº;loc=dist_prov;sin_tildes
OSM-w475381724,osm_addr,Avenida Los Algarrobos 438,Villa El Salvador,Lima,Lima,AVENIDA,LOS ALGARROBOS,438,,,,150142,-12.206780,-76.964947,osm_unverified,,dev,addr:street y addr:housenumber de OSM
SYN-w475381724-1,synthetic,"Av Los Algarrobos 438, Villa El Salvador, Lima",,,,AVENIDA,LOS ALGARROBOS,438,,,,150142,-12.206780,-76.964947,osm_unverified,,dev,tipo=Av;loc=dist_prov;sin_tildes
SYN-w475381724-2,synthetic,"av. los algarrobos # 438, ves, lima",,,,AVENIDA,LOS ALGARROBOS,438,,,,150142,-12.206780,-76.964947,osm_unverified,,dev,tipo=av.;num=#;alias_distrito;loc=dist_prov;minusculas;sin_tildes
OSM-w475692471,osm_addr,Avenida César Vallejo 819,Villa El Salvador,Lima,Lima,AVENIDA,CESAR VALLEJO,819,,,,150142,-12.213836,-76.936848,osm_unverified,,test,addr:street y addr:housenumber de OSM
SYN-w475692471-1,synthetic,Avenida César Vallejo N°819 - Villa El Salvador,,,,AVENIDA,CESAR VALLEJO,819,,,,150142,-12.213836,-76.936848,osm_unverified,,test,tipo=Avenida;num=N°;loc=guion
SYN-w475692471-2,synthetic,"AV CÉSAR VALLEJO #819, VES, LIMA",,,,AVENIDA,CESAR VALLEJO,819,,,,150142,-12.213836,-76.936848,osm_unverified,,test,tipo=Av;num=#;alias_distrito;loc=dist_prov;mayusculas
OSM-n10742702471,osm_addr,Jirón Enrique Palacios 376,Villa María del Triunfo,Lima,Lima,JIRON,ENRIQUE PALACIOS,376,,,,150143,-12.181549,-76.946652,osm_unverified,,dev,addr:street y addr:housenumber de OSM
SYN-n10742702471-1,synthetic,JR. ENRIQUE PALACIOS NRO 376 - VILLA MARÍA DEL TRIUNFO,,,,JIRON,ENRIQUE PALACIOS,376,,,,150143,-12.181549,-76.946652,osm_unverified,,dev,tipo=jr.;num=Nro;loc=guion;mayusculas
SYN-n10742702471-2,synthetic,"jr. Enrique Palacios Nro. 376 Int. 3, Vmt",,,,JIRON,ENRIQUE PALACIOS,376,,,,150143,-12.181549,-76.946652,osm_unverified,,dev,tipo=jr.;num=Nro.;interior;alias_distrito;loc=coma;sin_tildes
OSM-n3774381489,osm_addr,Avenida El Triunfo 230,Villa María del Triunfo,Lima,Lima,AVENIDA,EL TRIUNFO,230,,,,150143,-12.166697,-76.949146,osm_unverified,,test,addr:street y addr:housenumber de OSM
SYN-n3774381489-1,synthetic,"Av El Triunfo Nº 230, Vmt, Lima, Lima",,,,AVENIDA,EL TRIUNFO,230,,,,150143,-12.166697,-76.949146,osm_unverified,,test,tipo=Av;num=Nº;alias_distrito;loc=dist_prov_dep;sin_tildes
SYN-n3774381489-2,synthetic,"Avenida El Triunfo N° 230 Piso 2, Villa Maria del Triunfo",,,,AVENIDA,EL TRIUNFO,230,,,,150143,-12.166697,-76.949146,osm_unverified,,test,tipo=Avenida;num=N°;interior;loc=coma;sin_tildes
OSM-n4269011289,osm_addr,Avenida Los Eucaliptos 183,Villa María del Triunfo,Lima,Lima,AVENIDA,LOS EUCALIPTOS,183,,,,150143,-12.176251,-76.930346,osm_unverified,,dev,addr:street y addr:housenumber de OSM
SYN-n4269011289-1,synthetic,"AV. Los Eucaliptos Nro. 183, Villa María del Triunfo, Lima, Lima",,,,AVENIDA,LOS EUCALIPTOS,183,,,,150143,-12.176251,-76.930346,osm_unverified,,dev,tipo=AV.;num=Nro.;loc=dist_prov_dep
SYN-n4269011289-2,synthetic,av.Los Eucaliptos 183 - Villa Maria del Triunfo,,Lima,,AVENIDA,LOS EUCALIPTOS,183,,,,150143,-12.176251,-76.930346,osm_unverified,,dev,tipo=av.;tipo_pegado;loc=mixta;sin_tildes
OSM-n4360049204,osm_addr,Avenida 26 de Noviembre 1738,Villa María del Triunfo,Lima,Lima,AVENIDA,26 DE NOVIEMBRE,1738,,,,150143,-12.167671,-76.924041,osm_unverified,,dev,addr:street y addr:housenumber de OSM
SYN-n4360049204-1,synthetic,AV. 26 DE NOVIEMBRE NRO. 1738 OF. 502 - VILLA MARÍA DEL TRIUNFO,,,,AVENIDA,26 DE NOVIEMBRE,1738,,,,150143,-12.167671,-76.924041,osm_unverified,,dev,tipo=av.;num=Nro.;interior;loc=guion;mayusculas
SYN-n4360049204-2,synthetic,AV. 26 de Noviembre Nro. 1738 - Villa María del Triunfo,,Lima,,AVENIDA,26 DE NOVIEMBRE,1738,,,,150143,-12.167671,-76.924041,osm_unverified,,dev,tipo=AV.;num=Nro.;loc=mixta
OSM-n4362139095,osm_addr,Avenida El Triunfo 101,Villa María del Triunfo,Lima,Lima,AVENIDA,EL TRIUNFO,101,,,,150143,-12.167613,-76.950904,osm_unverified,,test,addr:street y addr:housenumber de OSM
SYN-n4362139095-1,synthetic,AV. El Triunfo 101,Villa Maria del Triunfo,,,AVENIDA,EL TRIUNFO,101,,,,150143,-12.167613,-76.950904,osm_unverified,,test,tipo=AV.;loc=campo;sin_tildes
SYN-n4362139095-2,synthetic,"Avda.El Triunfo N°101, Villa Maria del Triunfo, Lima, Lima",,,,AVENIDA,EL TRIUNFO,101,,,,150143,-12.167613,-76.950904,osm_unverified,,test,tipo=Avda.;num=N°;tipo_pegado;loc=dist_prov_dep;sin_tildes
OSM-n4636138717,osm_addr,Avenida Los Ingenieros 845,Villa María del Triunfo,Lima,Lima,AVENIDA,LOS INGENIEROS,845,,,,150143,-12.146543,-76.932013,osm_unverified,,dev,addr:street y addr:housenumber de OSM
SYN-n4636138717-1,synthetic,"av. Los Ingenieros N°845, Villa Maria del Triunfo, Lima, Lima",,,,AVENIDA,LOS INGENIEROS,845,,,,150143,-12.146543,-76.932013,osm_unverified,,dev,tipo=av.;num=N°;loc=dist_prov_dep;sin_tildes
SYN-n4636138717-2,synthetic,Avenida Los Ingenieros N°845 - Villa María del Triunfo,,,,AVENIDA,LOS INGENIEROS,845,,,,150143,-12.146543,-76.932013,osm_unverified,,dev,tipo=Avenida;num=N°;loc=guion
OSM-n5010083287,osm_addr,Avenida Pachacutec 3604,Villa María del Triunfo,Lima,Lima,AVENIDA,PACHACUTEC,3604,,,,150143,-12.179889,-76.944183,osm_unverified,,dev,addr:street y addr:housenumber de OSM
SYN-n5010083287-1,synthetic,"AVDA. PACHACUTEC 3604, VILLA MARIA DEL TRIUNFO, LIMA",,,,AVENIDA,PACHACUTEC,3604,,,,150143,-12.179889,-76.944183,osm_unverified,,dev,tipo=Avda.;loc=dist_prov;mayusculas;sin_tildes
SYN-n5010083287-2,synthetic,"Avenida Pachacutec Nro 3604, Vmt, Lima, Lima",,,,AVENIDA,PACHACUTEC,3604,,,,150143,-12.179889,-76.944183,osm_unverified,,dev,tipo=Avenida;num=Nro;alias_distrito;loc=dist_prov_dep;sin_tildes
OSM-n5597077653,osm_addr,Avenida 2 de Mayo 501,Villa María del Triunfo,Lima,Lima,AVENIDA,2 DE MAYO,501,,,,150143,-12.174276,-76.936039,osm_unverified,,dev,addr:street y addr:housenumber de OSM
SYN-n5597077653-1,synthetic,Avenida 2 de Mayo Nº 501,Villa Maria del Triunfo,,,AVENIDA,2 DE MAYO,501,,,,150143,-12.174276,-76.936039,osm_unverified,,dev,tipo=Avenida;num=Nº;loc=campo;sin_tildes
SYN-n5597077653-2,synthetic,"Av 2 de Mayo N°501 Of. 502, Vmt",,,,AVENIDA,2 DE MAYO,501,,,,150143,-12.174276,-76.936039,osm_unverified,,dev,tipo=Av;num=N°;interior;alias_distrito;loc=coma
OSM-n6279044520,osm_addr,Jirón Piura 163,Villa María del Triunfo,Lima,Lima,JIRON,PIURA,163,,,,150143,-12.172637,-76.931265,osm_unverified,,test,addr:street y addr:housenumber de OSM
SYN-n6279044520-1,synthetic,Jirón Piura # 163 Piso 2,Villa María del Triunfo,,,JIRON,PIURA,163,,,,150143,-12.172637,-76.931265,osm_unverified,,test,tipo=Jirón;num=#;interior;loc=campo
SYN-n6279044520-2,synthetic,"jr piura nro 163, villa maría del triunfo, lima",,,,JIRON,PIURA,163,,,,150143,-12.172637,-76.931265,osm_unverified,,test,tipo=Jr;num=Nro;loc=dist_prov;minusculas
OSM-n6630053937,osm_addr,Avenida Pachacutec 1640,Villa María del Triunfo,Lima,Lima,AVENIDA,PACHACUTEC,1640,,,,150143,-12.162376,-76.955628,osm_unverified,,dev,addr:street y addr:housenumber de OSM
SYN-n6630053937-1,synthetic,Pachacutec #1640 Dpto 1203 - Villa Maria del Triunfo,,,,,PACHACUTEC,1640,,,,150143,-12.162376,-76.955628,osm_unverified,,dev,tipo_omitido;num=#;interior;loc=guion;sin_tildes
SYN-n6630053937-2,synthetic,AV PACHACUTEC NRO. 1640 - VILLA MARIA DEL TRIUNFO,,Lima,,AVENIDA,PACHACUTEC,1640,,,,150143,-12.162376,-76.955628,osm_unverified,,dev,tipo=Av;num=Nro.;loc=mixta;mayusculas;sin_tildes
OSM-n6630375577,osm_addr,Avenida Defensores de Lima 994,Villa María del Triunfo,Lima,Lima,AVENIDA,DEFENSORES DE LIMA,994,,,,150143,-12.155270,-76.961005,osm_unverified,,dev,addr:street y addr:housenumber de OSM
SYN-n6630375577-1,synthetic,AV. Defensores de Lima N° 994,Villa Maria del Triunfo,,,AVENIDA,DEFENSORES DE LIMA,994,,,,150143,-12.155270,-76.961005,osm_unverified,,dev,tipo=AV.;num=N°;loc=campo;sin_tildes
SYN-n6630375577-2,synthetic,Av.Defensores de Lima N°994 Vmt,,,,AVENIDA,DEFENSORES DE LIMA,994,,,,150143,-12.155270,-76.961005,osm_unverified,,dev,tipo=Av.;num=N°;tipo_pegado;alias_distrito;loc=espacio
OSM-n7027404664,osm_addr,Avenida Nicolás de Piérola 699,Villa María del Triunfo,Lima,Lima,AVENIDA,NICOLAS DE PIEROLA,699,,,,150143,-12.165133,-76.950950,osm_unverified,,test,addr:street y addr:housenumber de OSM
SYN-n7027404664-1,synthetic,Avenida Nicolas de Pierola Nro 699,Villa Maria del Triunfo,,,AVENIDA,NICOLAS DE PIEROLA,699,,,,150143,-12.165133,-76.950950,osm_unverified,,test,tipo=Avenida;num=Nro;loc=campo;sin_tildes
SYN-n7027404664-2,synthetic,av. nicolas de pierola nro 699 villa maria del triunfo,,,,AVENIDA,NICOLAS DE PIEROLA,699,,,,150143,-12.165133,-76.950950,osm_unverified,,test,tipo=AV.;num=Nro;loc=espacio;minusculas;sin_tildes
OSM-w437651045,osm_addr,Calle Santo Toribio 111,Villa María del Triunfo,Lima,Lima,CALLE,SANTO TORIBIO,111,,,,150143,-12.157851,-76.957654,osm_unverified,,dev,addr:street y addr:housenumber de OSM
SYN-w437651045-1,synthetic,"Cll Sto. Toribio #111, Villa María del Triunfo, Lima, Lima",,,,CALLE,SANTO TORIBIO,111,,,,150143,-12.157851,-76.957654,osm_unverified,,dev,titulo_abreviado;tipo=Cll;num=#;loc=dist_prov_dep
SYN-w437651045-2,synthetic,Calle Santo Toribio nro. 111 - Villa María del Triunfo,,,,CALLE,SANTO TORIBIO,111,,,,150143,-12.157851,-76.957654,osm_unverified,,dev,tipo=Calle;num=nro.;loc=guion
OSM-w437681919,osm_addr,Avenida María Parado de Bellido 180,Villa María del Triunfo,Lima,Lima,AVENIDA,MARIA PARADO DE BELLIDO,180,,,,150143,-12.172455,-76.946472,osm_unverified,,test,addr:street y addr:housenumber de OSM
SYN-w437681919-1,synthetic,"AV.MARÍA PARADO DE BELLIDO Nº 180, VILLA MARÍA DEL TRIUNFO, LIMA, LIMA",,,,AVENIDA,MARIA PARADO DE BELLIDO,180,,,,150143,-12.172455,-76.946472,osm_unverified,,test,tipo=AV.;num=Nº;tipo_pegado;loc=dist_prov_dep;mayusculas
SYN-w437681919-2,synthetic,"Av María Parado de Bellido N° 180, Villa María del Triunfo, Lima",,,,AVENIDA,MARIA PARADO DE BELLIDO,180,,,,150143,-12.172455,-76.946472,osm_unverified,,test,tipo=Av;num=N°;loc=dist_prov
OSM-w438427080,osm_addr,Jirón A Avelino Cáceres 248,Villa María del Triunfo,Lima,Lima,JIRON,A AVELINO CACERES,248,,,,150143,-12.177658,-76.949661,osm_unverified,,test,addr:street y addr:housenumber de OSM
SYN-w438427080-1,synthetic,"Jr A Avelino Cáceres Nro. 248, Villa María del Triunfo, Lima, Lima",,,,JIRON,A AVELINO CACERES,248,,,,150143,-12.177658,-76.949661,osm_unverified,,test,tipo=Jr;num=Nro.;loc=dist_prov_dep
SYN-w438427080-2,synthetic,Jiron A Avelino Caceres nro. 248 Int. 3 - Vmt,,Lima,,JIRON,A AVELINO CACERES,248,,,,150143,-12.177658,-76.949661,osm_unverified,,test,tipo=Jirón;num=nro.;interior;alias_distrito;loc=mixta;sin_tildes
OSM-w438427081,osm_addr,Jirón A Avelino Cáceres 212,Villa María del Triunfo,Lima,Lima,JIRON,A AVELINO CACERES,212,,,,150143,-12.177713,-76.949456,osm_unverified,,test,addr:street y addr:housenumber de OSM
SYN-w438427081-1,synthetic,A Avelino Cáceres # 212 Villa María del Triunfo,,,,,A AVELINO CACERES,212,,,,150143,-12.177713,-76.949456,osm_unverified,,test,tipo_omitido;num=#;loc=espacio
SYN-w438427081-2,synthetic,JR. A Avelino Cáceres N° 212,Villa María del Triunfo,,,JIRON,A AVELINO CACERES,212,,,,150143,-12.177713,-76.949456,osm_unverified,,test,tipo=JR.;num=N°;loc=campo
OSM-w447008368,osm_addr,Avenida Latinoamerica 291,Villa María del Triunfo,Lima,Lima,AVENIDA,LATINOAMERICA,291,,,,150143,-12.148698,-76.948063,osm_unverified,,dev,addr:street y addr:housenumber de OSM
SYN-w447008368-1,synthetic,AVENIDA LATINOAMERICA 291 - VMT,,,,AVENIDA,LATINOAMERICA,291,,,,150143,-12.148698,-76.948063,osm_unverified,,dev,tipo=Avenida;alias_distrito;loc=guion;mayusculas;sin_tildes
SYN-w447008368-2,synthetic,av. Latinoamerica nro. 291 Villa María del Triunfo,,,,AVENIDA,LATINOAMERICA,291,,,,150143,-12.148698,-76.948063,osm_unverified,,dev,tipo=av.;num=nro.;loc=espacio
OSM-w447008374,osm_addr,Avenida Garcilaso de la Vega 156,Villa María del Triunfo,Lima,Lima,AVENIDA,GARCILASO DE LA VEGA,156,,,,150143,-12.149667,-76.945211,osm_unverified,,dev,addr:street y addr:housenumber de OSM
SYN-w447008374-1,synthetic,"Av. Garcilaso de la Vega 156, Vmt",,,,AVENIDA,GARCILASO DE LA VEGA,156,,,,150143,-12.149667,-76.945211,osm_unverified,,dev,tipo=Av.;alias_distrito;loc=coma;sin_tildes
SYN-w447008374-2,synthetic,"GARCILASO DE LA VEGA NRO. 156, VMT, LIMA",,,,,GARCILASO DE LA VEGA,156,,,,150143,-12.149667,-76.945211,osm_unverified,,dev,tipo_omitido;num=nro.;alias_distrito;loc=dist_prov;mayusculas
OSM-w447613852,osm_addr,Avenida Primavera 1245,Villa María del Triunfo,Lima,Lima,AVENIDA,PRIMAVERA,1245,,,,150143,-12.151261,-76.952536,osm_unverified,,dev,addr:street y addr:housenumber de OSM
SYN-w447613852-1,synthetic,AVDA. PRIMAVERA # 1245 VILLA MARÍA DEL TRIUNFO,,,,AVENIDA,PRIMAVERA,1245,,,,150143,-12.151261,-76.952536,osm_unverified,,dev,tipo=Avda.;num=#;loc=espacio;mayusculas
SYN-w447613852-2,synthetic,"Av.Primavera N° 1245, Villa Maria del Triunfo, Lima, Lima",,,,AVENIDA,PRIMAVERA,1245,,,,150143,-12.151261,-76.952536,osm_unverified,,dev,tipo=Av.;num=N°;tipo_pegado;loc=dist_prov_dep;sin_tildes
OSM-w511380717,osm_addr,Jirón Sucre 300,Villa María del Triunfo,Lima,Lima,JIRON,SUCRE,300,,,,150143,-12.229079,-76.907153,osm_unverified,,dev,addr:street y addr:housenumber de OSM
SYN-w511380717-1,synthetic,"JR. Sucre 300, Villa Maria del Triunfo, Lima, Lima",,,,JIRON,SUCRE,300,,,,150143,-12.229079,-76.907153,osm_unverified,,dev,tipo=JR.;loc=dist_prov_dep;sin_tildes
SYN-w511380717-2,synthetic,jr. sucre # 300 - villa maria del triunfo,,Lima,,JIRON,SUCRE,300,,,,150143,-12.229079,-76.907153,osm_unverified,,dev,tipo=jr.;num=#;loc=mixta;minusculas;sin_tildes
