id,source,raw_address,district_field,province_field,department_field,expected_street_type,expected_street_name,expected_number,expected_block,expected_lot,expected_urbanization,expected_ubigeo,lat_verified,lng_verified,verification_method,verified_by,split,notes
MZL-n10164701839-1,synthetic_mzlt,"MzI LT. 1 urb. Todos Unidos, Callao, Callao, Callao",,,,,,,I,1,URBANIZACION TODOS UNIDOS,070101,-12.042915,-77.105695,osm_area_center,,dev,mz=Mz;lt=LT.;marcador=urb.;orden=mz_urb;loc=dist_prov_dep
MZL-n10164701839-2,synthetic_mzlt,"mz P - Lote 31 Urbanizacion Todos Unidos, Callao, Callao, Callao",,,,,,,P,31,URBANIZACION TODOS UNIDOS,070101,-12.042915,-77.105695,osm_area_center,,dev,mz=mz;lt=Lote;marcador=Urbanización;orden=mz_urb;loc=dist_prov_dep;sin_tildes
MZL-n10164701840-1,synthetic_mzlt,"URB. Jose Olaya Mza. D Lt. 23, Callao, Callao, Callao",,,,,,,D,23,URBANIZACION JOSE OLAYA,070101,-12.042946,-77.102517,osm_area_center,,dev,mz=Mza.;lt=Lt.;marcador=URB.;orden=urb_mz;loc=dist_prov_dep
MZL-n10164701840-2,synthetic_mzlt,"Urb Jose Olaya Mza. V Lt. 40, Callao, Callao, Callao",,,,,,,V,40,URBANIZACION JOSE OLAYA,070101,-12.042946,-77.102517,osm_area_center,,dev,mz=Mza.;lt=Lt.;marcador=Urb;orden=urb_mz;loc=dist_prov_dep
MZL-n10164701841-1,synthetic_mzlt,"Manzana W, LT. 35 URB. 16 de Agosto (frente al parque), Callao, Callao, Callao",,,,,,,W,35,URBANIZACION 16 DE AGOSTO,070101,-12.046143,-77.101107,osm_area_center,,test,mz=Manzana;lt=LT.;marcador=URB.;orden=mz_urb;referencia;loc=dist_prov_dep
MZL-n10164701841-2,synthetic_mzlt,"URB. 16 de Agosto Mz.H Lt 26, Callao, Callao, Callao",,,,,,,H,26,URBANIZACION 16 DE AGOSTO,070101,-12.046143,-77.101107,osm_area_center,,test,mz=Mz.;lt=Lt;marcador=URB.;orden=urb_mz;loc=dist_prov_dep
MZL-n4080718243-1,synthetic_mzlt,"PASAJE 3 MZ. Z2 LT. 40 URBANIZACION LOS NARDOS, CALLAO, CALLAO, CALLAO",,,,PASAJE,3,,Z2,40,URBANIZACION LOS NARDOS,070101,-12.004707,-77.103334,osm_area_center,,test,mz=MZ.;lt=LT.;marcador=Urbanización;orden=via_mz_urb;loc=dist_prov_dep;mayusculas;sin_tildes
MZL-n4080718243-2,synthetic_mzlt,"URB LOS NARDOS MZ K LOTE 36, CALLAO, CALLAO, CALLAO",,,,,,,K,36,URBANIZACION LOS NARDOS,070101,-12.004707,-77.103334,osm_area_center,,test,mz=mz;lt=Lote;marcador=Urb;orden=urb_mz;loc=dist_prov_dep;mayusculas
MZL-n4080718244-1,synthetic_mzlt,urb. Los Jardines Jr. Las Flores Manzana T lote 32,Callao,,,JIRON,LAS FLORES,,T,32,URBANIZACION LOS JARDINES,070101,-12.002258,-77.104737,osm_area_center,,dev,mz=Manzana;lt=lote;marcador=urb.;orden=urb_via_mz;loc=campo
MZL-n4080718244-2,synthetic_mzlt,"URB LOS JARDINES MZA. K LT 38, CALLAO, CALLAO, CALLAO",,,,,,,K,38,URBANIZACION LOS JARDINES,070101,-12.002258,-77.104737,osm_area_center,,dev,mz=Mza.;lt=Lt;marcador=Urb;orden=urb_mz;loc=dist_prov_dep;mayusculas
MZL-n4403382745-1,synthetic_mzlt,"Mz 8, lote 34 Urbanizacion Ciudad Satelite Santa Rosa",Callao,,,,,,8,34,URBANIZACION CIUDAD SATELITE SANTA ROSA,070101,-12.013398,-77.099743,osm_area_center,,dev,mz=Mz;lt=lote;marcador=Urbanización;orden=mz_urb;loc=campo;sin_tildes
MZL-n4403382745-2,synthetic_mzlt,"CALLE 12 MZA. N - LOTE 20 URB. CIUDAD SATELITE SANTA ROSA, CALLAO, CALLAO, CALLAO",,,,CALLE,12,,N,20,URBANIZACION CIUDAD SATELITE SANTA ROSA,070101,-12.013398,-77.099743,osm_area_center,,dev,mz=Mza.;lt=lote;marcador=urb.;orden=via_mz_urb;loc=dist_prov_dep;mayusculas;sin_tildes
MZL-n4438436144-1,synthetic_mzlt,"URB. SANTA MARINA MZ. H, LOTE 9, CALLAO, CALLAO, CALLAO",,,,,,,H,9,URBANIZACION SANTA MARINA,070101,-12.053808,-77.128997,osm_area_center,,dev,mz=MZ.;lt=lote;marcador=urb.;orden=urb_mz;loc=dist_prov_dep;mayusculas;sin_tildes
MZL-n4438436144-2,synthetic_mzlt,"Urbanización Santa Marina Jr. Las Flores Manzana H1, Lote 7A, Callao, Callao, Callao",,,,JIRON,LAS FLORES,,H1,7A,URBANIZACION SANTA MARINA,070101,-12.053808,-77.128997,osm_area_center,,dev,mz=Manzana;lt=Lote;marcador=Urbanización;orden=urb_via_mz;loc=dist_prov_dep
MZL-n6202212781-1,synthetic_mzlt,"calle 5 mza. h, lt. 26 urb los jasmines, callao, callao, callao",,,,CALLE,5,,H,26,URBANIZACION LOS JASMINES,070101,-12.007197,-77.102350,osm_area_center,,dev,mz=Mza.;lt=Lt.;marcador=Urb;orden=via_mz_urb;loc=dist_prov_dep;minusculas
MZL-n6202212781-2,synthetic_mzlt,"mz. d - lt. 33 urb. los jasmines, callao, callao, callao",,,,,,,D,33,URBANIZACION LOS JASMINES,070101,-12.007197,-77.102350,osm_area_center,,dev,mz=Mz.;lt=Lt.;marcador=URB.;orden=mz_urb;loc=dist_prov_dep;minusculas
MZL-n6431341472-1,synthetic_mzlt,"Av. Central Mz. X Lt.39 Urbanización Sarita Colonia, Callao, Callao, Callao",,,,AVENIDA,CENTRAL,,X,39,URBANIZACION SARITA COLONIA,070101,-12.023715,-77.133749,osm_area_center,,test,mz=Mz.;lt=Lt.;marcador=Urbanización;orden=via_mz_urb;loc=dist_prov_dep
MZL-n6431341472-2,synthetic_mzlt,"Mz B lote 20 Urb. Sarita Colonia, Callao, Callao, Callao",,,,,,,B,20,URBANIZACION SARITA COLONIA,070101,-12.023715,-77.133749,osm_area_center,,test,mz=Mz;lt=lote;marcador=Urb.;orden=mz_urb;loc=dist_prov_dep
MZL-n6431341473-1,synthetic_mzlt,PSJE. LOS PINOS MANZANA K LT 28 URB. TIWINZA,Callao,,,PASAJE,LOS PINOS,,K,28,URBANIZACION TIWINZA,070101,-12.020705,-77.140331,osm_area_center,,dev,mz=Manzana;lt=Lt;marcador=URB.;orden=via_mz_urb;loc=campo;mayusculas;sin_tildes
MZL-n6431341473-2,synthetic_mzlt,"mz T - Lt 40 urb. Tiwinza (cerca al colegio), Callao, Callao, Callao",,,,,,,T,40,URBANIZACION TIWINZA,070101,-12.020705,-77.140331,osm_area_center,,dev,mz=mz;lt=Lt;marcador=urb.;orden=mz_urb;referencia;loc=dist_prov_dep
MZL-n6432853810-1,synthetic_mzlt,"Calle 5 MZ. H, LT. 37 Urb. Acapulco, Callao, Callao, Callao",,,,CALLE,5,,H,37,URBANIZACION ACAPULCO,070101,-12.020128,-77.137027,osm_area_center,,dev,mz=MZ.;lt=LT.;marcador=Urb.;orden=via_mz_urb;loc=dist_prov_dep
MZL-n6432853810-2,synthetic_mzlt,"Calle 5 Mz H, Lt.31 urb. Acapulco, Callao, Callao, Callao",,,,CALLE,5,,H,31,URBANIZACION ACAPULCO,070101,-12.020128,-77.137027,osm_area_center,,dev,mz=Mz;lt=Lt.;marcador=urb.;orden=via_mz_urb;loc=dist_prov_dep;sin_tildes
MZL-n8695767263-1,synthetic_mzlt,"MZ. W - LT. 1 URB. VILLA BONITA 4, CALLAO, CALLAO, CALLAO",,,,,,,W,1,URBANIZACION VILLA BONITA 4,070101,-12.048520,-77.092847,osm_area_center,,dev,mz=Mz.;lt=LT.;marcador=URB.;orden=mz_urb;loc=dist_prov_dep;mayusculas
MZL-n8695767263-2,synthetic_mzlt,"MZ. L lote 11 urb. Villa Bonita 4, Callao, Callao, Callao",,,,,,,L,11,URBANIZACION VILLA BONITA 4,070101,-12.048520,-77.092847,osm_area_center,,dev,mz=MZ.;lt=lote;marcador=urb.;orden=mz_urb;loc=dist_prov_dep
MZL-n9548211352-1,synthetic_mzlt,"URB. Marquez Mz J Lote 1, Callao, Callao, Callao",,,,,,,J,1,URBANIZACION MARQUEZ,070101,-11.942082,-77.133559,osm_area_center,,dev,mz=Mz;lt=Lote;marcador=URB.;orden=urb_mz;loc=dist_prov_dep
MZL-n9548211352-2,synthetic_mzlt,"PASAJE 3 MZ. S2 LOTE 18 URB. MARQUEZ, CALLAO, CALLAO, CALLAO",,,,PASAJE,3,,S2,18,URBANIZACION MARQUEZ,070101,-11.942082,-77.133559,osm_area_center,,dev,mz=MZ.;lt=lote;marcador=URB.;orden=via_mz_urb;loc=dist_prov_dep;mayusculas
MZL-n9797845385-1,synthetic_mzlt,"MzQ LT. 13 Cond. Villanova 2, Callao, Callao, Callao",,,,,,,Q,13,CONDOMINIO VILLANOVA 2,070101,-12.052566,-77.117157,osm_area_center,,dev,mz=Mz;lt=LT.;marcador=Cond.;orden=mz_urb;loc=dist_prov_dep;sin_tildes
MZL-n9797845385-2,synthetic_mzlt,"Condominio Villanova 2 Pasaje 3 MzU Lt. 26, Callao, Callao, Callao",,,,PASAJE,3,,U,26,CONDOMINIO VILLANOVA 2,070101,-12.052566,-77.117157,osm_area_center,,dev,mz=Mz;lt=Lt.;marcador=Condominio;orden=urb_via_mz;loc=dist_prov_dep
MZL-w408914424-1,synthetic_mzlt,"Condominio Residencial Alto Colonial Av. Central Mza. V - LT. 36, Callao, Callao, Callao",,,,AVENIDA,CENTRAL,,V,36,CONDOMINIO RESIDENCIAL ALTO COLONIAL,070101,-12.049408,-77.080333,osm_area_center,,dev,mz=Mza.;lt=LT.;marcador=Condominio;orden=urb_via_mz;loc=dist_prov_dep
MZL-w408914424-2,synthetic_mzlt,"Manzana J LT. 29 Cond. Residencial Alto Colonial, Callao, Callao, Callao",,,,,,,J,29,CONDOMINIO RESIDENCIAL ALTO COLONIAL,070101,-12.049408,-77.080333,osm_area_center,,dev,mz=Manzana;lt=LT.;marcador=Cond.;orden=mz_urb;loc=dist_prov_dep;sin_tildes
MZL-n10067721567-1,synthetic_mzlt,"Calle 5 MZ. G, Lt. 21 URB. Stella Maris, Bellavista, Callao, Callao",,,,CALLE,5,,G,21,URBANIZACION STELLA MARIS,070102,-12.059028,-77.116142,osm_area_center,,dev,mz=MZ.;lt=Lt.;marcador=URB.;orden=via_mz_urb;loc=dist_prov_dep;sin_tildes
MZL-n10067721567-2,synthetic_mzlt,Av. Central MZ. G - Lt.4 Urb. Stella Maris (altura del paradero),Bellavista,,,AVENIDA,CENTRAL,,G,4,URBANIZACION STELLA MARIS,070102,-12.059028,-77.116142,osm_area_center,,dev,mz=MZ.;lt=Lt.;marcador=Urb.;orden=via_mz_urb;referencia;loc=campo;sin_tildes
MZL-n10067721568-1,synthetic_mzlt,mz N Lt.17 Urb. Confecciones Militares - Bellavista,,,,,,,N,17,URBANIZACION CONFECCIONES MILITARES,070102,-12.059818,-77.111971,osm_area_center,,test,mz=mz;lt=Lt.;marcador=Urb.;orden=mz_urb;loc=guion;sin_tildes
MZL-n10067721568-2,synthetic_mzlt,Urb. Confecciones Militares Pasaje 3 Mza. W - lote 9 - Bellavista,,,,PASAJE,3,,W,9,URBANIZACION CONFECCIONES MILITARES,070102,-12.059818,-77.111971,osm_area_center,,test,mz=Mza.;lt=lote;marcador=Urb.;orden=urb_via_mz;loc=guion;sin_tildes
MZL-n10733898850-1,synthetic_mzlt,"Mz. A, LT. 29 Condominio Nuevavista (altura del paradero) - Bellavista",,,,,,,A,29,CONDOMINIO NUEVAVISTA,070102,-12.060882,-77.093899,osm_area_center,,dev,mz=Mz.;lt=LT.;marcador=Condominio;orden=mz_urb;referencia;loc=guion;sin_tildes
MZL-n10733898850-2,synthetic_mzlt,MZ V - LOTE 9 CONDOMINIO NUEVAVISTA - BELLAVISTA,,,,,,,V,9,CONDOMINIO NUEVAVISTA,070102,-12.060882,-77.093899,osm_area_center,,dev,mz=mz;lt=Lote;marcador=Condominio;orden=mz_urb;loc=guion;mayusculas
MZL-n10164646613-1,synthetic_mzlt,"MZ J LOTE 10 URBANIZACION 22 DE OCTUBRE, CARMEN DE LA LEGUA-REYNOSO, CALLAO",,,,,,,J,10,URBANIZACION 22 DE OCTUBRE,070103,-12.042920,-77.094900,osm_area_center,,dev,mz=mz;lt=lote;marcador=Urbanización;orden=mz_urb;loc=dist_prov;mayusculas;sin_tildes
MZL-n10164646613-2,synthetic_mzlt,"URB. 22 DE OCTUBRE MZ F - LOTE 36, CARMEN DE LA LEGUA-REYNOSO, CALLAO",,,,,,,F,36,URBANIZACION 22 DE OCTUBRE,070103,-12.042920,-77.094900,osm_area_center,,dev,mz=Mz;lt=Lote;marcador=urb.;orden=urb_mz;loc=dist_prov;mayusculas;sin_tildes
MZL-n9556810805-1,synthetic_mzlt,"Manzana O lote 31 urb. Villa Señor De Los Milagros, Carmen de La Legua-Reynoso",,,,,,,O,31,URBANIZACION VILLA SEÑOR DE LOS MILAGROS,070103,-12.042211,-77.085618,osm_area_center,,dev,mz=Manzana;lt=lote;marcador=urb.;orden=mz_urb;loc=coma
MZL-n9556810805-2,synthetic_mzlt,"mz Z Lt.35 URB. Villa Señor De Los Milagros, Carmen de La Legua-Reynoso, Callao, Callao",,,,,,,Z,35,URBANIZACION VILLA SEÑOR DE LOS MILAGROS,070103,-12.042211,-77.085618,osm_area_center,,dev,mz=mz;lt=Lt.;marcador=URB.;orden=mz_urb;loc=dist_prov_dep
MZL-n10067263025-1,synthetic_mzlt,Urbanizacion E Calle 12 Mz. 55 - Lt 32 La Perla,,,,CALLE,12,,55,32,URBANIZACION E,070104,-12.068652,-77.125461,osm_area_center,,dev,mz=Mz.;lt=Lt;marcador=Urbanización;orden=urb_via_mz;loc=espacio;sin_tildes
MZL-n10067263025-2,synthetic_mzlt,"MZ. T Lt. 11 Urbanizacion E, La Perla",,,,,,,T,11,URBANIZACION E,070104,-12.068652,-77.125461,osm_area_center,,dev,mz=MZ.;lt=Lt.;marcador=Urbanización;orden=mz_urb;loc=coma;sin_tildes
MZL-n10067263026-1,synthetic_mzlt,Calle 5 Mz. R - Lt.37 URB. F (altura del paradero) - La Perla,,Callao,,CALLE,5,,R,37,URBANIZACION F,070104,-12.068573,-77.125647,osm_area_center,,test,mz=Mz.;lt=Lt.;marcador=URB.;orden=via_mz_urb;referencia;loc=mixta;sin_tildes
MZL-n10067263026-2,synthetic_mzlt,"jr. las flores mz.m, lt. 23 urb. f, la perla, callao, callao",,,,JIRON,LAS FLORES,,M,23,URBANIZACION F,070104,-12.068573,-77.125647,osm_area_center,,test,mz=Mz.;lt=Lt.;marcador=urb.;orden=via_mz_urb;loc=dist_prov_dep;minusculas;sin_tildes
MZL-n10067263027-1,synthetic_mzlt,urb. G Av. Central Mz. D1 Lote 26 La Perla,,,,AVENIDA,CENTRAL,,D1,26,URBANIZACION G,070104,-12.068515,-77.125850,osm_area_center,,dev,mz=Mz.;lt=Lote;marcador=urb.;orden=urb_via_mz;loc=espacio;sin_tildes
MZL-n10067263027-2,synthetic_mzlt,Urb. G Manzana H LT. 7,La Perla,,,,,,H,7,URBANIZACION G,070104,-12.068515,-77.125850,osm_area_center,,dev,mz=Manzana;lt=LT.;marcador=Urb.;orden=urb_mz;loc=campo;sin_tildes
MZL-n10067263028-1,synthetic_mzlt,"Jr. Las Flores Mz. H - Lt 3 URB. K, La Perla, Callao",,,,JIRON,LAS FLORES,,H,3,URBANIZACION K,070104,-12.069115,-77.126253,osm_area_center,,test,mz=Mz.;lt=Lt;marcador=URB.;orden=via_mz_urb;loc=dist_prov
MZL-n10067263028-2,synthetic_mzlt,Av. Central Mza. E1 Lt. 17 Urbanización K,La Perla,,,AVENIDA,CENTRAL,,E1,17,URBANIZACION K,070104,-12.069115,-77.126253,osm_area_center,,test,mz=Mza.;lt=Lt.;marcador=Urbanización;orden=via_mz_urb;loc=campo
MZL-n10067263029-1,synthetic_mzlt,"URB. J Av. Central Mz. P, Lote 22 La Perla",,,,AVENIDA,CENTRAL,,P,22,URBANIZACION J,070104,-12.069183,-77.125964,osm_area_center,,dev,mz=Mz.;lt=Lote;marcador=URB.;orden=urb_via_mz;loc=espacio
MZL-n10067263029-2,synthetic_mzlt,"Urb J MZ. O, Lt.3, La Perla, Callao",,,,,,,O,3,URBANIZACION J,070104,-12.069183,-77.125964,osm_area_center,,dev,mz=MZ.;lt=Lt.;marcador=Urb;orden=urb_mz;loc=dist_prov;sin_tildes
MZL-n10067263030-1,synthetic_mzlt,Calle 5 Manzana Q Lt. 26 Urbanizacion I La Perla,,,,CALLE,5,,Q,26,URBANIZACION I,070104,-12.069264,-77.125706,osm_area_center,,dev,mz=Manzana;lt=Lt.;marcador=Urbanización;orden=via_mz_urb;loc=espacio;sin_tildes
MZL-n10067263030-2,synthetic_mzlt,"Urb I Calle 5 MZ. K, Lt 40",La Perla,,,CALLE,5,,K,40,URBANIZACION I,070104,-12.069264,-77.125706,osm_area_center,,dev,mz=MZ.;lt=Lt;marcador=Urb;orden=urb_via_mz;loc=campo;sin_tildes
MZL-n10067263031-1,synthetic_mzlt,"urb. L Pasaje 3 Mz.23 Lt.16, La Perla, Callao, Callao",,,,PASAJE,3,,23,16,URBANIZACION L,070104,-12.068949,-77.126712,osm_area_center,,dev,mz=Mz.;lt=Lt.;marcador=urb.;orden=urb_via_mz;loc=dist_prov_dep
MZL-n10067263031-2,synthetic_mzlt,"MZ. Q3 Lote 40 urb. L, La Perla",,,,,,,Q3,40,URBANIZACION L,070104,-12.068949,-77.126712,osm_area_center,,dev,mz=MZ.;lt=Lote;marcador=urb.;orden=mz_urb;loc=coma
MZL-n10067263032-1,synthetic_mzlt,Urb. H MzT Lt 13,La Perla,,,,,,T,13,URBANIZACION H,070104,-12.068448,-77.126041,osm_area_center,,dev,mz=Mz;lt=Lt;marcador=Urb.;orden=urb_mz;loc=campo
MZL-n10067263032-2,synthetic_mzlt,urbanizacion h av. central mza. b - lote 14 (cerca al colegio) la perla,,,,AVENIDA,CENTRAL,,B,14,URBANIZACION H,070104,-12.068448,-77.126041,osm_area_center,,dev,mz=Mza.;lt=lote;marcador=Urbanización;orden=urb_via_mz;referencia;loc=espacio;minusculas;sin_tildes
MZL-n10067263033-1,synthetic_mzlt,urb. D Av. Central MzX lote 19,La Perla,,,AVENIDA,CENTRAL,,X,19,URBANIZACION D,070104,-12.067934,-77.125173,osm_area_center,,test,mz=Mz;lt=lote;marcador=urb.;orden=urb_via_mz;loc=campo;sin_tildes
MZL-n10067263033-2,synthetic_mzlt,"Urbanización D Jr. Las Flores Mz Q, LT. 20, La Perla",,,,JIRON,LAS FLORES,,Q,20,URBANIZACION D,070104,-12.067934,-77.125173,osm_area_center,,test,mz=Mz;lt=LT.;marcador=Urbanización;orden=urb_via_mz;loc=coma
MZL-n10067263034-1,synthetic_mzlt,URB C MZ 46 LT. 32 - LA PERLA,,,,,,,46,32,URBANIZACION C,070104,-12.067915,-77.125388,osm_area_center,,dev,mz=Mz;lt=Lt.;marcador=Urb;orden=urb_mz;loc=guion;mayusculas;sin_tildes
MZL-n10067263034-2,synthetic_mzlt,"Mza. I, Lt 2 urb. C - La Perla",,Callao,,,,,I,2,URBANIZACION C,070104,-12.067915,-77.125388,osm_area_center,,dev,mz=Mza.;lt=Lt;marcador=urb.;orden=mz_urb;loc=mixta;sin_tildes
MZL-n10067263035-1,synthetic_mzlt,"Calle 5 Mz 51 Lt. 26 Urbanización B, La Perla",,,,CALLE,5,,51,26,URBANIZACION B,070104,-12.067919,-77.125618,osm_area_center,,dev,mz=Mz;lt=Lt.;marcador=Urbanización;orden=via_mz_urb;loc=coma
MZL-n10067263035-2,synthetic_mzlt,"Urb. B Pasaje 3 mz J Lt 19A, La Perla",,,,PASAJE,3,,J,19A,URBANIZACION B,070104,-12.067919,-77.125618,osm_area_center,,dev,mz=mz;lt=Lt;marcador=Urb.;orden=urb_via_mz;loc=coma
MZL-n10067263036-1,synthetic_mzlt,"URB. A Jr. Las Flores MZ. Q Lt 38A, La Perla, Callao, Callao",,,,JIRON,LAS FLORES,,Q,38A,URBANIZACION A,070104,-12.067872,-77.125808,osm_area_center,,dev,mz=MZ.;lt=Lt;marcador=URB.;orden=urb_via_mz;loc=dist_prov_dep
MZL-n10067263036-2,synthetic_mzlt,"Urb A Calle 5 Mz F, lote 40, La Perla",,,,CALLE,5,,F,40,URBANIZACION A,070104,-12.067872,-77.125808,osm_area_center,,dev,mz=Mz;lt=lote;marcador=Urb;orden=urb_via_mz;loc=coma;sin_tildes
MZL-n10067300565-1,synthetic_mzlt,URB. La Perla Baja Mz. F - Lt. 11 - La Perla,,Callao,,,,,F,11,URBANIZACION LA PERLA BAJA,070104,-12.069046,-77.129142,osm_area_center,,dev,mz=Mz.;lt=Lt.;marcador=URB.;orden=urb_mz;loc=mixta
MZL-n10067300565-2,synthetic_mzlt,"Urb. La Perla Baja Mz.F - Lt 9A, La Perla, Callao",,,,,,,F,9A,URBANIZACION LA PERLA BAJA,070104,-12.069046,-77.129142,osm_area_center,,dev,mz=Mz.;lt=Lt;marcador=Urb.;orden=urb_mz;loc=dist_prov
MZL-n14086115801-1,synthetic_mzlt,Calle 12 Mz. 21 Lt.36 Urb. Angamos - Ventanilla,,Callao,,CALLE,12,,21,36,URBANIZACION ANGAMOS,070106,-11.889630,-77.129826,osm_area_center,,dev,mz=Mz.;lt=Lt.;marcador=Urb.;orden=via_mz_urb;loc=mixta;sin_tildes
MZL-n14086115801-2,synthetic_mzlt,"Psje. Los Pinos Manzana W3 Lote 39 Urbanizacion Angamos, Ventanilla, Callao",,,,PASAJE,LOS PINOS,,W3,39,URBANIZACION ANGAMOS,070106,-11.889630,-77.129826,osm_area_center,,dev,mz=Manzana;lt=Lote;marcador=Urbanización;orden=via_mz_urb;loc=dist_prov;sin_tildes
MZL-n14086115802-1,synthetic_mzlt,MZ.P2 LOTE 31 URB. DEFENSORES DE LA PATRIA,Ventanilla,,,,,,P2,31,URBANIZACION DEFENSORES DE LA PATRIA,070106,-11.876342,-77.138345,osm_area_center,,dev,mz=Mz.;lt=Lote;marcador=Urb.;orden=mz_urb;loc=campo;mayusculas
MZL-n14086115802-2,synthetic_mzlt,CALLE 5 MZ I LT. 28 URBANIZACIÓN DEFENSORES DE LA PATRIA,Ventanilla,,,CALLE,5,,I,28,URBANIZACION DEFENSORES DE LA PATRIA,070106,-11.876342,-77.138345,osm_area_center,,dev,mz=mz;lt=LT.;marcador=Urbanización;orden=via_mz_urb;loc=campo;mayusculas
MZL-n14086115803-1,synthetic_mzlt,Asoc. los Carrizales MZ. J Lt 21 - Ventanilla,,Callao,,,,,J,21,ASOCIACION LOS CARRIZALES,070106,-11.867374,-77.136764,osm_area_center,,test,mz=MZ.;lt=Lt;marcador=Asoc.;orden=urb_mz;loc=mixta
MZL-n14086115803-2,synthetic_mzlt,Asociacion los Carrizales Psje. Los Pinos MZ. L1 Lt 3 Ventanilla,,,,PASAJE,LOS PINOS,,L1,3,ASOCIACION LOS CARRIZALES,070106,-11.867374,-77.136764,osm_area_center,,test,mz=MZ.;lt=Lt;marcador=Asociación;orden=urb_via_mz;loc=espacio;sin_tildes
MZL-n14086115804-1,synthetic_mzlt,"Urb Los Jardines de Ventanilla MzF Lt.23, Ventanilla",,,,,,,F,23,URBANIZACION LOS JARDINES DE VENTANILLA,070106,-11.865938,-77.134141,osm_area_center,,dev,mz=Mz;lt=Lt.;marcador=Urb;orden=urb_mz;loc=coma
MZL-n14086115804-2,synthetic_mzlt,urbanización los jardines de ventanilla calle 12 mz s lt. 15 (altura del paradero) - ventanilla,,Callao,,CALLE,12,,S,15,URBANIZACION LOS JARDINES DE VENTANILLA,070106,-11.865938,-77.134141,osm_area_center,,dev,mz=mz;lt=LT.;marcador=Urbanización;orden=urb_via_mz;referencia;loc=mixta;minusculas
MZL-n3783309927-1,synthetic_mzlt,mz A Lt. 20 A.A.H.H. Susana Higushi - Ventanilla,,,,,,,A,20,ASENTAMIENTO HUMANO SUSANA HIGUSHI,070106,-11.888453,-77.125405,osm_area_center,,dev,mz=mz;lt=Lt.;marcador=A.A.H.H.;orden=mz_urb;loc=guion
MZL-n3783309927-2,synthetic_mzlt,AA. HH. Susana Higushi Calle 12 Manzana D lote 3 Ventanilla,,,,CALLE,12,,D,3,ASENTAMIENTO HUMANO SUSANA HIGUSHI,070106,-11.888453,-77.125405,osm_area_center,,dev,mz=Manzana;lt=lote;marcador=AA. HH.;orden=urb_via_mz;loc=espacio
MZL-n3783309928-1,synthetic_mzlt,"URBANIZACIÓN PEDRO CUEVA AV. CENTRAL MZJ - LT. 33, VENTANILLA, CALLAO",,,,AVENIDA,CENTRAL,,J,33,URBANIZACION PEDRO CUEVA,070106,-11.883413,-77.125800,osm_area_center,,dev,mz=Mz;lt=Lt.;marcador=Urbanización;orden=urb_via_mz;loc=dist_prov;mayusculas
MZL-n3783309928-2,synthetic_mzlt,"MzV Lt 21 Urb Pedro Cueva, Ventanilla, Callao, Callao",,,,,,,V,21,URBANIZACION PEDRO CUEVA,070106,-11.883413,-77.125800,osm_area_center,,dev,mz=Mz;lt=Lt;marcador=Urb;orden=mz_urb;loc=dist_prov_dep
MZL-n3783309929-1,synthetic_mzlt,"A.A.H.H. Kenji Fujimori mz P Lt. 32, Ventanilla",,,,,,,P,32,ASENTAMIENTO HUMANO KENJI FUJIMORI,070106,-11.897016,-77.125771,osm_area_center,,test,mz=mz;lt=Lt.;marcador=A.A.H.H.;orden=urb_mz;loc=coma
MZL-n3783309929-2,synthetic_mzlt,"A.H. Kenji Fujimori mz V Lt.12, Ventanilla, Callao, Callao",,,,,,,V,12,ASENTAMIENTO HUMANO KENJI FUJIMORI,070106,-11.897016,-77.125771,osm_area_center,,test,mz=mz;lt=Lt.;marcador=A.H.;orden=urb_mz;loc=dist_prov_dep
MZL-n5397044222-1,synthetic_mzlt,"AAHH Los Licenciados Calle 5 Manzana O1, lote 2 - Ventanilla",,,,CALLE,5,,O1,2,ASENTAMIENTO HUMANO LOS LICENCIADOS,070106,-11.879390,-77.128626,osm_area_center,,dev,mz=Manzana;lt=lote;marcador=AAHH;orden=urb_via_mz;loc=guion;sin_tildes
MZL-n5397044222-2,synthetic_mzlt,"AA. HH. Los Licenciados mz U - LT. 38, Ventanilla",,,,,,,U,38,ASENTAMIENTO HUMANO LOS LICENCIADOS,070106,-11.879390,-77.128626,osm_area_center,,dev,mz=mz;lt=LT.;marcador=AA. HH.;orden=urb_mz;loc=coma;sin_tildes
MZL-n5402625940-1,synthetic_mzlt,"CALLE 5 MZ W LOTE 14 ASENTAMIENTO HUMANO MARIANO IGNACIO PRADO, VENTANILLA",,,,CALLE,5,,W,14,ASENTAMIENTO HUMANO MARIANO IGNACIO PRADO,070106,-11.942792,-77.119071,osm_area_center,,dev,mz=Mz;lt=lote;marcador=Asentamiento Humano;orden=via_mz_urb;loc=coma;mayusculas;sin_tildes
MZL-n5402625940-2,synthetic_mzlt,"A.A.H.H. MARIANO IGNACIO PRADO MZ O LOTE 14, VENTANILLA",,,,,,,O,14,ASENTAMIENTO HUMANO MARIANO IGNACIO PRADO,070106,-11.942792,-77.119071,osm_area_center,,dev,mz=mz;lt=lote;marcador=A.A.H.H.;orden=urb_mz;loc=coma;mayusculas
MZL-n5528978421-1,synthetic_mzlt,Av. Central Mz.W lote 18A A.H. Carlos Garcia Ronceros - Ventanilla,,Callao,,AVENIDA,CENTRAL,,W,18A,ASENTAMIENTO HUMANO CARLOS GARCIA RONCEROS,070106,-11.846514,-77.154884,osm_area_center,,test,mz=Mz.;lt=lote;marcador=A.H.;orden=via_mz_urb;loc=mixta;sin_tildes
MZL-n5528978421-2,synthetic_mzlt,"A.H. CARLOS GARCIA RONCEROS PASAJE 3 MZG LOTE 4 (FRENTE AL PARQUE), VENTANILLA",,,,PASAJE,3,,G,4,ASENTAMIENTO HUMANO CARLOS GARCIA RONCEROS,070106,-11.846514,-77.154884,osm_area_center,,test,mz=Mz;lt=Lote;marcador=A.H.;orden=urb_via_mz;referencia;loc=coma;mayusculas;sin_tildes
MZL-n8997566179-1,synthetic_mzlt,"AAHH Keiko Sofia II Manzana 29, Lt.40 Ventanilla",,,,,,,29,40,ASENTAMIENTO HUMANO KEIKO SOFIA II,070106,-11.828589,-77.138226,osm_area_center,,test,mz=Manzana;lt=Lt.;marcador=AAHH;orden=urb_mz;loc=espacio;sin_tildes
MZL-n8997566179-2,synthetic_mzlt,AAHH Keiko Sofía II Pasaje 3 MzU Lt.6 - Ventanilla,,Callao,,PASAJE,3,,U,6,ASENTAMIENTO HUMANO KEIKO SOFIA II,070106,-11.828589,-77.138226,osm_area_center,,test,mz=Mz;lt=Lt.;marcador=AAHH;orden=urb_via_mz;loc=mixta
MZL-n8997586019-1,synthetic_mzlt,calle 5 mz n - lote 7 a.h. las flores,Ventanilla,,,CALLE,5,,N,7,ASENTAMIENTO HUMANO LAS FLORES,070106,-11.825783,-77.143048,osm_area_center,,dev,mz=Mz;lt=Lote;marcador=A.H.;orden=via_mz_urb;loc=campo;minusculas
MZL-n8997586019-2,synthetic_mzlt,asentamiento humano las flores av. central manzana x lt 21 ventanilla,,,,AVENIDA,CENTRAL,,X,21,ASENTAMIENTO HUMANO LAS FLORES,070106,-11.825783,-77.143048,osm_area_center,,dev,mz=Manzana;lt=Lt;marcador=Asentamiento Humano;orden=urb_via_mz;loc=espacio;minusculas;sin_tildes
MZL-n8997586020-1,synthetic_mzlt,"Manzana K - lote 36 Asentamiento Humano Sagrado Corazon de Jesus II etapa, Ventanilla, Callao, Callao",,,,,,,K,36,ASENTAMIENTO HUMANO SAGRADO CORAZON DE JESUS II ETAPA,070106,-11.827676,-77.141042,osm_area_center,,dev,mz=Manzana;lt=lote;marcador=Asentamiento Humano;orden=mz_urb;loc=dist_prov_dep;sin_tildes
MZL-n8997586020-2,synthetic_mzlt,A.A.H.H. Sagrado Corazon de Jesus II etapa Calle 12 MZ. A lote 2 - Ventanilla,,Callao,,CALLE,12,,A,2,ASENTAMIENTO HUMANO SAGRADO CORAZON DE JESUS II ETAPA,070106,-11.827676,-77.141042,osm_area_center,,dev,mz=MZ.;lt=lote;marcador=A.A.H.H.;orden=urb_via_mz;loc=mixta;sin_tildes
MZL-n9000254095-1,synthetic_mzlt,"Mz.R - Lt.3 AA.HH. Villa Los Reyes III, Ventanilla, Callao, Callao",,,,,,,R,3,ASENTAMIENTO HUMANO VILLA LOS REYES III,070106,-11.831364,-77.119383,osm_area_center,,dev,mz=Mz.;lt=Lt.;marcador=AA.HH.;orden=mz_urb;loc=dist_prov_dep
MZL-n9000254095-2,synthetic_mzlt,"MZ Z, LOTE 12 AAHH VILLA LOS REYES III, VENTANILLA, CALLAO",,,,,,,Z,12,ASENTAMIENTO HUMANO VILLA LOS REYES III,070106,-11.831364,-77.119383,osm_area_center,,dev,mz=mz;lt=Lote;marcador=AAHH;orden=mz_urb;loc=dist_prov;mayusculas
MZL-w468780931-1,synthetic_mzlt,MZ C - LT 30 URB. NAVAL (CERCA AL COLEGIO) - VENTANILLA,,Callao,,,,,C,30,URBANIZACION NAVAL,070106,-11.884977,-77.128008,osm_area_center,,test,mz=mz;lt=Lt;marcador=urb.;orden=mz_urb;referencia;loc=mixta;mayusculas;sin_tildes
MZL-w468780931-2,synthetic_mzlt,"Av. Central MZ. R - Lt 29 Urbanización Naval, Ventanilla, Callao",,,,AVENIDA,CENTRAL,,R,29,URBANIZACION NAVAL,070106,-11.884977,-77.128008,osm_area_center,,test,mz=MZ.;lt=Lt;marcador=Urbanización;orden=via_mz_urb;loc=dist_prov
MZL-n10742656905-1,synthetic_mzlt,"Urb Jardin Rosa de Santa Maria Calle 5 mz X lote 23, Lima Cercado, Lima, Lima",,,,CALLE,5,,X,23,URBANIZACION JARDIN ROSA DE SANTA MARIA,150101,-12.043956,-77.014298,osm_area_center,,test,mz=mz;lt=lote;marcador=Urb;orden=urb_via_mz;alias_distrito;loc=dist_prov_dep;sin_tildes
MZL-n10742656905-2,synthetic_mzlt,"pasaje 3 mza. y, lt. 23 urbanización jardín rosa de santa maría (cerca al colegio), lima, lima, lima",,,,PASAJE,3,,Y,23,URBANIZACION JARDIN ROSA DE SANTA MARIA,150101,-12.043956,-77.014298,osm_area_center,,test,mz=Mza.;lt=LT.;marcador=Urbanización;orden=via_mz_urb;referencia;loc=dist_prov_dep;minusculas
MZL-n10742656979-1,synthetic_mzlt,"URB. Los Incas MzX Lt 11 (frente al parque), Lima, Lima, Lima",,,,,,,X,11,URBANIZACION LOS INCAS,150101,-12.046330,-77.011967,osm_area_center,,test,mz=Mz;lt=Lt;marcador=URB.;orden=urb_mz;referencia;loc=dist_prov_dep;sin_tildes
MZL-n10742656979-2,synthetic_mzlt,"URB. LOS INCAS AV. CENTRAL MZC LT 2, LIMA, LIMA, LIMA",,,,AVENIDA,CENTRAL,,C,2,URBANIZACION LOS INCAS,150101,-12.046330,-77.011967,osm_area_center,,test,mz=Mz;lt=Lt;marcador=urb.;orden=urb_via_mz;loc=dist_prov_dep;mayusculas
MZL-n10776965143-1,synthetic_mzlt,"JR. LAS FLORES MZ M, LT.4 URB CHACRA RÍOS NORTE, LIMA, LIMA, LIMA",,,,JIRON,LAS FLORES,,M,4,URBANIZACION CHACRA RIOS NORTE,150101,-12.053142,-77.061256,osm_area_center,,dev,mz=Mz;lt=Lt.;marcador=Urb;orden=via_mz_urb;loc=dist_prov_dep;mayusculas
MZL-n10776965143-2,synthetic_mzlt,"Urb Chacra Ríos Norte Mza. S - Lt.24, Lima, Lima, Lima",,,,,,,S,24,URBANIZACION CHACRA RIOS NORTE,150101,-12.053142,-77.061256,osm_area_center,,dev,mz=Mza.;lt=Lt.;marcador=Urb;orden=urb_mz;loc=dist_prov_dep
MZL-n10776965144-1,synthetic_mzlt,"Urbanización Los Cipreses MzW - Lt. 30A, Lima, Lima, Lima",,,,,,,W,30A,URBANIZACION LOS CIPRESES,150101,-12.053403,-77.076418,osm_area_center,,dev,mz=Mz;lt=Lt.;marcador=Urbanización;orden=urb_mz;loc=dist_prov_dep
MZL-n10776965144-2,synthetic_mzlt,"MZ. P, lote 39 Urb Los Cipreses, Lima, Lima, Lima",,,,,,,P,39,URBANIZACION LOS CIPRESES,150101,-12.053403,-77.076418,osm_area_center,,dev,mz=MZ.;lt=lote;marcador=Urb;orden=mz_urb;loc=dist_prov_dep;sin_tildes
MZL-n10776965145-1,synthetic_mzlt,"Calle 12 Mz. A LT. 35 URB. Pando Etapa 3, Cercado, Lima, Lima",,,,CALLE,12,,A,35,URBANIZACION PANDO ETAPA 3,150101,-12.062986,-77.074427,osm_area_center,,dev,mz=Mz.;lt=LT.;marcador=URB.;orden=via_mz_urb;alias_distrito;loc=dist_prov_dep
MZL-n10776965145-2,synthetic_mzlt,"Manzana V Lt 4A urb. Pando Etapa 3, Cercado de Lima, Lima",,,,,,,V,4A,URBANIZACION PANDO ETAPA 3,150101,-12.062986,-77.074427,osm_area_center,,dev,mz=Manzana;lt=Lt;marcador=urb.;orden=mz_urb;alias_distrito;loc=dist_prov
MZL-n10776965146-1,synthetic_mzlt,"Av. Central Mza. Q Lote 10 Urbanizacion Las Brisas Etapa Uno, Lima, Lima, Lima",,,,AVENIDA,CENTRAL,,Q,10,URBANIZACION LAS BRISAS ETAPA UNO,150101,-12.065285,-77.066003,osm_area_center,,dev,mz=Mza.;lt=Lote;marcador=Urbanización;orden=via_mz_urb;loc=dist_prov_dep;sin_tildes
MZL-n10776965146-2,synthetic_mzlt,"Jr. Las Flores Manzana P, Lt 16 Urbanizacion Las Brisas Etapa Uno, Lima, Lima, Lima",,,,JIRON,LAS FLORES,,P,16,URBANIZACION LAS BRISAS ETAPA UNO,150101,-12.065285,-77.066003,osm_area_center,,dev,mz=Manzana;lt=Lt;marcador=Urbanización;orden=via_mz_urb;loc=dist_prov_dep;sin_tildes
MZL-n10776965147-1,synthetic_mzlt,"urb. Las Brisas Etapa Dos Pasaje 3 Mza. 43 - Lote 28, Lima, Lima, Lima",,,,PASAJE,3,,43,28,URBANIZACION LAS BRISAS ETAPA DOS,150101,-12.060246,-77.065866,osm_area_center,,dev,mz=Mza.;lt=Lote;marcador=urb.;orden=urb_via_mz;loc=dist_prov_dep
MZL-n10776965147-2,synthetic_mzlt,"Calle 12 Mz 10 Lt 31 URB. Las Brisas Etapa Dos, Lima, Lima, Lima",,,,CALLE,12,,10,31,URBANIZACION LAS BRISAS ETAPA DOS,150101,-12.060246,-77.065866,osm_area_center,,dev,mz=Mz;lt=Lt;marcador=URB.;orden=via_mz_urb;loc=dist_prov_dep;sin_tildes
MZL-n7700869334-1,synthetic_mzlt,"Urb Primero de Setiembre Calle 5 Manzana K Lt.29, Lima, Lima, Lima",,,,CALLE,5,,K,29,URBANIZACION PRIMERO DE SETIEMBRE,150101,-12.041655,-77.067656,osm_area_center,,dev,mz=Manzana;lt=Lt.;marcador=Urb;orden=urb_via_mz;loc=dist_prov_dep;sin_tildes
MZL-n7700869334-2,synthetic_mzlt,"Urb. Primero de Setiembre Av. Central Manzana 5 LT. 16, Lima, Lima, Lima",,,,AVENIDA,CENTRAL,,5,16,URBANIZACION PRIMERO DE SETIEMBRE,150101,-12.041655,-77.067656,osm_area_center,,dev,mz=Manzana;lt=LT.;marcador=Urb.;orden=urb_via_mz;loc=dist_prov_dep
MZL-n9547835702-1,synthetic_mzlt,"urb. barrios altos mza. e, lt. 39, lima, lima, lima",,,,,,,E,39,URBANIZACION BARRIOS ALTOS,150101,-12.051157,-77.019387,osm_area_center,,dev,mz=Mza.;lt=Lt.;marcador=urb.;orden=urb_mz;loc=dist_prov_dep;minusculas
MZL-n9547835702-2,synthetic_mzlt,Urb Barrios Altos Pasaje 3 Mza. N Lt.18A Cercado de Lima,,,,PASAJE,3,,N,18A,URBANIZACION BARRIOS ALTOS,150101,-12.051157,-77.019387,osm_area_center,,dev,mz=Mza.;lt=Lt.;marcador=Urb;orden=urb_via_mz;alias_distrito;loc=espacio
MZL-n9643446631-1,synthetic_mzlt,URB. Mirones MZ. Z LT. 14 - Cercado de Lima,,Lima,,,,,Z,14,URBANIZACION MIRONES,150101,-12.049036,-77.069124,osm_area_center,,dev,mz=MZ.;lt=LT.;marcador=URB.;orden=urb_mz;alias_distrito;loc=mixta;sin_tildes
MZL-n9643446631-2,synthetic_mzlt,"URB. MIRONES MZ P2 LOTE 38, LIMA, LIMA, LIMA",,,,,,,P2,38,URBANIZACION MIRONES,150101,-12.049036,-77.069124,osm_area_center,,dev,mz=mz;lt=Lote;marcador=URB.;orden=urb_mz;loc=dist_prov_dep;mayusculas
MZL-r15613595-1,synthetic_mzlt,"Pasaje 3 mz Q, Lt 2 urb. Barrio Monserrate, Lima, Lima, Lima",,,,PASAJE,3,,Q,2,URBANIZACION BARRIO MONSERRATE,150101,-12.041794,-77.038919,osm_area_center,,dev,mz=mz;lt=Lt;marcador=urb.;orden=via_mz_urb;loc=dist_prov_dep;sin_tildes
MZL-r15613595-2,synthetic_mzlt,"Calle 5 Manzana M - Lt. 19 urb. Barrio Monserrate, Lima, Lima, Lima",,,,CALLE,5,,M,19,URBANIZACION BARRIO MONSERRATE,150101,-12.041794,-77.038919,osm_area_center,,dev,mz=Manzana;lt=Lt.;marcador=urb.;orden=via_mz_urb;loc=dist_prov_dep;sin_tildes
MZL-r3968359-1,synthetic_mzlt,"Av. Central Mz Q Lt.35 URB. Conjunto Habitacional Palomino, Lima, Lima, Lima",,,,AVENIDA,CENTRAL,,Q,35,URBANIZACION CONJUNTO HABITACIONAL PALOMINO,150101,-12.060334,-77.071394,osm_area_center,,dev,mz=Mz;lt=Lt.;marcador=URB.;orden=via_mz_urb;loc=dist_prov_dep;sin_tildes
MZL-r3968359-2,synthetic_mzlt,URB. Conjunto Habitacional Palomino Mza. F Lote 22,Lima,,,,,,F,22,URBANIZACION CONJUNTO HABITACIONAL PALOMINO,150101,-12.060334,-77.071394,osm_area_center,,dev,mz=Mza.;lt=Lote;marcador=URB.;orden=urb_mz;loc=campo
MZL-w1200691339-1,synthetic_mzlt,"psje. los pinos mz v - lt. 7 cond. felipe pinglo, lima, lima, lima",,,,PASAJE,LOS PINOS,,V,7,CONDOMINIO FELIPE PINGLO,150101,-12.041363,-77.037056,osm_area_center,,test,mz=Mz;lt=LT.;marcador=Cond.;orden=via_mz_urb;loc=dist_prov_dep;minusculas
MZL-w1200691339-2,synthetic_mzlt,Cond. Felipe Pinglo Mz A3 Lt.33,Cercado,,,,,,A3,33,CONDOMINIO FELIPE PINGLO,150101,-12.041363,-77.037056,osm_area_center,,test,mz=Mz;lt=Lt.;marcador=Cond.;orden=urb_mz;alias_distrito;loc=campo
MZL-w134143355-1,synthetic_mzlt,"urb. unidad vecinal 3 mz. f, lt.40 - cercado",,Lima,,,,,F,40,URBANIZACION UNIDAD VECINAL 3,150101,-12.053196,-77.081688,osm_area_center,,dev,mz=MZ.;lt=Lt.;marcador=Urb.;orden=urb_mz;alias_distrito;loc=mixta;minusculas
MZL-w134143355-2,synthetic_mzlt,"URB. Unidad Vecinal 3 Mz. F - LT. 24, Lima, Lima, Lima",,,,,,,F,24,URBANIZACION UNIDAD VECINAL 3,150101,-12.053196,-77.081688,osm_area_center,,dev,mz=Mz.;lt=LT.;marcador=URB.;orden=urb_mz;loc=dist_prov_dep
MZL-w393285154-1,synthetic_mzlt,Mza. G3 Lote 27 URB. Unidad Vecinal de Mirones - Lima Cercado,,,,,,,G3,27,URBANIZACION UNIDAD VECINAL DE MIRONES,150101,-12.051999,-77.068994,osm_area_center,,test,mz=Mza.;lt=Lote;marcador=URB.;orden=mz_urb;alias_distrito;loc=guion;sin_tildes
MZL-w393285154-2,synthetic_mzlt,"Jr. Las Flores mz X, Lt.29 urb. Unidad Vecinal de Mirones (cerca al colegio), Cercado, Lima, Lima",,,,JIRON,LAS FLORES,,X,29,URBANIZACION UNIDAD VECINAL DE MIRONES,150101,-12.051999,-77.068994,osm_area_center,,test,mz=mz;lt=Lt.;marcador=urb.;orden=via_mz_urb;referencia;alias_distrito;loc=dist_prov_dep
MZL-n4208139189-1,synthetic_mzlt,"Urb. Las Colinas Calle 12 Manzana 44 - Lt.9A, Ancon",,,,CALLE,12,,44,9A,URBANIZACION LAS COLINAS,150102,-11.775323,-77.186267,osm_area_center,,dev,mz=Manzana;lt=Lt.;marcador=Urb.;orden=urb_via_mz;loc=coma;sin_tildes
MZL-n4208139189-2,synthetic_mzlt,"Mz C2 - lote 29 URB. Las Colinas, Ancon",,,,,,,C2,29,URBANIZACION LAS COLINAS,150102,-11.775323,-77.186267,osm_area_center,,dev,mz=Mz;lt=lote;marcador=URB.;orden=mz_urb;loc=coma;sin_tildes
MZL-n5042009228-1,synthetic_mzlt,"Urb. Señor de La Ascencion de Cachuy Jr. Las Flores Mz A LT. 24, Ancon, Lima",,,,JIRON,LAS FLORES,,A,24,URBANIZACION SEÑOR DE LA ASCENCION DE CACHUY,150102,-11.807106,-77.131335,osm_area_center,,test,mz=Mz;lt=LT.;marcador=Urb.;orden=urb_via_mz;loc=dist_prov;sin_tildes
MZL-n5042009228-2,synthetic_mzlt,Mz.K LT. 6 urb. Señor de La Ascención de Cachuy,Ancón,,,,,,K,6,URBANIZACION SEÑOR DE LA ASCENCION DE CACHUY,150102,-11.807106,-77.131335,osm_area_center,,test,mz=Mz.;lt=LT.;marcador=urb.;orden=mz_urb;loc=campo
MZL-n5042009318-1,synthetic_mzlt,"JR. LAS FLORES MZ. U - LT. 4 ASOCIACIÓN MY EP. MARKO JARA SCHENONE, ANCÓN, LIMA, LIMA",,,,JIRON,LAS FLORES,,U,4,ASOCIACION MY EP MARKO JARA SCHENONE,150102,-11.814347,-77.126613,osm_area_center,,dev,mz=Mz.;lt=Lt.;marcador=Asociación;orden=via_mz_urb;loc=dist_prov_dep;mayusculas
MZL-n5042009318-2,synthetic_mzlt,mz G - lote 27 Asoc My EP. Marko Jara Schenone,Ancón,,,,,,G,27,ASOCIACION MY EP MARKO JARA SCHENONE,150102,-11.814347,-77.126613,osm_area_center,,dev,mz=mz;lt=lote;marcador=Asoc;orden=mz_urb;loc=campo
MZL-n5044960098-1,synthetic_mzlt,"Jr. Las Flores Mza. H3, Lt 13 Urbanizacion Villas de Ancon, Ancon, Lima",,,,JIRON,LAS FLORES,,H3,13,URBANIZACION VILLAS DE ANCON,150102,-11.734260,-77.143979,osm_area_center,,dev,mz=Mza.;lt=Lt;marcador=Urbanización;orden=via_mz_urb;loc=dist_prov;sin_tildes
MZL-n5044960098-2,synthetic_mzlt,"Manzana P LT. 23 Urb Villas de Ancon, Ancon, Lima, Lima",,,,,,,P,23,URBANIZACION VILLAS DE ANCON,150102,-11.734260,-77.143979,osm_area_center,,dev,mz=Manzana;lt=LT.;marcador=Urb;orden=mz_urb;loc=dist_prov_dep;sin_tildes
MZL-n5044960099-1,synthetic_mzlt,"mz g, lt. 5 urb villa mar de ancon, ancon, lima, lima",,,,,,,G,5,URBANIZACION VILLA MAR DE ANCON,150102,-11.741712,-77.156307,osm_area_center,,dev,mz=Mz;lt=Lt.;marcador=Urb;orden=mz_urb;loc=dist_prov_dep;minusculas;sin_tildes
MZL-n5044960099-2,synthetic_mzlt,"URB. VILLA MAR DE ANCON MANZANA I, LT. 22 (CERCA AL COLEGIO) - ANCON",,Lima,,,,,I,22,URBANIZACION VILLA MAR DE ANCON,150102,-11.741712,-77.156307,osm_area_center,,dev,mz=Manzana;lt=LT.;marcador=urb.;orden=urb_mz;referencia;loc=mixta;mayusculas;sin_tildes
MZL-n5044960222-1,synthetic_mzlt,"Urb San Pedro de Ancon Jr. Las Flores mz J Lt.28 (frente al parque), Ancon, Lima",,,,JIRON,LAS FLORES,,J,28,URBANIZACION SAN PEDRO DE ANCON,150102,-11.755206,-77.155960,osm_area_center,,dev,mz=mz;lt=Lt.;marcador=Urb;orden=urb_via_mz;referencia;loc=dist_prov;sin_tildes
MZL-n5044960222-2,synthetic_mzlt,"Psje. Los Pinos mz B, Lote 35A URB. San Pedro de Ancon Ancon",,,,PASAJE,LOS PINOS,,B,35A,URBANIZACION SAN PEDRO DE ANCON,150102,-11.755206,-77.155960,osm_area_center,,dev,mz=mz;lt=Lote;marcador=URB.;orden=via_mz_urb;loc=espacio;sin_tildes
MZL-n5045018848-1,synthetic_mzlt,"Manzana K, Lt 23 urb. Ciudad Pyme, Ancón, Lima",,,,,,,K,23,URBANIZACION CIUDAD PYME,150102,-11.769276,-77.154979,osm_area_center,,dev,mz=Manzana;lt=Lt;marcador=urb.;orden=mz_urb;loc=dist_prov
MZL-n5045018848-2,synthetic_mzlt,"urb. Ciudad Pyme MZ. L1 Lote 34, Ancón, Lima",,,,,,,L1,34,URBANIZACION CIUDAD PYME,150102,-11.769276,-77.154979,osm_area_center,,dev,mz=MZ.;lt=Lote;marcador=urb.;orden=urb_mz;loc=dist_prov
MZL-w1298656802-1,synthetic_mzlt,"Av. Central Mz T Lt 21 urb. Cerro Verde, Ancón, Lima",,,,AVENIDA,CENTRAL,,T,21,URBANIZACION CERRO VERDE,150102,-11.684593,-77.175250,osm_area_center,,test,mz=Mz;lt=Lt;marcador=urb.;orden=via_mz_urb;loc=dist_prov
MZL-w1298656802-2,synthetic_mzlt,URB. Cerro Verde Jr. Las Flores Mza. O Lt.10,Ancon,,,JIRON,LAS FLORES,,O,10,URBANIZACION CERRO VERDE,150102,-11.684593,-77.175250,osm_area_center,,test,mz=Mza.;lt=Lt.;marcador=URB.;orden=urb_via_mz;loc=campo;sin_tildes
MZL-w1309121664-1,synthetic_mzlt,Manzana N - Lt.16 urb. Totorilas Ancon,,,,,,,N,16,URBANIZACION TOTORILAS,150102,-11.805112,-77.119266,osm_area_center,,dev,mz=Manzana;lt=Lt.;marcador=urb.;orden=mz_urb;loc=espacio;sin_tildes
MZL-w1309121664-2,synthetic_mzlt,Urb Totorilas MzA - lote 22 - Ancon,,,,,,,A,22,URBANIZACION TOTORILAS,150102,-11.805112,-77.119266,osm_area_center,,dev,mz=Mz;lt=lote;marcador=Urb;orden=urb_mz;loc=guion;sin_tildes
MZL-w1408465497-1,synthetic_mzlt,JR. LAS FLORES MZA. L3 LT.29 URBANIZACION RIVIERA SAN FRANCISCO - ANCON,,,,JIRON,LAS FLORES,,L3,29,URBANIZACION RIVIERA SAN FRANCISCO,150102,-11.771923,-77.190269,osm_area_center,,dev,mz=Mza.;lt=Lt.;marcador=Urbanización;orden=via_mz_urb;loc=guion;mayusculas;sin_tildes
MZL-w1408465497-2,synthetic_mzlt,"Urbanización Riviera San Francisco Mza. P - Lt 35, Ancón, Lima",,,,,,,P,35,URBANIZACION RIVIERA SAN FRANCISCO,150102,-11.771923,-77.190269,osm_area_center,,dev,mz=Mza.;lt=Lt;marcador=Urbanización;orden=urb_mz;loc=dist_prov
MZL-n10810265286-1,synthetic_mzlt,Urbanización Las Cascadas de Javier Prado Calle 12 Manzana U LT. 26 (frente al parque) - Ate,,Lima,,CALLE,12,,U,26,URBANIZACION LAS CASCADAS DE JAVIER PRADO,150103,-12.036648,-76.923971,osm_area_center,,test,mz=Manzana;lt=LT.;marcador=Urbanización;orden=urb_via_mz;referencia;loc=mixta
MZL-n10810265286-2,synthetic_mzlt,Urbanizacion Las Cascadas de Javier Prado Mz 20 lote 32 (frente al mercado) - Ate,,,,,,,20,32,URBANIZACION LAS CASCADAS DE JAVIER PRADO,150103,-12.036648,-76.923971,osm_area_center,,test,mz=Mz;lt=lote;marcador=Urbanización;orden=urb_mz;referencia;loc=guion;sin_tildes
MZL-n4535190645-1,synthetic_mzlt,"Mz Z Lt. 23 Urbanización Gloria Grande, Ate, Lima, Lima",,,,,,,Z,23,URBANIZACION GLORIA GRANDE,150103,-12.009950,-76.851347,osm_area_center,,dev,mz=Mz;lt=Lt.;marcador=Urbanización;orden=mz_urb;loc=dist_prov_dep
MZL-n4535190645-2,synthetic_mzlt,PSJE. LOS PINOS MANZANA U LT.27 URB. GLORIA GRANDE - ATE,,Lima,,PASAJE,LOS PINOS,,U,27,URBANIZACION GLORIA GRANDE,150103,-12.009950,-76.851347,osm_area_center,,dev,mz=Manzana;lt=Lt.;marcador=Urb.;orden=via_mz_urb;loc=mixta;mayusculas
MZL-n4535190650-1,synthetic_mzlt,"Urbanizacion Cruz de Mayo Av. Central mz Z - lote 31, Ate, Lima, Lima",,,,AVENIDA,CENTRAL,,Z,31,URBANIZACION CRUZ DE MAYO,150103,-12.023606,-76.834480,osm_area_center,,dev,mz=mz;lt=lote;marcador=Urbanización;orden=urb_via_mz;loc=dist_prov_dep;sin_tildes
MZL-n4535190650-2,synthetic_mzlt,"MZ. V, Lt 40 URB. Cruz de Mayo Ate",,,,,,,V,40,URBANIZACION CRUZ DE MAYO,150103,-12.023606,-76.834480,osm_area_center,,dev,mz=MZ.;lt=Lt;marcador=URB.;orden=mz_urb;loc=espacio
MZL-n4796794909-1,synthetic_mzlt,"urb santa clara calle 5 mz d, lote 23, ate, lima, lima",,,,CALLE,5,,D,23,URBANIZACION SANTA CLARA,150103,-12.017841,-76.884214,osm_area_center,,dev,mz=mz;lt=lote;marcador=Urb;orden=urb_via_mz;loc=dist_prov_dep;minusculas;sin_tildes
MZL-n4796794909-2,synthetic_mzlt,"Av. Central Mz K, lote 11 Urb Santa Clara",Ate,,,AVENIDA,CENTRAL,,K,11,URBANIZACION SANTA CLARA,150103,-12.017841,-76.884214,osm_area_center,,dev,mz=Mz;lt=lote;marcador=Urb;orden=via_mz_urb;loc=campo
MZL-n8551467847-1,synthetic_mzlt,"Mz. 46, Lote 34 Urb Horacio Zeballos",Ate,,,,,,46,34,URBANIZACION HORACIO ZEBALLOS,150103,-12.016495,-76.840970,osm_area_center,,dev,mz=Mz.;lt=Lote;marcador=Urb;orden=mz_urb;loc=campo
MZL-n8551467847-2,synthetic_mzlt,Calle 5 Mz. F lote 16A URB. Horacio Zeballos - Ate,,Lima,,CALLE,5,,F,16A,URBANIZACION HORACIO ZEBALLOS,150103,-12.016495,-76.840970,osm_area_center,,dev,mz=Mz.;lt=lote;marcador=URB.;orden=via_mz_urb;loc=mixta
MZL-n8734863628-1,synthetic_mzlt,Av. Central Manzana X Lt. 36 ASOC. Paraiso de Huaycan,Ate,,,AVENIDA,CENTRAL,,X,36,ASOCIACION PARAISO DE HUAYCAN,150103,-12.022156,-76.827720,osm_area_center,,dev,mz=Manzana;lt=Lt.;marcador=ASOC.;orden=via_mz_urb;loc=campo;sin_tildes
MZL-n8734863628-2,synthetic_mzlt,Asoc Paraíso de Huaycán Mza. U Lt.19 Ate,,,,,,,U,19,ASOCIACION PARAISO DE HUAYCAN,150103,-12.022156,-76.827720,osm_area_center,,dev,mz=Mza.;lt=Lt.;marcador=Asoc;orden=urb_mz;loc=espacio
MZL-n8973077806-1,synthetic_mzlt,"URB. PARIACHI MANZANA U LT. 40 (CERCA AL COLEGIO), ATE, LIMA, LIMA",,,,,,,U,40,URBANIZACION PARIACHI,150103,-12.001480,-76.837537,osm_area_center,,dev,mz=Manzana;lt=LT.;marcador=URB.;orden=urb_mz;referencia;loc=dist_prov_dep;mayusculas;sin_tildes
MZL-n8973077806-2,synthetic_mzlt,mz. k lote 40 urb. pariachi (frente al mercado),Ate,,,,,,K,40,URBANIZACION PARIACHI,150103,-12.001480,-76.837537,osm_area_center,,dev,mz=MZ.;lt=Lote;marcador=URB.;orden=mz_urb;referencia;loc=campo;minusculas;sin_tildes
MZL-w1017709170-1,synthetic_mzlt,"Urb. Conjunto Residencial Huachipa MZ. F3 Lt. 37, Ate, Lima",,,,,,,F3,37,URBANIZACION CONJUNTO RESIDENCIAL HUACHIPA,150103,-12.015452,-76.895796,osm_area_center,,test,mz=MZ.;lt=Lt.;marcador=Urb.;orden=urb_mz;loc=dist_prov;sin_tildes
MZL-w1017709170-2,synthetic_mzlt,mz Z LT. 36 urb. Conjunto Residencial Huachipa - Ate,,Lima,,,,,Z,36,URBANIZACION CONJUNTO RESIDENCIAL HUACHIPA,150103,-12.015452,-76.895796,osm_area_center,,test,mz=mz;lt=LT.;marcador=urb.;orden=mz_urb;loc=mixta;sin_tildes
MZL-w1411372674-1,synthetic_mzlt,ZONA A MANZANA W - LT.23,Ate,,,,,,W,23,ZONA A,150103,-12.014670,-76.840504,osm_area_center,,test,mz=Manzana;lt=Lt.;marcador=Zona;orden=urb_mz;loc=campo;mayusculas
MZL-w1411372674-2,synthetic_mzlt,"Mz M1 LT. 17 Zona A, Ate, Lima, Lima",,,,,,,M1,17,ZONA A,150103,-12.014670,-76.840504,osm_area_center,,test,mz=Mz;lt=LT.;marcador=Zona;orden=mz_urb;loc=dist_prov_dep;sin_tildes
MZL-w1411372675-1,synthetic_mzlt,"Mza. G, lote 12 Zona B - Ate",,,,,,,G,12,ZONA B,150103,-12.013572,-76.837360,osm_area_center,,dev,mz=Mza.;lt=lote;marcador=Zona;orden=mz_urb;loc=guion
MZL-w1411372675-2,synthetic_mzlt,jr. las flores mz.n - lt. 17 zona b - ate,,,,JIRON,LAS FLORES,,N,17,ZONA B,150103,-12.013572,-76.837360,osm_area_center,,dev,mz=Mz.;lt=LT.;marcador=Zona;orden=via_mz_urb;loc=guion;minusculas
MZL-w1411372677-1,synthetic_mzlt,"Psje. Los Pinos Mz.T, Lt 21 Urb Fundo Rodolfo",Ate,,,PASAJE,LOS PINOS,,T,21,URBANIZACION FUNDO RODOLFO,150103,-12.010646,-76.845314,osm_area_center,,dev,mz=Mz.;lt=Lt;marcador=Urb;orden=via_mz_urb;loc=campo;sin_tildes
MZL-w1411372677-2,synthetic_mzlt,Mza. W Lt. 38 urb. Fundo Rodolfo,Ate,,,,,,W,38,URBANIZACION FUNDO RODOLFO,150103,-12.010646,-76.845314,osm_area_center,,dev,mz=Mza.;lt=Lt.;marcador=urb.;orden=mz_urb;loc=campo;sin_tildes
MZL-w1411372679-1,synthetic_mzlt,"Calle 5 Mz.J - Lote 33 Zona C, Ate, Lima",,,,CALLE,5,,J,33,ZONA C,150103,-12.015979,-76.838057,osm_area_center,,dev,mz=Mz.;lt=Lote;marcador=Zona;orden=via_mz_urb;loc=dist_prov
MZL-w1411372679-2,synthetic_mzlt,"Zona C Jr. Las Flores Mz. R, LT. 8 Ate",,,,JIRON,LAS FLORES,,R,8,ZONA C,150103,-12.015979,-76.838057,osm_area_center,,dev,mz=Mz.;lt=LT.;marcador=Zona;orden=urb_via_mz;loc=espacio;sin_tildes
MZL-w402033840-1,synthetic_mzlt,"RESIDENCIAL ALCÁNTARA MZ T, LT. 32 - ATE",,,,,,,T,32,RESIDENCIAL ALCANTARA,150103,-12.015260,-76.882601,osm_area_center,,dev,mz=mz;lt=LT.;marcador=Residencial;orden=urb_mz;loc=guion;mayusculas
MZL-w402033840-2,synthetic_mzlt,Residencial Alcantara Mz.Q - Lt 24 (cerca al colegio) - Ate,,Lima,,,,,Q,24,RESIDENCIAL ALCANTARA,150103,-12.015260,-76.882601,osm_area_center,,dev,mz=Mz.;lt=Lt;marcador=Residencial;orden=urb_mz;referencia;loc=mixta;sin_tildes
MZL-w437774718-1,synthetic_mzlt,"MzT lote 23 Condominio Puerta de Hierro, Ate, Lima",,,,,,,T,23,CONDOMINIO PUERTA DE HIERRO,150103,-12.061523,-76.937545,osm_area_center,,dev,mz=Mz;lt=lote;marcador=Condominio;orden=mz_urb;loc=dist_prov;sin_tildes
MZL-w437774718-2,synthetic_mzlt,"Condominio Puerta de Hierro Psje. Los Pinos MZ. V lote 4, Ate",,,,PASAJE,LOS PINOS,,V,4,CONDOMINIO PUERTA DE HIERRO,150103,-12.061523,-76.937545,osm_area_center,,dev,mz=MZ.;lt=lote;marcador=Condominio;orden=urb_via_mz;loc=coma
MZL-w513114016-1,synthetic_mzlt,MANZANA G2 LT.13 COND. PRADOS DEL SOL - ATE,,,,,,,G2,13,CONDOMINIO PRADOS DEL SOL,150103,-12.017573,-76.898709,osm_area_center,,dev,mz=Manzana;lt=Lt.;marcador=Cond.;orden=mz_urb;loc=guion;mayusculas;sin_tildes
MZL-w513114016-2,synthetic_mzlt,Calle 12 Manzana J Lt 19 Cond. Prados del Sol - Ate,,,,CALLE,12,,J,19,CONDOMINIO PRADOS DEL SOL,150103,-12.017573,-76.898709,osm_area_center,,dev,mz=Manzana;lt=Lt;marcador=Cond.;orden=via_mz_urb;loc=guion;sin_tildes
MZL-w1101355399-1,synthetic_mzlt,Calle 5 Mz. I LT. 38 Residencial Las Torres de Barranco,Barranco,,,CALLE,5,,I,38,RESIDENCIAL LAS TORRES DE BARRANCO,150104,-12.149003,-77.018268,osm_area_center,,test,mz=Mz.;lt=LT.;marcador=Residencial;orden=via_mz_urb;loc=campo
MZL-w1101355399-2,synthetic_mzlt,"Manzana T, Lt 40 Residencial Las Torres de Barranco - Barranco",,,,,,,T,40,RESIDENCIAL LAS TORRES DE BARRANCO,150104,-12.149003,-77.018268,osm_area_center,,test,mz=Manzana;lt=Lt;marcador=Residencial;orden=mz_urb;loc=guion
MZL-n10776965153-1,synthetic_mzlt,Urb Esmeralda Jr. Las Flores MzZ - lote 22 - Breña,,,,JIRON,LAS FLORES,,Z,22,URBANIZACION ESMERALDA,150105,-12.065157,-77.059139,osm_area_center,,dev,mz=Mz;lt=lote;marcador=Urb;orden=urb_via_mz;loc=guion
MZL-n10776965153-2,synthetic_mzlt,Mz.O LT. 21 Urb Esmeralda - Breña,,Lima,,,,,O,21,URBANIZACION ESMERALDA,150105,-12.065157,-77.059139,osm_area_center,,dev,mz=Mz.;lt=LT.;marcador=Urb;orden=mz_urb;loc=mixta
MZL-n10776965154-1,synthetic_mzlt,"urb. Batievski Calle 5 MZ. 50 - Lt 39, Breña, Lima, Lima",,,,CALLE,5,,50,39,URBANIZACION BATIEVSKI,150105,-12.065347,-77.055956,osm_area_center,,test,mz=MZ.;lt=Lt;marcador=urb.;orden=urb_via_mz;loc=dist_prov_dep;sin_tildes
MZL-n10776965154-2,synthetic_mzlt,"MzM Lt.18 urb. Batievski, Breña",,,,,,,M,18,URBANIZACION BATIEVSKI,150105,-12.065347,-77.055956,osm_area_center,,test,mz=Mz;lt=Lt.;marcador=urb.;orden=mz_urb;loc=coma
MZL-n10776965155-1,synthetic_mzlt,"Urb. Proveedores Unidos Psje. Los Pinos Mz B - Lote 29, Breña, Lima, Lima",,,,PASAJE,LOS PINOS,,B,29,URBANIZACION PROVEEDORES UNIDOS,150105,-12.064151,-77.057095,osm_area_center,,dev,mz=Mz;lt=Lote;marcador=Urb.;orden=urb_via_mz;loc=dist_prov_dep
MZL-n10776965155-2,synthetic_mzlt,"Manzana A, LT. 40 Urbanizacion Proveedores Unidos, Breña",,,,,,,A,40,URBANIZACION PROVEEDORES UNIDOS,150105,-12.064151,-77.057095,osm_area_center,,dev,mz=Manzana;lt=LT.;marcador=Urbanización;orden=mz_urb;loc=coma;sin_tildes
MZL-n10776965156-1,synthetic_mzlt,"Urb Huerta La Virreyna MzT, Lt. 20, Breña, Lima",,,,,,,T,20,URBANIZACION HUERTA LA VIRREYNA,150105,-12.051785,-77.044235,osm_area_center,,dev,mz=Mz;lt=Lt.;marcador=Urb;orden=urb_mz;loc=dist_prov
MZL-n10776965156-2,synthetic_mzlt,"Av. Central Mz U - Lote 21 Urbanización Huerta La Virreyna, Breña, Lima, Lima",,,,AVENIDA,CENTRAL,,U,21,URBANIZACION HUERTA LA VIRREYNA,150105,-12.051785,-77.044235,osm_area_center,,dev,mz=Mz;lt=Lote;marcador=Urbanización;orden=via_mz_urb;loc=dist_prov_dep
MZL-n10776965157-1,synthetic_mzlt,"URB NOSIGLIA ETAPA DOS PSJE. LOS PINOS MZ. C LT. 30, BREÑA, LIMA, LIMA",,,,PASAJE,LOS PINOS,,C,30,URBANIZACION NOSIGLIA ETAPA DOS,150105,-12.063416,-77.052393,osm_area_center,,dev,mz=MZ.;lt=LT.;marcador=Urb;orden=urb_via_mz;loc=dist_prov_dep;mayusculas;sin_tildes
MZL-n10776965157-2,synthetic_mzlt,Urb. Nosiglia Etapa Dos Mz.T Lt 15A,Breña,,,,,,T,15A,URBANIZACION NOSIGLIA ETAPA DOS,150105,-12.063416,-77.052393,osm_area_center,,dev,mz=Mz.;lt=Lt;marcador=Urb.;orden=urb_mz;loc=campo
MZL-n9429566063-1,synthetic_mzlt,Residencial La Salle II Mz.B Lt.30 (altura del paradero) Breña,,,,,,,B,30,RESIDENCIAL LA SALLE II,150105,-12.059995,-77.047533,osm_area_center,,test,mz=Mz.;lt=Lt.;marcador=Residencial;orden=urb_mz;referencia;loc=espacio;sin_tildes
MZL-n9429566063-2,synthetic_mzlt,"Res. La Salle II Calle 5 mz O, LT. 10, Breña",,,,CALLE,5,,O,10,RESIDENCIAL LA SALLE II,150105,-12.059995,-77.047533,osm_area_center,,test,mz=mz;lt=LT.;marcador=Res.;orden=urb_via_mz;loc=coma
MZL-n9429566066-1,synthetic_mzlt,"Urb. José Pablo MzQ, Lt 5 Breña",,,,,,,Q,5,URBANIZACION JOSE PABLO,150105,-12.059760,-77.047129,osm_area_center,,dev,mz=Mz;lt=Lt;marcador=Urb.;orden=urb_mz;loc=espacio
MZL-n9429566066-2,synthetic_mzlt,"Mz. F, LT. 21 Urb José Pablo - Breña",,,,,,,F,21,URBANIZACION JOSE PABLO,150105,-12.059760,-77.047129,osm_area_center,,dev,mz=Mz.;lt=LT.;marcador=Urb;orden=mz_urb;loc=guion
MZL-n9548119661-1,synthetic_mzlt,"Urb Chacra Colorada Calle 12 mz M - Lote 8, Breña, Lima",,,,CALLE,12,,M,8,URBANIZACION CHACRA COLORADA,150105,-12.053214,-77.049880,osm_area_center,,dev,mz=mz;lt=Lote;marcador=Urb;orden=urb_via_mz;loc=dist_prov
MZL-n9548119661-2,synthetic_mzlt,"URB. CHACRA COLORADA MZ. T, LOTE 33 (FRENTE AL MERCADO) - BREÑA",,Lima,,,,,T,33,URBANIZACION CHACRA COLORADA,150105,-12.053214,-77.049880,osm_area_center,,dev,mz=MZ.;lt=lote;marcador=urb.;orden=urb_mz;referencia;loc=mixta;mayusculas
MZL-n9548119662-1,synthetic_mzlt,"Urb. Azcona Mz A, LT. 6, Breña, Lima, Lima",,,,,,,A,6,URBANIZACION AZCONA,150105,-12.061180,-77.055753,osm_area_center,,dev,mz=Mz;lt=LT.;marcador=Urb.;orden=urb_mz;loc=dist_prov_dep;sin_tildes
MZL-n9548119662-2,synthetic_mzlt,urb. azcona calle 5 mz. 44 lt.24 - breña,,Lima,,CALLE,5,,44,24,URBANIZACION AZCONA,150105,-12.061180,-77.055753,osm_area_center,,dev,mz=MZ.;lt=Lt.;marcador=Urb.;orden=urb_via_mz;loc=mixta;minusculas;sin_tildes
MZL-w410708838-1,synthetic_mzlt,"urb. Jardines de Venezuela Mz.J, LT. 9 (cerca al colegio), Breña",,,,,,,J,9,URBANIZACION JARDINES DE VENEZUELA,150105,-12.054408,-77.045475,osm_area_center,,dev,mz=Mz.;lt=LT.;marcador=urb.;orden=urb_mz;referencia;loc=coma
MZL-w410708838-2,synthetic_mzlt,"Urbanizacion Jardines de Venezuela Calle 12 Mz. D2 - Lt.6 (frente al parque), Breña, Lima, Lima",,,,CALLE,12,,D2,6,URBANIZACION JARDINES DE VENEZUELA,150105,-12.054408,-77.045475,osm_area_center,,dev,mz=Mz.;lt=Lt.;marcador=Urbanización;orden=urb_via_mz;referencia;loc=dist_prov_dep;sin_tildes
MZL-w500543591-1,synthetic_mzlt,psje. los pinos manzana m lt. 16 urbanización residencia de las hermanitas de los ancianos desamparados - breña,,,,PASAJE,LOS PINOS,,M,16,URBANIZACION RESIDENCIA DE LAS HERMANITAS DE LOS ANCIANOS DESAMPARADOS,150105,-12.063491,-77.045420,osm_area_center,,dev,mz=Manzana;lt=LT.;marcador=Urbanización;orden=via_mz_urb;loc=guion;minusculas
MZL-w500543591-2,synthetic_mzlt,"urb. Residencia de las Hermanitas de los Ancianos Desamparados Av. Central MzZ, Lt 25 (frente al parque), Breña, Lima",,,,AVENIDA,CENTRAL,,Z,25,URBANIZACION RESIDENCIA DE LAS HERMANITAS DE LOS ANCIANOS DESAMPARADOS,150105,-12.063491,-77.045420,osm_area_center,,dev,mz=Mz;lt=Lt;marcador=urb.;orden=urb_via_mz;referencia;loc=dist_prov;sin_tildes
MZL-w720713085-1,synthetic_mzlt,"urb. Las Magnolias Av. Central MzU - Lote 21, Breña",,,,AVENIDA,CENTRAL,,U,21,URBANIZACION LAS MAGNOLIAS,150105,-12.050330,-77.052237,osm_area_center,,dev,mz=Mz;lt=Lote;marcador=urb.;orden=urb_via_mz;loc=coma
MZL-w720713085-2,synthetic_mzlt,urb. las magnolias mza. x lt.30 (frente al parque) - breña,,Lima,,,,,X,30,URBANIZACION LAS MAGNOLIAS,150105,-12.050330,-77.052237,osm_area_center,,dev,mz=Mza.;lt=Lt.;marcador=urb.;orden=urb_mz;referencia;loc=mixta;minusculas;sin_tildes
MZL-n10311218645-1,synthetic_mzlt,"URB. San Pedro de Carabayllo Pasaje 3 Mz Z LT. 19, Carabayllo, Lima, Lima",,,,PASAJE,3,,Z,19,URBANIZACION SAN PEDRO DE CARABAYLLO,150106,-11.853678,-77.037015,osm_area_center,,dev,mz=Mz;lt=LT.;marcador=URB.;orden=urb_via_mz;loc=dist_prov_dep
MZL-n10311218645-2,synthetic_mzlt,"Calle 12 Mza. O Lt. 22 Urbanizacion San Pedro de Carabayllo, Carabayllo, Lima",,,,CALLE,12,,O,22,URBANIZACION SAN PEDRO DE CARABAYLLO,150106,-11.853678,-77.037015,osm_area_center,,dev,mz=Mza.;lt=Lt.;marcador=Urbanización;orden=via_mz_urb;loc=dist_prov;sin_tildes
MZL-n10311218648-1,synthetic_mzlt,Mz Y Lt.37 Urb Residancial Las Cascadas - Carabayllo,,Lima,,,,,Y,37,URBANIZACION RESIDANCIAL LAS CASCADAS,150106,-11.848441,-77.046386,osm_area_center,,dev,mz=Mz;lt=Lt.;marcador=Urb;orden=mz_urb;loc=mixta;sin_tildes
MZL-n10311218648-2,synthetic_mzlt,av. central manzana u lt.11 urb. residancial las cascadas - carabayllo,,,,AVENIDA,CENTRAL,,U,11,URBANIZACION RESIDANCIAL LAS CASCADAS,150106,-11.848441,-77.046386,osm_area_center,,dev,mz=Manzana;lt=Lt.;marcador=URB.;orden=via_mz_urb;loc=guion;minusculas;sin_tildes
MZL-n10311218649-1,synthetic_mzlt,MANZANA V - LOTE 13 URB. LOS FICUS 2 - CARABAYLLO,,,,,,,V,13,URBANIZACION LOS FICUS 2,150106,-11.851591,-77.042851,osm_area_center,,test,mz=Manzana;lt=lote;marcador=urb.;orden=mz_urb;loc=guion;mayusculas;sin_tildes
MZL-n10311218649-2,synthetic_mzlt,"Jr. Las Flores MZ. N Lote 21 Urbanización Los Ficus 2, Carabayllo, Lima, Lima",,,,JIRON,LAS FLORES,,N,21,URBANIZACION LOS FICUS 2,150106,-11.851591,-77.042851,osm_area_center,,test,mz=MZ.;lt=Lote;marcador=Urbanización;orden=via_mz_urb;loc=dist_prov_dep
MZL-n10311218660-1,synthetic_mzlt,URB SANTA MARÍA 8VA ETAPA PASAJE 3 MANZANA 39 LT. 34 - CARABAYLLO,,Lima,,PASAJE,3,,39,34,URBANIZACION SANTA MARIA 8 ETAPA,150106,-11.846805,-77.048326,osm_area_center,,dev,mz=Manzana;lt=Lt.;marcador=Urb;orden=urb_via_mz;loc=mixta;mayusculas
MZL-n10311218660-2,synthetic_mzlt,Urbanización Santa María 8va Etapa Mz.B - LT. 3 Carabayllo,,,,,,,B,3,URBANIZACION SANTA MARIA 8 ETAPA,150106,-11.846805,-77.048326,osm_area_center,,dev,mz=Mz.;lt=LT.;marcador=Urbanización;orden=urb_mz;loc=espacio
MZL-n10311218661-1,synthetic_mzlt,"Psje. Los Pinos Mza. N Lt. 33 Urb. Boulevard Santa Maria, Carabayllo",,,,PASAJE,LOS PINOS,,N,33,URBANIZACION BOULEVARD SANTA MARIA,150106,-11.839739,-77.050680,osm_area_center,,dev,mz=Mza.;lt=Lt.;marcador=Urb.;orden=via_mz_urb;loc=coma;sin_tildes
MZL-n10311218661-2,synthetic_mzlt,URB. BOULEVARD SANTA MARÍA MZ U LT. 29 CARABAYLLO,,,,,,,U,29,URBANIZACION BOULEVARD SANTA MARIA,150106,-11.839739,-77.050680,osm_area_center,,dev,mz=Mz;lt=LT.;marcador=URB.;orden=urb_mz;loc=espacio;mayusculas
MZL-n13104611855-1,synthetic_mzlt,"PSJE. LOS PINOS MZ. N LT. 39 URB VILLAS DE CARABAYLLO, CARABAYLLO, LIMA",,,,PASAJE,LOS PINOS,,N,39,URBANIZACION VILLAS DE CARABAYLLO,150106,-11.783022,-76.946938,osm_area_center,,dev,mz=MZ.;lt=Lt.;marcador=Urb;orden=via_mz_urb;loc=dist_prov;mayusculas;sin_tildes
MZL-n13104611855-2,synthetic_mzlt,URB. Villas de Carabayllo Calle 5 Mza. 3 Lt.17 - Carabayllo,,Lima,,CALLE,5,,3,17,URBANIZACION VILLAS DE CARABAYLLO,150106,-11.783022,-76.946938,osm_area_center,,dev,mz=Mza.;lt=Lt.;marcador=URB.;orden=urb_via_mz;loc=mixta;sin_tildes
MZL-n13104746611-1,synthetic_mzlt,URBANIZACIÓN LAS PRADERAS DE SAN LORENZO PASAJE 3 MZA. I LT.16 CARABAYLLO,,,,PASAJE,3,,I,16,URBANIZACION LAS PRADERAS DE SAN LORENZO,150106,-11.845572,-76.981138,osm_area_center,,test,mz=Mza.;lt=Lt.;marcador=Urbanización;orden=urb_via_mz;loc=espacio;mayusculas
MZL-n13104746611-2,synthetic_mzlt,Calle 12 MzU LT. 33 urb. Las Praderas de San Lorenzo Carabayllo,,,,CALLE,12,,U,33,URBANIZACION LAS PRADERAS DE SAN LORENZO,150106,-11.845572,-76.981138,osm_area_center,,test,mz=Mz;lt=LT.;marcador=urb.;orden=via_mz_urb;loc=espacio
MZL-n4470140664-1,synthetic_mzlt,"URBANIZACIÓN CHOCAS ALTO CALLE 12 MZB, LT 23",Carabayllo,,,CALLE,12,,B,23,URBANIZACION CHOCAS ALTO,150106,-11.755907,-76.973001,osm_area_center,,test,mz=Mz;lt=Lt;marcador=Urbanización;orden=urb_via_mz;loc=campo;mayusculas
MZL-n4470140664-2,synthetic_mzlt,Urb Chocas Alto Pasaje 3 MzT Lt 19,Carabayllo,,,PASAJE,3,,T,19,URBANIZACION CHOCAS ALTO,150106,-11.755907,-76.973001,osm_area_center,,test,mz=Mz;lt=Lt;marcador=Urb;orden=urb_via_mz;loc=campo
MZL-n5027448793-1,synthetic_mzlt,URB. Cassinelli Pasaje 3 MZ. J1 Lote 28 (altura del paradero) Carabayllo,,,,PASAJE,3,,J1,28,URBANIZACION CASSINELLI,150106,-11.786846,-76.982717,osm_area_center,,dev,mz=MZ.;lt=Lote;marcador=URB.;orden=urb_via_mz;referencia;loc=espacio
MZL-n5027448793-2,synthetic_mzlt,urb. Cassinelli Pasaje 3 mz H lote 37 - Carabayllo,,Lima,,PASAJE,3,,H,37,URBANIZACION CASSINELLI,150106,-11.786846,-76.982717,osm_area_center,,dev,mz=mz;lt=lote;marcador=urb.;orden=urb_via_mz;loc=mixta
MZL-n6100478178-1,synthetic_mzlt,AAHH 25 de Diciembre MZ. H lote 3A - Carabayllo,,,,,,,H,3A,ASENTAMIENTO HUMANO 25 DE DICIEMBRE,150106,-11.887079,-77.015732,osm_area_center,,test,mz=MZ.;lt=lote;marcador=AAHH;orden=urb_mz;loc=guion
MZL-n6100478178-2,synthetic_mzlt,Mz.Y - Lt.39 AAHH 25 de Diciembre - Carabayllo,,Lima,,,,,Y,39,ASENTAMIENTO HUMANO 25 DE DICIEMBRE,150106,-11.887079,-77.015732,osm_area_center,,test,mz=Mz.;lt=Lt.;marcador=AAHH;orden=mz_urb;loc=mixta
MZL-n6100478179-1,synthetic_mzlt,"Urb La Paz Jr. Las Flores MZ. 23, Lt. 32, Carabayllo, Lima",,,,JIRON,LAS FLORES,,23,32,URBANIZACION LA PAZ,150106,-11.887588,-77.015686,osm_area_center,,test,mz=MZ.;lt=Lt.;marcador=Urb;orden=urb_via_mz;loc=dist_prov;sin_tildes
MZL-n6100478179-2,synthetic_mzlt,urb. la paz mz u - lt.29 (frente al parque) - carabayllo,,,,,,,U,29,URBANIZACION LA PAZ,150106,-11.887588,-77.015686,osm_area_center,,test,mz=Mz;lt=Lt.;marcador=URB.;orden=urb_mz;referencia;loc=guion;minusculas
MZL-n6104291358-1,synthetic_mzlt,Calle 5 Mz. R Lt. 9A AA. HH. Nuevo Milenio - Carabayllo,,,,CALLE,5,,R,9A,ASENTAMIENTO HUMANO NUEVO MILENIO,150106,-11.885803,-77.013198,osm_area_center,,test,mz=Mz.;lt=Lt.;marcador=AA. HH.;orden=via_mz_urb;loc=guion
MZL-n6104291358-2,synthetic_mzlt,"AA. HH. Nuevo Milenio Pasaje 3 MZ. N Lt. 31, Carabayllo",,,,PASAJE,3,,N,31,ASENTAMIENTO HUMANO NUEVO MILENIO,150106,-11.885803,-77.013198,osm_area_center,,test,mz=MZ.;lt=Lt.;marcador=AA. HH.;orden=urb_via_mz;loc=coma
MZL-n6113545398-1,synthetic_mzlt,"MZ 51 LT. 25 URB. PEDRO LABARTE, CARABAYLLO, LIMA, LIMA",,,,,,,51,25,URBANIZACION PEDRO LABARTE,150106,-11.886465,-77.016530,osm_area_center,,dev,mz=mz;lt=LT.;marcador=Urb.;orden=mz_urb;loc=dist_prov_dep;mayusculas;sin_tildes
MZL-n6113545398-2,synthetic_mzlt,Calle 12 MzV Lt. 13 Urbanizacion Pedro Labarte Carabayllo,,,,CALLE,12,,V,13,URBANIZACION PEDRO LABARTE,150106,-11.886465,-77.016530,osm_area_center,,dev,mz=Mz;lt=Lt.;marcador=Urbanización;orden=via_mz_urb;loc=espacio;sin_tildes
MZL-n6113615987-1,synthetic_mzlt,mz 26 - lote 39 urb. Ampliación Ciro Alegría - Carabayllo,,Lima,,,,,26,39,URBANIZACION AMPLIACION CIRO ALEGRIA,150106,-11.886234,-77.017315,osm_area_center,,dev,mz=mz;lt=lote;marcador=urb.;orden=mz_urb;loc=mixta
MZL-n6113615987-2,synthetic_mzlt,"Mz S1 - LT. 36 Urb. Ampliacion Ciro Alegria (frente al mercado), Carabayllo",,,,,,,S1,36,URBANIZACION AMPLIACION CIRO ALEGRIA,150106,-11.886234,-77.017315,osm_area_center,,dev,mz=Mz;lt=LT.;marcador=Urb.;orden=mz_urb;referencia;loc=coma;sin_tildes
MZL-w1182392970-1,synthetic_mzlt,"Psje. Los Pinos Mz.25 - Lt 2 urb. La Planice 3, Carabayllo, Lima",,,,PASAJE,LOS PINOS,,25,2,URBANIZACION LA PLANICE 3,150106,-11.820441,-77.032798,osm_area_center,,dev,mz=Mz.;lt=Lt;marcador=urb.;orden=via_mz_urb;loc=dist_prov;sin_tildes
MZL-w1182392970-2,synthetic_mzlt,URB. La Planice 3 Mz. U Lt 17 - Carabayllo,,Lima,,,,,U,17,URBANIZACION LA PLANICE 3,150106,-11.820441,-77.032798,osm_area_center,,dev,mz=Mz.;lt=Lt;marcador=URB.;orden=urb_mz;loc=mixta
MZL-n4762329763-1,synthetic_mzlt,"Mza. P Lt 13 URB. Huascata, Chaclacayo, Lima",,,,,,,P,13,URBANIZACION HUASCATA,150107,-11.994103,-76.820408,osm_area_center,,dev,mz=Mza.;lt=Lt;marcador=URB.;orden=mz_urb;loc=dist_prov;sin_tildes
MZL-n4762329763-2,synthetic_mzlt,Urb Huascata Calle 5 Mza. H Lote 2,Chaclacayo,,,CALLE,5,,H,2,URBANIZACION HUASCATA,150107,-11.994103,-76.820408,osm_area_center,,dev,mz=Mza.;lt=Lote;marcador=Urb;orden=urb_via_mz;loc=campo
MZL-n5739351356-1,synthetic_mzlt,Av. Central Mz K - lote 1 Urb. El Cuadro Chaclacayo,,,,AVENIDA,CENTRAL,,K,1,URBANIZACION EL CUADRO,150107,-11.987395,-76.797464,osm_area_center,,dev,mz=Mz;lt=lote;marcador=Urb.;orden=via_mz_urb;loc=espacio;sin_tildes
MZL-n5739351356-2,synthetic_mzlt,URB. El Cuadro Mza. C LT. 22 - Chaclacayo,,,,,,,C,22,URBANIZACION EL CUADRO,150107,-11.987395,-76.797464,osm_area_center,,dev,mz=Mza.;lt=LT.;marcador=URB.;orden=urb_mz;loc=guion
MZL-n8858983803-1,synthetic_mzlt,Urbanización Ñaña Mza. J Lt. 11,Chaclacayo,,,,,,J,11,URBANIZACION ÑAÑA,150107,-11.986201,-76.819902,osm_area_center,,dev,mz=Mza.;lt=Lt.;marcador=Urbanización;orden=urb_mz;loc=campo
MZL-n8858983803-2,synthetic_mzlt,"URB. Ñaña Jr. Las Flores Mz. Y3, Lt 24 Chaclacayo",,,,JIRON,LAS FLORES,,Y3,24,URBANIZACION ÑAÑA,150107,-11.986201,-76.819902,osm_area_center,,dev,mz=Mz.;lt=Lt;marcador=URB.;orden=urb_via_mz;loc=espacio
MZL-n8973077281-1,synthetic_mzlt,CALLE 12 MZA. J LOTE 2 URB. LA FLORESTA (FRENTE AL PARQUE) - CHACLACAYO,,,,CALLE,12,,J,2,URBANIZACION LA FLORESTA,150107,-11.991884,-76.821736,osm_area_center,,dev,mz=Mza.;lt=Lote;marcador=Urb.;orden=via_mz_urb;referencia;loc=guion;mayusculas;sin_tildes
MZL-n8973077281-2,synthetic_mzlt,"URB. LA FLORESTA MZA. U, LOTE 26 - CHACLACAYO",,Lima,,,,,U,26,URBANIZACION LA FLORESTA,150107,-11.991884,-76.821736,osm_area_center,,dev,mz=Mza.;lt=Lote;marcador=URB.;orden=urb_mz;loc=mixta;mayusculas
MZL-n9089962418-1,synthetic_mzlt,Calle 12 mz M2 - LT. 14 Asoc Huascarán - Chaclacayo,,Lima,,CALLE,12,,M2,14,ASOCIACION HUASCARAN,150107,-11.982732,-76.779623,osm_area_center,,dev,mz=mz;lt=LT.;marcador=Asoc;orden=via_mz_urb;loc=mixta
MZL-n9089962418-2,synthetic_mzlt,"Mz.Y, Lt.3 Asociación Huascarán, Chaclacayo, Lima, Lima",,,,,,,Y,3,ASOCIACION HUASCARAN,150107,-11.982732,-76.779623,osm_area_center,,dev,mz=Mz.;lt=Lt.;marcador=Asociación;orden=mz_urb;loc=dist_prov_dep
MZL-n9721725885-1,synthetic_mzlt,Pasaje 3 Mz K Lote 4 Urbanización Villa Mercedes Chaclacayo,,,,PASAJE,3,,K,4,URBANIZACION VILLA MERCEDES,150107,-11.996198,-76.824768,osm_area_center,,test,mz=Mz;lt=Lote;marcador=Urbanización;orden=via_mz_urb;loc=espacio
MZL-n9721725885-2,synthetic_mzlt,"URB. VILLA MERCEDES JR. LAS FLORES MANZANA Y LT.30, CHACLACAYO",,,,JIRON,LAS FLORES,,Y,30,URBANIZACION VILLA MERCEDES,150107,-11.996198,-76.824768,osm_area_center,,test,mz=Manzana;lt=Lt.;marcador=URB.;orden=urb_via_mz;loc=coma;mayusculas
MZL-n9721725886-1,synthetic_mzlt,Av. Central Mz. L - Lt. 28 urb. Villa Maria (cerca al colegio) - Chaclacayo,,Lima,,AVENIDA,CENTRAL,,L,28,URBANIZACION VILLA MARIA,150107,-11.994825,-76.824486,osm_area_center,,dev,mz=Mz.;lt=Lt.;marcador=urb.;orden=via_mz_urb;referencia;loc=mixta;sin_tildes
MZL-n9721725886-2,synthetic_mzlt,Urbanizacion Villa Maria Calle 5 Mz W lote 18 - Chaclacayo,,Lima,,CALLE,5,,W,18,URBANIZACION VILLA MARIA,150107,-11.994825,-76.824486,osm_area_center,,dev,mz=Mz;lt=lote;marcador=Urbanización;orden=urb_via_mz;loc=mixta;sin_tildes
MZL-n9721725887-1,synthetic_mzlt,"Jr. Las Flores Mza. E1, LT. 21 Urb Villa Rica Alta, Chaclacayo, Lima",,,,JIRON,LAS FLORES,,E1,21,URBANIZACION VILLA RICA ALTA,150107,-11.995491,-76.825457,osm_area_center,,dev,mz=Mza.;lt=LT.;marcador=Urb;orden=via_mz_urb;loc=dist_prov
MZL-n9721725887-2,synthetic_mzlt,"Calle 5 MZ. R1 Lt 12 URB. Villa Rica Alta (cerca al colegio), Chaclacayo, Lima, Lima",,,,CALLE,5,,R1,12,URBANIZACION VILLA RICA ALTA,150107,-11.995491,-76.825457,osm_area_center,,dev,mz=MZ.;lt=Lt;marcador=URB.;orden=via_mz_urb;referencia;loc=dist_prov_dep
MZL-n9721725888-1,synthetic_mzlt,"Urbanizacion Villa Rica Baja Mz. D - Lt.21, Chaclacayo, Lima, Lima",,,,,,,D,21,URBANIZACION VILLA RICA BAJA,150107,-11.993965,-76.826723,osm_area_center,,dev,mz=Mz.;lt=Lt.;marcador=Urbanización;orden=urb_mz;loc=dist_prov_dep;sin_tildes
MZL-n9721725888-2,synthetic_mzlt,Urbanizacion Villa Rica Baja Mz K Lt.28 - Chaclacayo,,,,,,,K,28,URBANIZACION VILLA RICA BAJA,150107,-11.993965,-76.826723,osm_area_center,,dev,mz=Mz;lt=Lt.;marcador=Urbanización;orden=urb_mz;loc=guion;sin_tildes
MZL-w1540148792-1,synthetic_mzlt,"Urb. VILLA EL ROSARIO Mz. M, Lt 33 - Chaclacayo",,Lima,,,,,M,33,URBANIZACION VILLA EL ROSARIO,150107,-11.972896,-76.765778,osm_area_center,,dev,mz=Mz.;lt=Lt;marcador=Urb.;orden=urb_mz;loc=mixta
MZL-w1540148792-2,synthetic_mzlt,Av. Central MzZ - LT. 16 Urb VILLA EL ROSARIO Chaclacayo,,,,AVENIDA,CENTRAL,,Z,16,URBANIZACION VILLA EL ROSARIO,150107,-11.972896,-76.765778,osm_area_center,,dev,mz=Mz;lt=LT.;marcador=Urb;orden=via_mz_urb;loc=espacio;sin_tildes
MZL-n12955156990-1,synthetic_mzlt,URB. NESTOR BATANERO MZ W LT.28 - CHORRILLOS,,,,,,,W,28,URBANIZACION NESTOR BATANERO,150108,-12.186619,-76.982945,osm_area_center,,dev,mz=Mz;lt=Lt.;marcador=Urb.;orden=urb_mz;loc=guion;mayusculas;sin_tildes
MZL-n12955156990-2,synthetic_mzlt,mz A Lt. 31 Urb. Néstor Batanero - Chorrillos,,,,,,,A,31,URBANIZACION NESTOR BATANERO,150108,-12.186619,-76.982945,osm_area_center,,dev,mz=mz;lt=Lt.;marcador=Urb.;orden=mz_urb;loc=guion
MZL-n4060539019-1,synthetic_mzlt,"PSJE. LOS PINOS MZA. D1, LT.28 URBANIZACIÓN LA ENCANTADA DE VILLA (FRENTE AL PARQUE), CHORRILLOS",,,,PASAJE,LOS PINOS,,D1,28,URBANIZACION LA ENCANTADA DE VILLA,150108,-12.210290,-77.009006,osm_area_center,,dev,mz=Mza.;lt=Lt.;marcador=Urbanización;orden=via_mz_urb;referencia;loc=coma;mayusculas
MZL-n4060539019-2,synthetic_mzlt,"URB. LA ENCANTADA DE VILLA MANZANA H - LT. 36, CHORRILLOS, LIMA",,,,,,,H,36,URBANIZACION LA ENCANTADA DE VILLA,150108,-12.210290,-77.009006,osm_area_center,,dev,mz=Manzana;lt=Lt.;marcador=Urb.;orden=urb_mz;loc=dist_prov;mayusculas;sin_tildes
MZL-n4235856397-1,synthetic_mzlt,"Urb. Las Brisas de Villa Av. Central MzI, Lote 15",Chorrillos,,,AVENIDA,CENTRAL,,I,15,URBANIZACION LAS BRISAS DE VILLA,150108,-12.218122,-76.993854,osm_area_center,,dev,mz=Mz;lt=Lote;marcador=Urb.;orden=urb_via_mz;loc=campo
MZL-n4235856397-2,synthetic_mzlt,PASAJE 3 MZ. T LT.33 URBANIZACION LAS BRISAS DE VILLA CHORRILLOS,,,,PASAJE,3,,T,33,URBANIZACION LAS BRISAS DE VILLA,150108,-12.218122,-76.993854,osm_area_center,,dev,mz=MZ.;lt=Lt.;marcador=Urbanización;orden=via_mz_urb;loc=espacio;mayusculas;sin_tildes
MZL-n6816461833-1,synthetic_mzlt,"CALLE 5 MANZANA W, LT 32 URB. SARITA COLONIA (FRENTE AL PARQUE) CHORRILLOS",,,,CALLE,5,,W,32,URBANIZACION SARITA COLONIA,150108,-12.188288,-77.006579,osm_area_center,,dev,mz=Manzana;lt=Lt;marcador=URB.;orden=via_mz_urb;referencia;loc=espacio;mayusculas;sin_tildes
MZL-n6816461833-2,synthetic_mzlt,Urb. Sarita Colonia Jr. Las Flores Mza. K3 Lt. 32 - Chorrillos,,,,JIRON,LAS FLORES,,K3,32,URBANIZACION SARITA COLONIA,150108,-12.188288,-77.006579,osm_area_center,,dev,mz=Mza.;lt=Lt.;marcador=Urb.;orden=urb_via_mz;loc=guion;sin_tildes
MZL-n9731239508-1,synthetic_mzlt,URB. San Genaro MzH - Lote 4 - Chorrillos,,Lima,,,,,H,4,URBANIZACION SAN GENARO,150108,-12.195402,-77.022562,osm_area_center,,dev,mz=Mz;lt=Lote;marcador=URB.;orden=urb_mz;loc=mixta
MZL-n9731239508-2,synthetic_mzlt,MZ T LT.13 URB. SAN GENARO (FRENTE AL MERCADO) - CHORRILLOS,,,,,,,T,13,URBANIZACION SAN GENARO,150108,-12.195402,-77.022562,osm_area_center,,dev,mz=mz;lt=Lt.;marcador=URB.;orden=mz_urb;referencia;loc=guion;mayusculas;sin_tildes
MZL-r14939757-1,synthetic_mzlt,"Calle 12 mz R LT. 27 URB. Villa Militar Matellini, Chorrillos",,,,CALLE,12,,R,27,URBANIZACION VILLA MILITAR MATELLINI,150108,-12.173014,-77.011224,osm_area_center,,test,mz=mz;lt=LT.;marcador=URB.;orden=via_mz_urb;loc=coma
MZL-r14939757-2,synthetic_mzlt,URB. Villa Militar Matellini MzF - Lt. 24,Chorrillos,,,,,,F,24,URBANIZACION VILLA MILITAR MATELLINI,150108,-12.173014,-77.011224,osm_area_center,,test,mz=Mz;lt=Lt.;marcador=URB.;orden=urb_mz;loc=campo;sin_tildes
MZL-w293499877-1,synthetic_mzlt,"Jr. Las Flores MzT Lt.19 urb. Villa Militar Este, Chorrillos",,,,JIRON,LAS FLORES,,T,19,URBANIZACION VILLA MILITAR ESTE,150108,-12.156143,-77.016345,osm_area_center,,test,mz=Mz;lt=Lt.;marcador=urb.;orden=via_mz_urb;loc=coma;sin_tildes
MZL-w293499877-2,synthetic_mzlt,"URB VILLA MILITAR ESTE CALLE 12 MZA. G LT. 39, CHORRILLOS",,,,CALLE,12,,G,39,URBANIZACION VILLA MILITAR ESTE,150108,-12.156143,-77.016345,osm_area_center,,test,mz=Mza.;lt=LT.;marcador=Urb;orden=urb_via_mz;loc=coma;mayusculas
MZL-w401692496-1,synthetic_mzlt,"Urbanización Villa Militar Las Palmas Calle 5 mz B, Lt. 5, Chorrillos",,,,CALLE,5,,B,5,URBANIZACION VILLA MILITAR LAS PALMAS,150108,-12.159925,-77.009688,osm_area_center,,test,mz=mz;lt=Lt.;marcador=Urbanización;orden=urb_via_mz;loc=coma
MZL-w401692496-2,synthetic_mzlt,"Urb. Villa Militar Las Palmas Psje. Los Pinos Manzana 49, lote 37",Chorrillos,,,PASAJE,LOS PINOS,,49,37,URBANIZACION VILLA MILITAR LAS PALMAS,150108,-12.159925,-77.009688,osm_area_center,,test,mz=Manzana;lt=lote;marcador=Urb.;orden=urb_via_mz;loc=campo
MZL-w416310123-1,synthetic_mzlt,"urb villa militar oeste mza. l, lt. 38 - chorrillos",,Lima,,,,,L,38,URBANIZACION VILLA MILITAR OESTE,150108,-12.157448,-77.020980,osm_area_center,,dev,mz=Mza.;lt=LT.;marcador=Urb;orden=urb_mz;loc=mixta;minusculas;sin_tildes
MZL-w416310123-2,synthetic_mzlt,urb. Villa Militar Oeste Calle 12 mz M Lt 29,Chorrillos,,,CALLE,12,,M,29,URBANIZACION VILLA MILITAR OESTE,150108,-12.157448,-77.020980,osm_area_center,,dev,mz=mz;lt=Lt;marcador=urb.;orden=urb_via_mz;loc=campo
MZL-w423729703-1,synthetic_mzlt,PASAJE 3 MZ. D - LOTE 32 URBANIZACIÓN CASA DEL ADULTO MAYOR,Chorrillos,,,PASAJE,3,,D,32,URBANIZACION CASA DEL ADULTO MAYOR,150108,-12.190552,-77.009745,osm_area_center,,dev,mz=Mz.;lt=Lote;marcador=Urbanización;orden=via_mz_urb;loc=campo;mayusculas
MZL-w423729703-2,synthetic_mzlt,"Calle 5 MZ. F, Lt. 10 Urb. Casa del Adulto Mayor, Chorrillos, Lima",,,,CALLE,5,,F,10,URBANIZACION CASA DEL ADULTO MAYOR,150108,-12.190552,-77.009745,osm_area_center,,dev,mz=MZ.;lt=Lt.;marcador=Urb.;orden=via_mz_urb;loc=dist_prov;sin_tildes
MZL-w429336820-1,synthetic_mzlt,"urb. palmeras de villa pasaje 3 mz.d - lt. 39, chorrillos",,,,PASAJE,3,,D,39,URBANIZACION PALMERAS DE VILLA,150108,-12.213666,-76.977741,osm_area_center,,test,mz=Mz.;lt=Lt.;marcador=urb.;orden=urb_via_mz;loc=coma;minusculas
MZL-w429336820-2,synthetic_mzlt,CALLE 5 MZ I LOTE 39 URB. PALMERAS DE VILLA - CHORRILLOS,,Lima,,CALLE,5,,I,39,URBANIZACION PALMERAS DE VILLA,150108,-12.213666,-76.977741,osm_area_center,,test,mz=mz;lt=lote;marcador=urb.;orden=via_mz_urb;loc=mixta;mayusculas
MZL-w553746273-1,synthetic_mzlt,"Calle 5 MzW, Lote 29 Cond. Las Torres de Matellini, Chorrillos",,,,CALLE,5,,W,29,CONDOMINIO LAS TORRES DE MATELLINI,150108,-12.169336,-77.010220,osm_area_center,,test,mz=Mz;lt=Lote;marcador=Cond.;orden=via_mz_urb;loc=coma;sin_tildes
MZL-w553746273-2,synthetic_mzlt,"mz 55, lt. 34 condominio las torres de matellini chorrillos",,,,,,,55,34,CONDOMINIO LAS TORRES DE MATELLINI,150108,-12.169336,-77.010220,osm_area_center,,test,mz=Mz;lt=Lt.;marcador=Condominio;orden=mz_urb;loc=espacio;minusculas;sin_tildes
MZL-w829925867-1,synthetic_mzlt,"cond. floresta sur de matellini mzn lote 28, chorrillos, lima, lima",,,,,,,N,28,CONDOMINIO FLORESTA SUR DE MATELLINI,150108,-12.169669,-77.008698,osm_area_center,,test,mz=Mz;lt=lote;marcador=Cond.;orden=urb_mz;loc=dist_prov_dep;minusculas;sin_tildes
MZL-w829925867-2,synthetic_mzlt,calle 12 mz.s - lt.35 condominio floresta sur de matellini,Chorrillos,,,CALLE,12,,S,35,CONDOMINIO FLORESTA SUR DE MATELLINI,150108,-12.169669,-77.008698,osm_area_center,,test,mz=Mz.;lt=Lt.;marcador=Condominio;orden=via_mz_urb;loc=campo;minusculas
MZL-w895242135-1,synthetic_mzlt,"Res. Arco Iris MzM - Lt.37, Chorrillos, Lima",,,,,,,M,37,RESIDENCIAL ARCO IRIS,150108,-12.172934,-76.993669,osm_area_center,,dev,mz=Mz;lt=Lt.;marcador=Res.;orden=urb_mz;loc=dist_prov
MZL-w895242135-2,synthetic_mzlt,"RESIDENCIAL ARCO IRIS CALLE 12 MANZANA K, LOTE 30, CHORRILLOS, LIMA, LIMA",,,,CALLE,12,,K,30,RESIDENCIAL ARCO IRIS,150108,-12.172934,-76.993669,osm_area_center,,dev,mz=Manzana;lt=lote;marcador=Residencial;orden=urb_via_mz;loc=dist_prov_dep;mayusculas;sin_tildes
MZL-w895248233-1,synthetic_mzlt,Cond. El Pilar Jr. Las Flores Mz F lote 3,Chorrillos,,,JIRON,LAS FLORES,,F,3,CONDOMINIO EL PILAR,150108,-12.173534,-76.992927,osm_area_center,,dev,mz=Mz;lt=lote;marcador=Cond.;orden=urb_via_mz;loc=campo;sin_tildes
MZL-w895248233-2,synthetic_mzlt,"Condominio El Pilar Jr. Las Flores Manzana R Lt 32, Chorrillos, Lima",,,,JIRON,LAS FLORES,,R,32,CONDOMINIO EL PILAR,150108,-12.173534,-76.992927,osm_area_center,,dev,mz=Manzana;lt=Lt;marcador=Condominio;orden=urb_via_mz;loc=dist_prov
MZL-n13105134781-1,synthetic_mzlt,"urb. Trebol de Collanac MzK lote 36, Cieneguilla, Lima, Lima",,,,,,,K,36,URBANIZACION TREBOL DE COLLANAC,150109,-12.084247,-76.828965,osm_area_center,,test,mz=Mz;lt=lote;marcador=urb.;orden=urb_mz;loc=dist_prov_dep;sin_tildes
MZL-n13105134781-2,synthetic_mzlt,Manzana 43 - lote 27 Urb Trebol de Collanac,Cieneguilla,,,,,,43,27,URBANIZACION TREBOL DE COLLANAC,150109,-12.084247,-76.828965,osm_area_center,,test,mz=Manzana;lt=lote;marcador=Urb;orden=mz_urb;loc=campo;sin_tildes
MZL-n4940614806-1,synthetic_mzlt,MzQ lote 31 Urbanizacion Villa Toledo (frente al parque) Cieneguilla,,,,,,,Q,31,URBANIZACION VILLA TOLEDO,150109,-12.101112,-76.803296,osm_area_center,,dev,mz=Mz;lt=lote;marcador=Urbanización;orden=mz_urb;referencia;loc=espacio;sin_tildes
MZL-n4940614806-2,synthetic_mzlt,"Psje. Los Pinos MZ. V - Lt. 26 Urbanizacion Villa Toledo, Cieneguilla, Lima",,,,PASAJE,LOS PINOS,,V,26,URBANIZACION VILLA TOLEDO,150109,-12.101112,-76.803296,osm_area_center,,dev,mz=MZ.;lt=Lt.;marcador=Urbanización;orden=via_mz_urb;loc=dist_prov;sin_tildes
MZL-n4990462051-1,synthetic_mzlt,Pasaje 3 Manzana O LT. 33 urb. Huaycán de Cieneguilla - Cieneguilla,,,,PASAJE,3,,O,33,URBANIZACION HUAYCAN DE CIENEGUILLA,150109,-12.082205,-76.768210,osm_area_center,,dev,mz=Manzana;lt=LT.;marcador=urb.;orden=via_mz_urb;loc=guion
MZL-n4990462051-2,synthetic_mzlt,"Manzana J2, LT. 19 Urb Huaycan de Cieneguilla - Cieneguilla",,,,,,,J2,19,URBANIZACION HUAYCAN DE CIENEGUILLA,150109,-12.082205,-76.768210,osm_area_center,,dev,mz=Manzana;lt=LT.;marcador=Urb;orden=mz_urb;loc=guion;sin_tildes
MZL-n7924564085-1,synthetic_mzlt,"ASOC BELLO HORIZONTE DE CIENEGUILLA MZ 44 - LT 22, CIENEGUILLA, LIMA",,,,,,,44,22,ASOCIACION BELLO HORIZONTE DE CIENEGUILLA,150109,-12.092289,-76.841831,osm_area_center,,dev,mz=mz;lt=Lt;marcador=Asoc;orden=urb_mz;loc=dist_prov;mayusculas
MZL-n7924564085-2,synthetic_mzlt,"Calle 5 Manzana Y, Lt 9 Asoc Bello Horizonte de Cieneguilla (frente al mercado), Cieneguilla, Lima, Lima",,,,CALLE,5,,Y,9,ASOCIACION BELLO HORIZONTE DE CIENEGUILLA,150109,-12.092289,-76.841831,osm_area_center,,dev,mz=Manzana;lt=Lt;marcador=Asoc;orden=via_mz_urb;referencia;loc=dist_prov_dep
MZL-w509944625-1,synthetic_mzlt,"MZ K, LT. 5 COND. LA QUEBRADA, CIENEGUILLA, LIMA",,,,,,,K,5,CONDOMINIO LA QUEBRADA,150109,-12.087846,-76.798831,osm_area_center,,dev,mz=mz;lt=Lt.;marcador=Cond.;orden=mz_urb;loc=dist_prov;mayusculas
MZL-w509944625-2,synthetic_mzlt,Jr. Las Flores Mz J Lt 7 Cond. La Quebrada Cieneguilla,,,,JIRON,LAS FLORES,,J,7,CONDOMINIO LA QUEBRADA,150109,-12.087846,-76.798831,osm_area_center,,dev,mz=Mz;lt=Lt;marcador=Cond.;orden=via_mz_urb;loc=espacio
MZL-w512355305-1,synthetic_mzlt,"Mz A Lt.15 Cond. El Refugio, Cieneguilla",,,,,,,A,15,CONDOMINIO EL REFUGIO,150109,-12.133519,-76.807210,osm_area_center,,test,mz=Mz;lt=Lt.;marcador=Cond.;orden=mz_urb;loc=coma;sin_tildes
MZL-w512355305-2,synthetic_mzlt,Cond. El Refugio Mz. S - LT. 8 - Cieneguilla,,Lima,,,,,S,8,CONDOMINIO EL REFUGIO,150109,-12.133519,-76.807210,osm_area_center,,test,mz=Mz.;lt=LT.;marcador=Cond.;orden=urb_mz;loc=mixta
MZL-w512355306-1,synthetic_mzlt,condominio finca entre ríos mz.g - lt. 21 (frente al mercado) - cieneguilla,,,,,,,G,21,CONDOMINIO FINCA ENTRE RIOS,150109,-12.129262,-76.810108,osm_area_center,,dev,mz=Mz.;lt=LT.;marcador=Condominio;orden=urb_mz;referencia;loc=guion;minusculas
MZL-w512355306-2,synthetic_mzlt,"Cond. Finca Entre Rios Calle 5 mz H Lt 8, Cieneguilla, Lima",,,,CALLE,5,,H,8,CONDOMINIO FINCA ENTRE RIOS,150109,-12.129262,-76.810108,osm_area_center,,dev,mz=mz;lt=Lt;marcador=Cond.;orden=urb_via_mz;loc=dist_prov;sin_tildes
MZL-w519186966-1,synthetic_mzlt,"Av. Central Mz. Z - Lt. 25 Urb. Centro Pastoral San Jose, Cieneguilla, Lima",,,,AVENIDA,CENTRAL,,Z,25,URBANIZACION CENTRO PASTORAL SAN JOSE,150109,-12.112708,-76.817673,osm_area_center,,test,mz=Mz.;lt=Lt.;marcador=Urb.;orden=via_mz_urb;loc=dist_prov;sin_tildes
MZL-w519186966-2,synthetic_mzlt,Urbanización Centro Pastoral San José mz U Lote 1A - Cieneguilla,,Lima,,,,,U,1A,URBANIZACION CENTRO PASTORAL SAN JOSE,150109,-12.112708,-76.817673,osm_area_center,,test,mz=mz;lt=Lote;marcador=Urbanización;orden=urb_mz;loc=mixta
MZL-w641413167-1,synthetic_mzlt,"urb. club ecologico sierra morena psje. los pinos mza. j, lote 14",Cieneguilla,,,PASAJE,LOS PINOS,,J,14,URBANIZACION CLUB ECOLOGICO SIERRA MORENA,150109,-12.034861,-76.704932,osm_area_center,,dev,mz=Mza.;lt=Lote;marcador=URB.;orden=urb_via_mz;loc=campo;minusculas;sin_tildes
MZL-w641413167-2,synthetic_mzlt,"Calle 5 Mz. U, lote 17A Urbanización Club Ecológico Sierra Morena",Cieneguilla,,,CALLE,5,,U,17A,URBANIZACION CLUB ECOLOGICO SIERRA MORENA,150109,-12.034861,-76.704932,osm_area_center,,dev,mz=Mz.;lt=lote;marcador=Urbanización;orden=via_mz_urb;loc=campo
MZL-w749301629-1,synthetic_mzlt,Urb. Los Huertos de Cieneguilla Jr. Las Flores Mz. R1 Lt. 18 Cieneguilla,,,,JIRON,LAS FLORES,,R1,18,URBANIZACION LOS HUERTOS DE CIENEGUILLA,150109,-12.140918,-76.815302,osm_area_center,,dev,mz=Mz.;lt=Lt.;marcador=Urb.;orden=urb_via_mz;loc=espacio
MZL-w749301629-2,synthetic_mzlt,"Calle 5 Mz.B, LT. 9 URB. Los Huertos de Cieneguilla (frente al mercado) Cieneguilla",,,,CALLE,5,,B,9,URBANIZACION LOS HUERTOS DE CIENEGUILLA,150109,-12.140918,-76.815302,osm_area_center,,dev,mz=Mz.;lt=LT.;marcador=URB.;orden=via_mz_urb;referencia;loc=espacio;sin_tildes
MZL-w849952380-1,synthetic_mzlt,cond. alkimia mz o lt. 40 (frente al mercado),Cieneguilla,,,,,,O,40,CONDOMINIO ALKIMIA,150109,-12.135798,-76.821017,osm_area_center,,dev,mz=Mz;lt=Lt.;marcador=Cond.;orden=urb_mz;referencia;loc=campo;minusculas
MZL-w849952380-2,synthetic_mzlt,Psje. Los Pinos MZ. G lote 17 Condominio Alkimia,Cieneguilla,,,PASAJE,LOS PINOS,,G,17,CONDOMINIO ALKIMIA,150109,-12.135798,-76.821017,osm_area_center,,dev,mz=MZ.;lt=lote;marcador=Condominio;orden=via_mz_urb;loc=campo;sin_tildes
MZL-w849952381-1,synthetic_mzlt,Mza. 40 lote 23 Condominio Eucaliptos (frente al mercado),Cieneguilla,,,,,,40,23,CONDOMINIO EUCALIPTOS,150109,-12.137378,-76.818624,osm_area_center,,dev,mz=Mza.;lt=lote;marcador=Condominio;orden=mz_urb;referencia;loc=campo;sin_tildes
MZL-w849952381-2,synthetic_mzlt,"CONDOMINIO EUCALIPTOS MZ.B - LT. 7, CIENEGUILLA, LIMA, LIMA",,,,,,,B,7,CONDOMINIO EUCALIPTOS,150109,-12.137378,-76.818624,osm_area_center,,dev,mz=Mz.;lt=Lt.;marcador=Condominio;orden=urb_mz;loc=dist_prov_dep;mayusculas;sin_tildes
MZL-w849952386-1,synthetic_mzlt,"Cond. Las Fincas Psje. Los Pinos Mz. L - Lt. 20, Cieneguilla, Lima, Lima",,,,PASAJE,LOS PINOS,,L,20,CONDOMINIO LAS FINCAS,150109,-12.140567,-76.828384,osm_area_center,,test,mz=Mz.;lt=Lt.;marcador=Cond.;orden=urb_via_mz;loc=dist_prov_dep
MZL-w849952386-2,synthetic_mzlt,Condominio Las Fincas Mza. Z3 Lote 6 Cieneguilla,,,,,,,Z3,6,CONDOMINIO LAS FINCAS,150109,-12.140567,-76.828384,osm_area_center,,test,mz=Mza.;lt=Lote;marcador=Condominio;orden=urb_mz;loc=espacio;sin_tildes
MZL-w849965870-1,synthetic_mzlt,Av. Central Manzana E - Lt.6 Cond. Los Altos del Valle Cieneguilla,,,,AVENIDA,CENTRAL,,E,6,CONDOMINIO LOS ALTOS DEL VALLE,150109,-12.118827,-76.819569,osm_area_center,,dev,mz=Manzana;lt=Lt.;marcador=Cond.;orden=via_mz_urb;loc=espacio;sin_tildes
MZL-w849965870-2,synthetic_mzlt,Condominio Los Altos del Valle Jr. Las Flores mz G lote 25 - Cieneguilla,,,,JIRON,LAS FLORES,,G,25,CONDOMINIO LOS ALTOS DEL VALLE,150109,-12.118827,-76.819569,osm_area_center,,dev,mz=mz;lt=lote;marcador=Condominio;orden=urb_via_mz;loc=guion;sin_tildes
MZL-w850676998-1,synthetic_mzlt,"Condominio Las Terrazas del Valle Mz H - lote 17 (frente al mercado), Cieneguilla",,,,,,,H,17,CONDOMINIO LAS TERRAZAS DEL VALLE,150109,-12.127651,-76.824412,osm_area_center,,test,mz=Mz;lt=lote;marcador=Condominio;orden=urb_mz;referencia;loc=coma
MZL-w850676998-2,synthetic_mzlt,"Mz Q Lt 24 Cond. Las Terrazas del Valle, Cieneguilla, Lima",,,,,,,Q,24,CONDOMINIO LAS TERRAZAS DEL VALLE,150109,-12.127651,-76.824412,osm_area_center,,test,mz=Mz;lt=Lt;marcador=Cond.;orden=mz_urb;loc=dist_prov
MZL-n12088193085-1,synthetic_mzlt,Urbanización Huaquillay 2 Jr. Las Flores Mza. O lote 28 (frente al parque) Comas,,,,JIRON,LAS FLORES,,O,28,URBANIZACION HUAQUILLAY 2,150110,-11.939088,-77.051809,osm_area_center,,dev,mz=Mza.;lt=lote;marcador=Urbanización;orden=urb_via_mz;referencia;loc=espacio
MZL-n12088193085-2,synthetic_mzlt,"urb. huaquillay 2 calle 12 mz.y, lote 32, comas, lima",,,,CALLE,12,,Y,32,URBANIZACION HUAQUILLAY 2,150110,-11.939088,-77.051809,osm_area_center,,dev,mz=Mz.;lt=Lote;marcador=urb.;orden=urb_via_mz;loc=dist_prov;minusculas;sin_tildes
MZL-n12088193086-1,synthetic_mzlt,MZ. J LOTE 38 URB. EL RETABLO 3 - COMAS,,Lima,,,,,J,38,URBANIZACION EL RETABLO 3,150110,-11.934685,-77.061878,osm_area_center,,test,mz=Mz.;lt=Lote;marcador=Urb.;orden=mz_urb;loc=mixta;mayusculas
MZL-n12088193086-2,synthetic_mzlt,"Urb. El Retablo 3 Calle 5 Mz 30 Lt. 23, Comas, Lima, Lima",,,,CALLE,5,,30,23,URBANIZACION EL RETABLO 3,150110,-11.934685,-77.061878,osm_area_center,,test,mz=Mz;lt=Lt.;marcador=Urb.;orden=urb_via_mz;loc=dist_prov_dep
MZL-n12088193087-1,synthetic_mzlt,"Pasaje 3 Mza. H, LT. 35 URB. El Retablo 4 Comas",,,,PASAJE,3,,H,35,URBANIZACION EL RETABLO 4,150110,-11.930148,-77.056596,osm_area_center,,dev,mz=Mza.;lt=LT.;marcador=URB.;orden=via_mz_urb;loc=espacio
MZL-n12088193087-2,synthetic_mzlt,urb. El Retablo 4 Jr. Las Flores Mz.R Lt. 3 - Comas,,,,JIRON,LAS FLORES,,R,3,URBANIZACION EL RETABLO 4,150110,-11.930148,-77.056596,osm_area_center,,dev,mz=Mz.;lt=Lt.;marcador=urb.;orden=urb_via_mz;loc=guion
MZL-n12088193088-1,synthetic_mzlt,"urb. San Augstin 2 Calle 12 Mz Z, lote 34, Comas, Lima",,,,CALLE,12,,Z,34,URBANIZACION SAN AUGSTIN 2,150110,-11.929855,-77.049078,osm_area_center,,test,mz=Mz;lt=lote;marcador=urb.;orden=urb_via_mz;loc=dist_prov;sin_tildes
MZL-n12088193088-2,synthetic_mzlt,"URB SAN AUGSTIN 2 MZ. 44 LOTE 7, COMAS, LIMA",,,,,,,44,7,URBANIZACION SAN AUGSTIN 2,150110,-11.929855,-77.049078,osm_area_center,,test,mz=Mz.;lt=lote;marcador=Urb;orden=urb_mz;loc=dist_prov;mayusculas;sin_tildes
MZL-n12088213510-1,synthetic_mzlt,Urb. Carabayllo 2 Mza. X LT. 29 - Comas,,,,,,,X,29,URBANIZACION CARABAYLLO 2,150110,-11.965168,-77.059856,osm_area_center,,dev,mz=Mza.;lt=LT.;marcador=Urb.;orden=urb_mz;loc=guion;sin_tildes
MZL-n12088213510-2,synthetic_mzlt,URB. CARABAYLLO 2 AV. CENTRAL MZ. Q1 LT. 38A,Comas,,,AVENIDA,CENTRAL,,Q1,38A,URBANIZACION CARABAYLLO 2,150110,-11.965168,-77.059856,osm_area_center,,dev,mz=MZ.;lt=LT.;marcador=Urb.;orden=urb_via_mz;loc=campo;mayusculas;sin_tildes
MZL-n12088213511-1,synthetic_mzlt,"Manzana I - Lt. 35 Urbanizacion Villa Hiper, Comas, Lima, Lima",,,,,,,I,35,URBANIZACION VILLA HIPER,150110,-11.963185,-77.058855,osm_area_center,,dev,mz=Manzana;lt=Lt.;marcador=Urbanización;orden=mz_urb;loc=dist_prov_dep;sin_tildes
MZL-n12088213511-2,synthetic_mzlt,"URBANIZACION VILLA HIPER CALLE 5 MZJ LT.27A, COMAS",,,,CALLE,5,,J,27A,URBANIZACION VILLA HIPER,150110,-11.963185,-77.058855,osm_area_center,,dev,mz=Mz;lt=Lt.;marcador=Urbanización;orden=urb_via_mz;loc=coma;mayusculas;sin_tildes
MZL-n12088213512-1,synthetic_mzlt,"URB. SANTA ISOLINA 3 PASAJE 3 MZ. O LT 36, COMAS, LIMA, LIMA",,,,PASAJE,3,,O,36,URBANIZACION SANTA ISOLINA 3,150110,-11.958428,-77.059407,osm_area_center,,test,mz=Mz.;lt=Lt;marcador=urb.;orden=urb_via_mz;loc=dist_prov_dep;mayusculas
MZL-n12088213512-2,synthetic_mzlt,"URB. SANTA ISOLINA 3 JR. LAS FLORES MZ. K, LOTE 1 COMAS",,,,JIRON,LAS FLORES,,K,1,URBANIZACION SANTA ISOLINA 3,150110,-11.958428,-77.059407,osm_area_center,,test,mz=Mz.;lt=Lote;marcador=urb.;orden=urb_via_mz;loc=espacio;mayusculas;sin_tildes
MZL-n12088213513-1,synthetic_mzlt,"URB. Santa Isolina 2 Calle 5 Mza. S, lote 13A (altura del paradero), Comas, Lima, Lima",,,,CALLE,5,,S,13A,URBANIZACION SANTA ISOLINA 2,150110,-11.956724,-77.059037,osm_area_center,,dev,mz=Mza.;lt=lote;marcador=URB.;orden=urb_via_mz;referencia;loc=dist_prov_dep
MZL-n12088213513-2,synthetic_mzlt,Pasaje 3 Mz. B - Lt. 29 Urb. Santa Isolina 2,Comas,,,PASAJE,3,,B,29,URBANIZACION SANTA ISOLINA 2,150110,-11.956724,-77.059037,osm_area_center,,dev,mz=Mz.;lt=Lt.;marcador=Urb.;orden=via_mz_urb;loc=campo
MZL-n12088213514-1,synthetic_mzlt,"Urb. Santa Isolina 1 Calle 5 Mza. 34, Lt. 8",Comas,,,CALLE,5,,34,8,URBANIZACION SANTA ISOLINA 1,150110,-11.957745,-77.061941,osm_area_center,,dev,mz=Mza.;lt=Lt.;marcador=Urb.;orden=urb_via_mz;loc=campo
MZL-n12088213514-2,synthetic_mzlt,"urb. Santa Isolina 1 MzP, Lt. 4",Comas,,,,,,P,4,URBANIZACION SANTA ISOLINA 1,150110,-11.957745,-77.061941,osm_area_center,,dev,mz=Mz;lt=Lt.;marcador=urb.;orden=urb_mz;loc=campo
MZL-n12088213515-1,synthetic_mzlt,Mz O - Lt 39 URB. Las Vegas,Comas,,,,,,O,39,URBANIZACION LAS VEGAS,150110,-11.953824,-77.061714,osm_area_center,,test,mz=Mz;lt=Lt;marcador=URB.;orden=mz_urb;loc=campo;sin_tildes
MZL-n12088213515-2,synthetic_mzlt,"Urb Las Vegas Manzana K Lt.4A, Comas, Lima, Lima",,,,,,,K,4A,URBANIZACION LAS VEGAS,150110,-11.953824,-77.061714,osm_area_center,,test,mz=Manzana;lt=Lt.;marcador=Urb;orden=urb_mz;loc=dist_prov_dep
MZL-n12088213516-1,synthetic_mzlt,Jr. Las Flores mz 39 Lt.2 Urb. La Hacienda - Comas,,,,JIRON,LAS FLORES,,39,2,URBANIZACION LA HACIENDA,150110,-11.954328,-77.057958,osm_area_center,,dev,mz=mz;lt=Lt.;marcador=Urb.;orden=via_mz_urb;loc=guion
MZL-n12088213516-2,synthetic_mzlt,"urb. La Hacienda Calle 12 Manzana V2, LT. 30 (cerca al colegio) - Comas",,Lima,,CALLE,12,,V2,30,URBANIZACION LA HACIENDA,150110,-11.954328,-77.057958,osm_area_center,,dev,mz=Manzana;lt=LT.;marcador=urb.;orden=urb_via_mz;referencia;loc=mixta;sin_tildes
MZL-n12088213517-1,synthetic_mzlt,urb. Viñedos de Carabayllo MZ. D - Lt.22 - Comas,,,,,,,D,22,URBANIZACION VIÑEDOS DE CARABAYLLO,150110,-11.947472,-77.053052,osm_area_center,,dev,mz=MZ.;lt=Lt.;marcador=urb.;orden=urb_mz;loc=guion;sin_tildes
MZL-n12088213517-2,synthetic_mzlt,"Mz.46, LT. 23 urb. Viñedos de Carabayllo - Comas",,Lima,,,,,46,23,URBANIZACION VIÑEDOS DE CARABAYLLO,150110,-11.947472,-77.053052,osm_area_center,,dev,mz=Mz.;lt=LT.;marcador=urb.;orden=mz_urb;loc=mixta;sin_tildes
MZL-n12088213518-1,synthetic_mzlt,"Urb. Reparticion Pasaje 3 MZ. H LT. 1 (frente al mercado), Comas, Lima",,,,PASAJE,3,,H,1,URBANIZACION REPARTICION,150110,-11.941063,-77.049243,osm_area_center,,dev,mz=MZ.;lt=LT.;marcador=Urb.;orden=urb_via_mz;referencia;loc=dist_prov;sin_tildes
MZL-n12088213518-2,synthetic_mzlt,Pasaje 3 Mza. F LT. 30 urb. Repartición - Comas,,Lima,,PASAJE,3,,F,30,URBANIZACION REPARTICION,150110,-11.941063,-77.049243,osm_area_center,,dev,mz=Mza.;lt=LT.;marcador=urb.;orden=via_mz_urb;loc=mixta
MZL-n12088213519-1,synthetic_mzlt,"Urb Señor de los Milagros MZ. W, Lt. 1, Comas, Lima",,,,,,,W,1,URBANIZACION SEÑOR DE LOS MILAGROS,150110,-11.942394,-77.042005,osm_area_center,,dev,mz=MZ.;lt=Lt.;marcador=Urb;orden=urb_mz;loc=dist_prov
MZL-n12088213519-2,synthetic_mzlt,Jr. Las Flores Manzana Y - Lt. 24 Urb. Señor de los Milagros - Comas,,Lima,,JIRON,LAS FLORES,,Y,24,URBANIZACION SEÑOR DE LOS MILAGROS,150110,-11.942394,-77.042005,osm_area_center,,dev,mz=Manzana;lt=Lt.;marcador=Urb.;orden=via_mz_urb;loc=mixta;sin_tildes
MZL-w1394436064-1,synthetic_mzlt,Calle 12 Mz.A Lt. 30 URB. Condomino Privado Feliciti Comas,,,,CALLE,12,,A,30,URBANIZACION CONDOMINO PRIVADO FELICITI,150110,-11.929053,-77.071607,osm_area_center,,dev,mz=Mz.;lt=Lt.;marcador=URB.;orden=via_mz_urb;loc=espacio
MZL-w1394436064-2,synthetic_mzlt,MZ. M Lt.11 URB. Condomino Privado Feliciti (altura del paradero),Comas,,,,,,M,11,URBANIZACION CONDOMINO PRIVADO FELICITI,150110,-11.929053,-77.071607,osm_area_center,,dev,mz=MZ.;lt=Lt.;marcador=URB.;orden=mz_urb;referencia;loc=campo
MZL-n4037166136-1,synthetic_mzlt,Urbanización Parques del Agustino MZ. X Lt. 15 - El Agustino,,,,,,,X,15,URBANIZACION PARQUES DEL AGUSTINO,150111,-12.039133,-77.001727,osm_area_center,,test,mz=MZ.;lt=Lt.;marcador=Urbanización;orden=urb_mz;loc=guion
MZL-n4037166136-2,synthetic_mzlt,AV. CENTRAL MZ I LOTE 26 URB. PARQUES DEL AGUSTINO - EL AGUSTINO,,Lima,,AVENIDA,CENTRAL,,I,26,URBANIZACION PARQUES DEL AGUSTINO,150111,-12.039133,-77.001727,osm_area_center,,test,mz=mz;lt=Lote;marcador=URB.;orden=via_mz_urb;loc=mixta;mayusculas
MZL-n9274888950-1,synthetic_mzlt,"Manzana 58, Lt. 5 Urb. Fundo Quinta Francia",El Agustino,,,,,,58,5,URBANIZACION FUNDO QUINTA FRANCIA,150111,-12.044390,-77.009520,osm_area_center,,dev,mz=Manzana;lt=Lt.;marcador=Urb.;orden=mz_urb;loc=campo
MZL-n9274888950-2,synthetic_mzlt,"Mz K, Lt. 29 URB. Fundo Quinta Francia, El Agustino, Lima",,,,,,,K,29,URBANIZACION FUNDO QUINTA FRANCIA,150111,-12.044390,-77.009520,osm_area_center,,dev,mz=Mz;lt=Lt.;marcador=URB.;orden=mz_urb;loc=dist_prov;sin_tildes
MZL-n9275043075-1,synthetic_mzlt,"Manzana V1, LT. 35 urb. Ancieta Baja, El Agustino",,,,,,,V1,35,URBANIZACION ANCIETA BAJA,150111,-12.042944,-77.008056,osm_area_center,,dev,mz=Manzana;lt=LT.;marcador=urb.;orden=mz_urb;loc=coma
MZL-n9275043075-2,synthetic_mzlt,"JR. LAS FLORES MZ Q1, LT.2 URBANIZACION ANCIETA BAJA, EL AGUSTINO, LIMA, LIMA",,,,JIRON,LAS FLORES,,Q1,2,URBANIZACION ANCIETA BAJA,150111,-12.042944,-77.008056,osm_area_center,,dev,mz=mz;lt=Lt.;marcador=Urbanización;orden=via_mz_urb;loc=dist_prov_dep;mayusculas;sin_tildes
MZL-n9275173703-1,synthetic_mzlt,urb. ancieta alta av. central mz e1 - lt. 13 - el agustino,,,,AVENIDA,CENTRAL,,E1,13,URBANIZACION ANCIETA ALTA,150111,-12.044491,-77.001609,osm_area_center,,dev,mz=Mz;lt=LT.;marcador=URB.;orden=urb_via_mz;loc=guion;minusculas;sin_tildes
MZL-n9275173703-2,synthetic_mzlt,Mza. B - Lt.22A URB. Ancieta Alta - El Agustino,,Lima,,,,,B,22A,URBANIZACION ANCIETA ALTA,150111,-12.044491,-77.001609,osm_area_center,,dev,mz=Mza.;lt=Lt.;marcador=URB.;orden=mz_urb;loc=mixta
MZL-n9298380508-1,synthetic_mzlt,"urb. Residencial Primavera Calle 5 mz D1, lote 34 - El Agustino",,,,CALLE,5,,D1,34,URBANIZACION RESIDENCIAL PRIMAVERA,150111,-12.032415,-76.996137,osm_area_center,,dev,mz=mz;lt=lote;marcador=urb.;orden=urb_via_mz;loc=guion
MZL-n9298380508-2,synthetic_mzlt,"Pasaje 3 Mz. U, Lote 27 URB. Residencial Primavera (altura del paradero), El Agustino, Lima, Lima",,,,PASAJE,3,,U,27,URBANIZACION RESIDENCIAL PRIMAVERA,150111,-12.032415,-76.996137,osm_area_center,,dev,mz=Mz.;lt=Lote;marcador=URB.;orden=via_mz_urb;referencia;loc=dist_prov_dep;sin_tildes
MZL-n9548280653-1,synthetic_mzlt,"URB. San Cayetano Mz 40, Lt. 28, El Agustino, Lima, Lima",,,,,,,40,28,URBANIZACION SAN CAYETANO,150111,-12.057045,-77.007258,osm_area_center,,test,mz=Mz;lt=Lt.;marcador=URB.;orden=urb_mz;loc=dist_prov_dep;sin_tildes
MZL-n9548280653-2,synthetic_mzlt,"URB. San Cayetano Manzana R, Lt.17 (cerca al colegio), El Agustino, Lima, Lima",,,,,,,R,17,URBANIZACION SAN CAYETANO,150111,-12.057045,-77.007258,osm_area_center,,test,mz=Manzana;lt=Lt.;marcador=URB.;orden=urb_mz;referencia;loc=dist_prov_dep
MZL-w436187636-1,synthetic_mzlt,condominio nuevo nogales mz. 50 - lote 35 - el agustino,,,,,,,50,35,CONDOMINIO NUEVO NOGALES,150111,-12.056431,-76.979324,osm_area_center,,test,mz=MZ.;lt=lote;marcador=Condominio;orden=urb_mz;loc=guion;minusculas;sin_tildes
MZL-w436187636-2,synthetic_mzlt,"CONDOMINIO NUEVO NOGALES CALLE 12 MANZANA O, LT 21 EL AGUSTINO",,,,CALLE,12,,O,21,CONDOMINIO NUEVO NOGALES,150111,-12.056431,-76.979324,osm_area_center,,test,mz=Manzana;lt=Lt;marcador=Condominio;orden=urb_via_mz;loc=espacio;mayusculas
MZL-n11162200508-1,synthetic_mzlt,Urbanizacion El Volante II Mza. W Lt. 6 - Independencia,,,,,,,W,6,URBANIZACION EL VOLANTE II,150112,-12.006296,-77.044498,osm_area_center,,dev,mz=Mza.;lt=Lt.;marcador=Urbanización;orden=urb_mz;loc=guion;sin_tildes
MZL-n11162200508-2,synthetic_mzlt,Urb El Volante II Psje. Los Pinos Mz P LT. 33 Independencia,,,,PASAJE,LOS PINOS,,P,33,URBANIZACION EL VOLANTE II,150112,-12.006296,-77.044498,osm_area_center,,dev,mz=Mz;lt=LT.;marcador=Urb;orden=urb_via_mz;loc=espacio
MZL-n12869398029-1,synthetic_mzlt,Urbanización Mesa Redonda MZ. 52 - lote 10 (cerca al colegio),Independencia,,,,,,52,10,URBANIZACION MESA REDONDA,150112,-12.003130,-77.058405,osm_area_center,,dev,mz=MZ.;lt=lote;marcador=Urbanización;orden=urb_mz;referencia;loc=campo
MZL-n12869398029-2,synthetic_mzlt,"Urb Mesa Redonda MzL, lote 13, Independencia",,,,,,,L,13,URBANIZACION MESA REDONDA,150112,-12.003130,-77.058405,osm_area_center,,dev,mz=Mz;lt=lote;marcador=Urb;orden=urb_mz;loc=coma;sin_tildes
MZL-n12913913308-1,synthetic_mzlt,"URB. Industrial El Naranjal Av. Central Mz. K3, lote 19 Independencia",,,,AVENIDA,CENTRAL,,K3,19,URBANIZACION INDUSTRIAL EL NARANJAL,150112,-11.978600,-77.062585,osm_area_center,,dev,mz=Mz.;lt=lote;marcador=URB.;orden=urb_via_mz;loc=espacio;sin_tildes
MZL-n12913913308-2,synthetic_mzlt,"PSJE. LOS PINOS MZ. V - LT. 8 URB. INDUSTRIAL EL NARANJAL, INDEPENDENCIA, LIMA, LIMA",,,,PASAJE,LOS PINOS,,V,8,URBANIZACION INDUSTRIAL EL NARANJAL,150112,-11.978600,-77.062585,osm_area_center,,dev,mz=Mz.;lt=Lt.;marcador=Urb.;orden=via_mz_urb;loc=dist_prov_dep;mayusculas
MZL-n12913913309-1,synthetic_mzlt,URB. Industrial Panamericana Norte Calle 5 Mza. G - Lt 20 Independencia,,,,CALLE,5,,G,20,URBANIZACION INDUSTRIAL PANAMERICANA NORTE,150112,-11.997143,-77.059890,osm_area_center,,test,mz=Mza.;lt=Lt;marcador=URB.;orden=urb_via_mz;loc=espacio
MZL-n12913913309-2,synthetic_mzlt,Urb Industrial Panamericana Norte Mz H lote 31 Independencia,,,,,,,H,31,URBANIZACION INDUSTRIAL PANAMERICANA NORTE,150112,-11.997143,-77.059890,osm_area_center,,test,mz=Mz;lt=lote;marcador=Urb;orden=urb_mz;loc=espacio;sin_tildes
MZL-n13429504600-1,synthetic_mzlt,"urb. El Volante Mz W, Lt. 18 Independencia",,,,,,,W,18,URBANIZACION EL VOLANTE,150112,-12.005972,-77.048885,osm_area_center,,dev,mz=Mz;lt=Lt.;marcador=urb.;orden=urb_mz;loc=espacio;sin_tildes
MZL-n13429504600-2,synthetic_mzlt,"calle 12 mz 47 lt.16 urb. el volante, independencia, lima, lima",,,,CALLE,12,,47,16,URBANIZACION EL VOLANTE,150112,-12.005972,-77.048885,osm_area_center,,dev,mz=Mz;lt=Lt.;marcador=URB.;orden=via_mz_urb;loc=dist_prov_dep;minusculas
MZL-n13429568402-1,synthetic_mzlt,"Jr. Las Flores Mza. Q Lote 25 Urb San Camilo, Independencia",,,,JIRON,LAS FLORES,,Q,25,URBANIZACION SAN CAMILO,150112,-12.003498,-77.049684,osm_area_center,,test,mz=Mza.;lt=Lote;marcador=Urb;orden=via_mz_urb;loc=coma;sin_tildes
MZL-n13429568402-2,synthetic_mzlt,calle 5 mz m - lt. 27 urb. san camilo (frente al mercado) - independencia,,Lima,,CALLE,5,,M,27,URBANIZACION SAN CAMILO,150112,-12.003498,-77.049684,osm_area_center,,test,mz=mz;lt=LT.;marcador=URB.;orden=via_mz_urb;referencia;loc=mixta;minusculas
MZL-n13429568408-1,synthetic_mzlt,"Urb Villa El Angel Mz S lote 6, Independencia",,,,,,,S,6,URBANIZACION VILLA EL ANGEL,150112,-12.013597,-77.048029,osm_area_center,,dev,mz=Mz;lt=lote;marcador=Urb;orden=urb_mz;loc=coma;sin_tildes
MZL-n13429568408-2,synthetic_mzlt,"URB. Villa El Ángel Psje. Los Pinos Mz.L2 Lote 37 (altura del paradero), Independencia, Lima, Lima",,,,PASAJE,LOS PINOS,,L2,37,URBANIZACION VILLA EL ANGEL,150112,-12.013597,-77.048029,osm_area_center,,dev,mz=Mz.;lt=Lote;marcador=URB.;orden=urb_via_mz;referencia;loc=dist_prov_dep
MZL-n4394112473-1,synthetic_mzlt,"urb. el naranjal calle 12 manzana q, lt. 40 independencia",,,,CALLE,12,,Q,40,URBANIZACION EL NARANJAL,150112,-11.983376,-77.061958,osm_area_center,,dev,mz=Manzana;lt=Lt.;marcador=URB.;orden=urb_via_mz;loc=espacio;minusculas;sin_tildes
MZL-n4394112473-2,synthetic_mzlt,"Calle 12 Mz. 45 - Lt. 13 Urb El Naranjal, Independencia",,,,CALLE,12,,45,13,URBANIZACION EL NARANJAL,150112,-11.983376,-77.061958,osm_area_center,,dev,mz=Mz.;lt=Lt.;marcador=Urb;orden=via_mz_urb;loc=coma
MZL-n9641985354-1,synthetic_mzlt,"MZ. L LT. 33 URB. TAHUANTINSUYO, INDEPENDENCIA, LIMA",,,,,,,L,33,URBANIZACION TAHUANTINSUYO,150112,-11.978113,-77.050648,osm_area_center,,test,mz=MZ.;lt=Lt.;marcador=URB.;orden=mz_urb;loc=dist_prov;mayusculas
MZL-n9641985354-2,synthetic_mzlt,MZ A - LOTE 9 URBANIZACION TAHUANTINSUYO INDEPENDENCIA,,,,,,,A,9,URBANIZACION TAHUANTINSUYO,150112,-11.978113,-77.050648,osm_area_center,,test,mz=mz;lt=lote;marcador=Urbanización;orden=mz_urb;loc=espacio;mayusculas;sin_tildes
MZL-n9642044319-1,synthetic_mzlt,"Calle 5 Mza. M, Lote 17 urb. El Ermitaño, Independencia, Lima",,,,CALLE,5,,M,17,URBANIZACION EL ERMITAÑO,150112,-11.998976,-77.051447,osm_area_center,,test,mz=Mza.;lt=Lote;marcador=urb.;orden=via_mz_urb;loc=dist_prov;sin_tildes
MZL-n9642044319-2,synthetic_mzlt,"urb. El Ermitaño Av. Central Mz B lote 2 (cerca al colegio), Independencia",,,,AVENIDA,CENTRAL,,B,2,URBANIZACION EL ERMITAÑO,150112,-11.998976,-77.051447,osm_area_center,,test,mz=Mz;lt=lote;marcador=urb.;orden=urb_via_mz;referencia;loc=coma
MZL-n11064162068-1,synthetic_mzlt,URB. OYAGUE MZF LOTE 3,Jesús María,,,,,,F,3,URBANIZACION OYAGUE,150113,-12.072969,-77.050247,osm_area_center,,dev,mz=Mz;lt=lote;marcador=Urb.;orden=urb_mz;loc=campo;mayusculas
MZL-n11064162068-2,synthetic_mzlt,Urb. Oyague Calle 5 Mz.X Lt. 27 - Jesús María,,,,CALLE,5,,X,27,URBANIZACION OYAGUE,150113,-12.072969,-77.050247,osm_area_center,,dev,mz=Mz.;lt=Lt.;marcador=Urb.;orden=urb_via_mz;loc=guion
MZL-n11064162069-1,synthetic_mzlt,"Urb Santa Beatriz Psje. Los Pinos Mz.Z Lt. 24 (cerca al colegio), Jesus Maria, Lima, Lima",,,,PASAJE,LOS PINOS,,Z,24,URBANIZACION SANTA BEATRIZ,150113,-12.073341,-77.039409,osm_area_center,,dev,mz=Mz.;lt=Lt.;marcador=Urb;orden=urb_via_mz;referencia;loc=dist_prov_dep;sin_tildes
MZL-n11064162069-2,synthetic_mzlt,"URB. Santa Beatriz Calle 5 Mz.L, LT. 8 (cerca al colegio), Jesus Maria, Lima",,,,CALLE,5,,L,8,URBANIZACION SANTA BEATRIZ,150113,-12.073341,-77.039409,osm_area_center,,dev,mz=Mz.;lt=LT.;marcador=URB.;orden=urb_via_mz;referencia;loc=dist_prov;sin_tildes
MZL-n11064162070-1,synthetic_mzlt,"Urb Los Patricios Manzana O Lote 17, Jesus Maria, Lima, Lima",,,,,,,O,17,URBANIZACION LOS PATRICIOS,150113,-12.085371,-77.058247,osm_area_center,,dev,mz=Manzana;lt=Lote;marcador=Urb;orden=urb_mz;loc=dist_prov_dep;sin_tildes
MZL-n11064162070-2,synthetic_mzlt,"AV. CENTRAL MZ. G LT. 20 URB. LOS PATRICIOS, JESUS MARIA, LIMA",,,,AVENIDA,CENTRAL,,G,20,URBANIZACION LOS PATRICIOS,150113,-12.085371,-77.058247,osm_area_center,,dev,mz=MZ.;lt=Lt.;marcador=URB.;orden=via_mz_urb;loc=dist_prov;mayusculas;sin_tildes
MZL-w413041827-1,synthetic_mzlt,urb. felipe jr. las flores manzana c lt.8 (altura del paradero) jesus maria,,,,JIRON,LAS FLORES,,C,8,URBANIZACION FELIPE,150113,-12.091463,-77.054085,osm_area_center,,test,mz=Manzana;lt=Lt.;marcador=URB.;orden=urb_via_mz;referencia;loc=espacio;minusculas;sin_tildes
MZL-w413041827-2,synthetic_mzlt,Urb. Felipe Mza. U Lt.2 - Jesus Maria,,,,,,,U,2,URBANIZACION FELIPE,150113,-12.091463,-77.054085,osm_area_center,,test,mz=Mza.;lt=Lt.;marcador=Urb.;orden=urb_mz;loc=guion;sin_tildes
MZL-n11415366069-1,synthetic_mzlt,"URBANIZACION SITRAMUN MZ L - LOTE 4, LA MOLINA, LIMA, LIMA",,,,,,,L,4,URBANIZACION SITRAMUN,150114,-12.107194,-76.941809,osm_area_center,,dev,mz=Mz;lt=lote;marcador=Urbanización;orden=urb_mz;loc=dist_prov_dep;mayusculas;sin_tildes
MZL-n11415366069-2,synthetic_mzlt,URB. Sitramun Calle 5 Mz I Lt.20 La Molina,,,,CALLE,5,,I,20,URBANIZACION SITRAMUN,150114,-12.107194,-76.941809,osm_area_center,,dev,mz=Mz;lt=Lt.;marcador=URB.;orden=urb_via_mz;loc=espacio;sin_tildes
MZL-n11415366070-1,synthetic_mzlt,urbanizacion el cascajal manzana k - lote 27 la molina,,,,,,,K,27,URBANIZACION EL CASCAJAL,150114,-12.105473,-76.942128,osm_area_center,,test,mz=Manzana;lt=Lote;marcador=Urbanización;orden=urb_mz;loc=espacio;minusculas;sin_tildes
MZL-n11415366070-2,synthetic_mzlt,"Jr. Las Flores Mz. V - lote 2 Urb. El Cascajal, La Molina",,,,JIRON,LAS FLORES,,V,2,URBANIZACION EL CASCAJAL,150114,-12.105473,-76.942128,osm_area_center,,test,mz=Mz.;lt=lote;marcador=Urb.;orden=via_mz_urb;loc=coma;sin_tildes
MZL-n11415366071-1,synthetic_mzlt,av. central mz. f - lt. 20 urb. valle de la molina - la molina,,,,AVENIDA,CENTRAL,,F,20,URBANIZACION VALLE DE LA MOLINA,150114,-12.103023,-76.943187,osm_area_center,,dev,mz=Mz.;lt=Lt.;marcador=urb.;orden=via_mz_urb;loc=guion;minusculas;sin_tildes
MZL-n11415366071-2,synthetic_mzlt,Urbanizacion Valle de La Molina Jr. Las Flores MZ. C Lt 19 - La Molina,,,,JIRON,LAS FLORES,,C,19,URBANIZACION VALLE DE LA MOLINA,150114,-12.103023,-76.943187,osm_area_center,,dev,mz=MZ.;lt=Lt;marcador=Urbanización;orden=urb_via_mz;loc=guion;sin_tildes
MZL-n11415366072-1,synthetic_mzlt,Urb. Los Robles de La Molina Psje. Los Pinos Mz. J - LT. 5,La Molina,,,PASAJE,LOS PINOS,,J,5,URBANIZACION LOS ROBLES DE LA MOLINA,150114,-12.111103,-76.941153,osm_area_center,,dev,mz=Mz.;lt=LT.;marcador=Urb.;orden=urb_via_mz;loc=campo
MZL-n11415366072-2,synthetic_mzlt,"URB. LOS ROBLES DE LA MOLINA AV. CENTRAL MZ.I2, LT.28, LA MOLINA",,,,AVENIDA,CENTRAL,,I2,28,URBANIZACION LOS ROBLES DE LA MOLINA,150114,-12.111103,-76.941153,osm_area_center,,dev,mz=Mz.;lt=Lt.;marcador=URB.;orden=urb_via_mz;loc=coma;mayusculas
MZL-n11415366074-1,synthetic_mzlt,"Urb Isla del Sol Calle 12 mz H, Lt.24",La Molina,,,CALLE,12,,H,24,URBANIZACION ISLA DEL SOL,150114,-12.100150,-76.952447,osm_area_center,,dev,mz=mz;lt=Lt.;marcador=Urb;orden=urb_via_mz;loc=campo;sin_tildes
MZL-n11415366074-2,synthetic_mzlt,URBANIZACIÓN ISLA DEL SOL MZ.T LT.3 LA MOLINA,,,,,,,T,3,URBANIZACION ISLA DEL SOL,150114,-12.100150,-76.952447,osm_area_center,,dev,mz=Mz.;lt=Lt.;marcador=Urbanización;orden=urb_mz;loc=espacio;mayusculas
MZL-n11415366103-1,synthetic_mzlt,"mz.f3 - lt.19 urbanización sirius 3 etapa, la molina",,,,,,,F3,19,URBANIZACION SIRIUS 3 ETAPA,150114,-12.096730,-76.950360,osm_area_center,,dev,mz=Mz.;lt=Lt.;marcador=Urbanización;orden=mz_urb;loc=coma;minusculas
MZL-n11415366103-2,synthetic_mzlt,URB. SIRIUS 3 ETAPA AV. CENTRAL MZ. 1 LT. 35 - LA MOLINA,,Lima,,AVENIDA,CENTRAL,,1,35,URBANIZACION SIRIUS 3 ETAPA,150114,-12.096730,-76.950360,osm_area_center,,dev,mz=MZ.;lt=Lt.;marcador=urb.;orden=urb_via_mz;loc=mixta;mayusculas
MZL-n11415366104-1,synthetic_mzlt,Urb. El Remanso 2 Etapa Psje. Los Pinos mz Y3 LT. 14,La Molina,,,PASAJE,LOS PINOS,,Y3,14,URBANIZACION EL REMANSO 2 ETAPA,150114,-12.093830,-76.948302,osm_area_center,,dev,mz=mz;lt=LT.;marcador=Urb.;orden=urb_via_mz;loc=campo;sin_tildes
MZL-n11415366104-2,synthetic_mzlt,Urb El Remanso 2 Etapa Mz.O - Lt 25,La Molina,,,,,,O,25,URBANIZACION EL REMANSO 2 ETAPA,150114,-12.093830,-76.948302,osm_area_center,,dev,mz=Mz.;lt=Lt;marcador=Urb;orden=urb_mz;loc=campo;sin_tildes
MZL-n11415366105-1,synthetic_mzlt,urb sirius 2 etapa mz j lote 9 - la molina,,,,,,,J,9,URBANIZACION SIRIUS 2 ETAPA,150114,-12.093637,-76.951517,osm_area_center,,test,mz=Mz;lt=lote;marcador=Urb;orden=urb_mz;loc=guion;minusculas
MZL-n11415366105-2,synthetic_mzlt,Jr. Las Flores Mz.G - Lote 14 urb. Sirius 2 Etapa - La Molina,,Lima,,JIRON,LAS FLORES,,G,14,URBANIZACION SIRIUS 2 ETAPA,150114,-12.093637,-76.951517,osm_area_center,,test,mz=Mz.;lt=Lote;marcador=urb.;orden=via_mz_urb;loc=mixta;sin_tildes
MZL-n11561561196-1,synthetic_mzlt,"urb. Portada del Sol 3 Etapa MZ. 19, Lote 28 - La Molina",,Lima,,,,,19,28,URBANIZACION PORTADA DEL SOL 3 ETAPA,150114,-12.113791,-76.935299,osm_area_center,,dev,mz=MZ.;lt=Lote;marcador=urb.;orden=urb_mz;loc=mixta;sin_tildes
MZL-n11561561196-2,synthetic_mzlt,"Urb Portada del Sol 3 Etapa Psje. Los Pinos Mz P lote 34, La Molina, Lima, Lima",,,,PASAJE,LOS PINOS,,P,34,URBANIZACION PORTADA DEL SOL 3 ETAPA,150114,-12.113791,-76.935299,osm_area_center,,dev,mz=Mz;lt=lote;marcador=Urb;orden=urb_via_mz;loc=dist_prov_dep
MZL-n4354534620-1,synthetic_mzlt,"urb. La Planicie mz R2 Lt. 17, La Molina, Lima",,,,,,,R2,17,URBANIZACION LA PLANICIE,150114,-12.075300,-76.911463,osm_area_center,,dev,mz=mz;lt=Lt.;marcador=urb.;orden=urb_mz;loc=dist_prov;sin_tildes
MZL-n4354534620-2,synthetic_mzlt,"Av. Central Mz I - LT. 17 urb. La Planicie, La Molina, Lima, Lima",,,,AVENIDA,CENTRAL,,I,17,URBANIZACION LA PLANICIE,150114,-12.075300,-76.911463,osm_area_center,,dev,mz=Mz;lt=LT.;marcador=urb.;orden=via_mz_urb;loc=dist_prov_dep
MZL-n4753279625-1,synthetic_mzlt,mz J - LT. 38 Urb Matazango - La Molina,,,,,,,J,38,URBANIZACION MATAZANGO,150114,-12.069786,-76.967795,osm_area_center,,test,mz=mz;lt=LT.;marcador=Urb;orden=mz_urb;loc=guion;sin_tildes
MZL-n4753279625-2,synthetic_mzlt,"av. central mz n, lote 16 urb. matazango, la molina, lima, lima",,,,AVENIDA,CENTRAL,,N,16,URBANIZACION MATAZANGO,150114,-12.069786,-76.967795,osm_area_center,,test,mz=Mz;lt=lote;marcador=urb.;orden=via_mz_urb;loc=dist_prov_dep;minusculas
MZL-n5832326764-1,synthetic_mzlt,CALLE 5 MZ. J LT.16 URB. MOLICENTRO,La Molina,,,CALLE,5,,J,16,URBANIZACION MOLICENTRO,150114,-12.082149,-76.928400,osm_area_center,,dev,mz=MZ.;lt=Lt.;marcador=Urb.;orden=via_mz_urb;loc=campo;mayusculas;sin_tildes
MZL-n5832326764-2,synthetic_mzlt,"URB. MOLICENTRO JR. LAS FLORES MZ T LOTE 26, LA MOLINA, LIMA",,,,JIRON,LAS FLORES,,T,26,URBANIZACION MOLICENTRO,150114,-12.082149,-76.928400,osm_area_center,,dev,mz=mz;lt=Lote;marcador=Urb.;orden=urb_via_mz;loc=dist_prov;mayusculas;sin_tildes
MZL-n9721759509-1,synthetic_mzlt,"Psje. Los Pinos MzX, Lt.1 Urbanización La Planicie Zona Este, La Molina, Lima, Lima",,,,PASAJE,LOS PINOS,,X,1,URBANIZACION LA PLANICIE ZONA ESTE,150114,-12.077601,-76.900790,osm_area_center,,dev,mz=Mz;lt=Lt.;marcador=Urbanización;orden=via_mz_urb;loc=dist_prov_dep
MZL-n9721759509-2,synthetic_mzlt,AV. CENTRAL MZ. R LOTE 22 URB. LA PLANICIE ZONA ESTE (FRENTE AL PARQUE) - LA MOLINA,,Lima,,AVENIDA,CENTRAL,,R,22,URBANIZACION LA PLANICIE ZONA ESTE,150114,-12.077601,-76.900790,osm_area_center,,dev,mz=Mz.;lt=Lote;marcador=urb.;orden=via_mz_urb;referencia;loc=mixta;mayusculas;sin_tildes
MZL-w357303254-1,synthetic_mzlt,RES. SANTA PATRICIA CALLE 12 MZ. C LOTE 7,La Molina,,,CALLE,12,,C,7,RESIDENCIAL SANTA PATRICIA,150114,-12.068684,-76.946203,osm_area_center,,dev,mz=Mz.;lt=lote;marcador=Res.;orden=urb_via_mz;loc=campo;mayusculas
MZL-w357303254-2,synthetic_mzlt,"Res. Santa Patricia MZ. C, Lt 14 - La Molina",,Lima,,,,,C,14,RESIDENCIAL SANTA PATRICIA,150114,-12.068684,-76.946203,osm_area_center,,dev,mz=MZ.;lt=Lt;marcador=Res.;orden=urb_mz;loc=mixta
MZL-w400674322-1,synthetic_mzlt,Pasaje 3 Mz.R Lote 8 urb. El Molinero,La Molina,,,PASAJE,3,,R,8,URBANIZACION EL MOLINERO,150114,-12.076325,-76.943155,osm_area_center,,dev,mz=Mz.;lt=Lote;marcador=urb.;orden=via_mz_urb;loc=campo
MZL-w400674322-2,synthetic_mzlt,URB. El Molinero Jr. Las Flores Manzana G LT. 19 (frente al parque) La Molina,,,,JIRON,LAS FLORES,,G,19,URBANIZACION EL MOLINERO,150114,-12.076325,-76.943155,osm_area_center,,dev,mz=Manzana;lt=LT.;marcador=URB.;orden=urb_via_mz;referencia;loc=espacio;sin_tildes
MZL-n10303700333-1,synthetic_mzlt,urb. monte carmelo mzp - lt 2 la victoria,,,,,,,P,2,URBANIZACION MONTE CARMELO,150115,-12.082232,-77.019468,osm_area_center,,dev,mz=Mz;lt=Lt;marcador=Urb.;orden=urb_mz;loc=espacio;minusculas;sin_tildes
MZL-n10303700333-2,synthetic_mzlt,"MZ. J3, LT.4 URB. MONTE CARMELO, LA VICTORIA, LIMA, LIMA",,,,,,,J3,4,URBANIZACION MONTE CARMELO,150115,-12.082232,-77.019468,osm_area_center,,dev,mz=MZ.;lt=Lt.;marcador=urb.;orden=mz_urb;loc=dist_prov_dep;mayusculas
MZL-n10741805821-1,synthetic_mzlt,urb. La Pólvora Mza. Y Lote 35,La Victoria,,,,,,Y,35,URBANIZACION LA POLVORA,150115,-12.081685,-77.015343,osm_area_center,,dev,mz=Mza.;lt=Lote;marcador=urb.;orden=urb_mz;loc=campo
MZL-n10741805821-2,synthetic_mzlt,urb. la pólvora mza. f lt.18,La Victoria,,,,,,F,18,URBANIZACION LA POLVORA,150115,-12.081685,-77.015343,osm_area_center,,dev,mz=Mza.;lt=Lt.;marcador=Urb.;orden=urb_mz;loc=campo;minusculas
MZL-n10741805822-1,synthetic_mzlt,"urb. tradiciones peruanas mzo lt. 20, la victoria, lima",,,,,,,O,20,URBANIZACION TRADICIONES PERUANAS,150115,-12.077294,-77.011808,osm_area_center,,dev,mz=Mz;lt=Lt.;marcador=URB.;orden=urb_mz;loc=dist_prov;minusculas;sin_tildes
MZL-n10741805822-2,synthetic_mzlt,Urbanizacion Tradiciones Peruanas Av. Central Manzana V lote 39 - La Victoria,,Lima,,AVENIDA,CENTRAL,,V,39,URBANIZACION TRADICIONES PERUANAS,150115,-12.077294,-77.011808,osm_area_center,,dev,mz=Manzana;lt=lote;marcador=Urbanización;orden=urb_via_mz;loc=mixta;sin_tildes
MZL-n10741805823-1,synthetic_mzlt,"Jr. Las Flores MzF - Lt. 38 Urb. Barrios Altos (frente al parque), La Victoria, Lima, Lima",,,,JIRON,LAS FLORES,,F,38,URBANIZACION BARRIOS ALTOS,150115,-12.059921,-77.019213,osm_area_center,,dev,mz=Mz;lt=Lt.;marcador=Urb.;orden=via_mz_urb;referencia;loc=dist_prov_dep;sin_tildes
MZL-n10741805823-2,synthetic_mzlt,Urb Barrios Altos Av. Central Mza. A2 Lt 33 - La Victoria,,,,AVENIDA,CENTRAL,,A2,33,URBANIZACION BARRIOS ALTOS,150115,-12.059921,-77.019213,osm_area_center,,dev,mz=Mza.;lt=Lt;marcador=Urb;orden=urb_via_mz;loc=guion
MZL-n10741805824-1,synthetic_mzlt,mz S lote 21A Urb. Agrupación Familiar Miguel Grau (frente al mercado) - La Victoria,,,,,,,S,21A,URBANIZACION AGRUPACION FAMILIAR MIGUEL GRAU,150115,-12.060114,-77.023808,osm_area_center,,dev,mz=mz;lt=lote;marcador=Urb.;orden=mz_urb;referencia;loc=guion
MZL-n10741805824-2,synthetic_mzlt,"MZ. E1 - LOTE 34 URB. AGRUPACIÓN FAMILIAR MIGUEL GRAU, LA VICTORIA, LIMA",,,,,,,E1,34,URBANIZACION AGRUPACION FAMILIAR MIGUEL GRAU,150115,-12.060114,-77.023808,osm_area_center,,dev,mz=MZ.;lt=lote;marcador=Urb.;orden=mz_urb;loc=dist_prov;mayusculas
MZL-n10741805825-1,synthetic_mzlt,"Calle 12 Manzana 9 Lt.27 Urb. Barrio Obrero, La Victoria, Lima, Lima",,,,CALLE,12,,9,27,URBANIZACION BARRIO OBRERO,150115,-12.062499,-77.025071,osm_area_center,,test,mz=Manzana;lt=Lt.;marcador=Urb.;orden=via_mz_urb;loc=dist_prov_dep;sin_tildes
MZL-n10741805825-2,synthetic_mzlt,"URB. Barrio Obrero Manzana Z - lote 35, La Victoria",,,,,,,Z,35,URBANIZACION BARRIO OBRERO,150115,-12.062499,-77.025071,osm_area_center,,test,mz=Manzana;lt=lote;marcador=URB.;orden=urb_mz;loc=coma
MZL-n10741805826-1,synthetic_mzlt,Mz 48 LT. 36 Urbanización Apolo - La Victoria,,Lima,,,,,48,36,URBANIZACION APOLO,150115,-12.072478,-77.009334,osm_area_center,,dev,mz=Mz;lt=LT.;marcador=Urbanización;orden=mz_urb;loc=mixta
MZL-n10741805826-2,synthetic_mzlt,Calle 5 mz E Lt 20 URB. Apolo - La Victoria,,Lima,,CALLE,5,,E,20,URBANIZACION APOLO,150115,-12.072478,-77.009334,osm_area_center,,dev,mz=mz;lt=Lt;marcador=URB.;orden=via_mz_urb;loc=mixta;sin_tildes
MZL-n10741805827-1,synthetic_mzlt,Manzana 21 LT. 6A urb. Fortis,La Victoria,,,,,,21,6A,URBANIZACION FORTIS,150115,-12.071629,-77.005646,osm_area_center,,test,mz=Manzana;lt=LT.;marcador=urb.;orden=mz_urb;loc=campo;sin_tildes
MZL-n10741805827-2,synthetic_mzlt,"URB. Fortis Mz H - Lt.35, La Victoria",,,,,,,H,35,URBANIZACION FORTIS,150115,-12.071629,-77.005646,osm_area_center,,test,mz=Mz;lt=Lt.;marcador=URB.;orden=urb_mz;loc=coma
MZL-n10742616309-1,synthetic_mzlt,urb. Barrio Mendoza Psje. Los Pinos Manzana 20 LT. 36 - La Victoria,,,,PASAJE,LOS PINOS,,20,36,URBANIZACION BARRIO MENDOZA,150115,-12.065224,-77.023597,osm_area_center,,dev,mz=Manzana;lt=LT.;marcador=urb.;orden=urb_via_mz;loc=guion;sin_tildes
MZL-n10742616309-2,synthetic_mzlt,pasaje 3 mz t - lt. 16 urb. barrio mendoza,La Victoria,,,PASAJE,3,,T,16,URBANIZACION BARRIO MENDOZA,150115,-12.065224,-77.023597,osm_area_center,,dev,mz=Mz;lt=Lt.;marcador=URB.;orden=via_mz_urb;loc=campo;minusculas
MZL-n4388594673-1,synthetic_mzlt,"Mz. V, lote 27 urb. San Cosme - La Victoria",,,,,,,V,27,URBANIZACION SAN COSME,150115,-12.063211,-77.008960,osm_area_center,,test,mz=Mz.;lt=lote;marcador=urb.;orden=mz_urb;loc=guion;sin_tildes
MZL-n4388594673-2,synthetic_mzlt,Urbanización San Cosme Mz K - Lt 16A La Victoria,,,,,,,K,16A,URBANIZACION SAN COSME,150115,-12.063211,-77.008960,osm_area_center,,test,mz=Mz;lt=Lt;marcador=Urbanización;orden=urb_mz;loc=espacio
MZL-n9548285467-1,synthetic_mzlt,"av. central mz v lt. 33 urb. san german, la victoria, lima, lima",,,,AVENIDA,CENTRAL,,V,33,URBANIZACION SAN GERMAN,150115,-12.070424,-77.013448,osm_area_center,,test,mz=Mz;lt=LT.;marcador=Urb.;orden=via_mz_urb;loc=dist_prov_dep;minusculas;sin_tildes
MZL-n9548285467-2,synthetic_mzlt,"urb. San Germán Mz.G, Lt.25, La Victoria",,,,,,,G,25,URBANIZACION SAN GERMAN,150115,-12.070424,-77.013448,osm_area_center,,test,mz=Mz.;lt=Lt.;marcador=urb.;orden=urb_mz;loc=coma
MZL-n9643444210-1,synthetic_mzlt,urb. matute jr. las flores mz r lt.24 - la victoria,,Lima,,JIRON,LAS FLORES,,R,24,URBANIZACION MATUTE,150115,-12.072000,-77.023710,osm_area_center,,test,mz=Mz;lt=Lt.;marcador=Urb.;orden=urb_via_mz;loc=mixta;minusculas;sin_tildes
MZL-n9643444210-2,synthetic_mzlt,"urb. matute calle 12 manzana x, lt. 32 (cerca al colegio), la victoria",,,,CALLE,12,,X,32,URBANIZACION MATUTE,150115,-12.072000,-77.023710,osm_area_center,,test,mz=Manzana;lt=Lt.;marcador=Urb.;orden=urb_via_mz;referencia;loc=coma;minusculas
MZL-r15614470-1,synthetic_mzlt,P.J. Matute Av. Central MzE LT. 21 - La Victoria,,,,AVENIDA,CENTRAL,,E,21,PUEBLO JOVEN MATUTE,150115,-12.072522,-77.022370,osm_area_center,,dev,mz=Mz;lt=LT.;marcador=P.J.;orden=urb_via_mz;loc=guion
MZL-r15614470-2,synthetic_mzlt,mza. i lote 35 p.j. matute - la victoria,,,,,,,I,35,PUEBLO JOVEN MATUTE,150115,-12.072522,-77.022370,osm_area_center,,dev,mz=Mza.;lt=lote;marcador=P.J.;orden=mz_urb;loc=guion;minusculas;sin_tildes
MZL-w448870929-1,synthetic_mzlt,"Jr. Las Flores Mz.52 LT. 14 URB. Conjunto residencial NUSEVI, La Victoria",,,,JIRON,LAS FLORES,,52,14,URBANIZACION CONJUNTO RESIDENCIAL NUSEVI,150115,-12.068115,-77.021661,osm_area_center,,dev,mz=Mz.;lt=LT.;marcador=URB.;orden=via_mz_urb;loc=coma;sin_tildes
MZL-w448870929-2,synthetic_mzlt,"CALLE 5 MZA. X1 LT. 25 URB CONJUNTO RESIDENCIAL NUSEVI, LA VICTORIA",,,,CALLE,5,,X1,25,URBANIZACION CONJUNTO RESIDENCIAL NUSEVI,150115,-12.068115,-77.021661,osm_area_center,,dev,mz=Mza.;lt=Lt.;marcador=Urb;orden=via_mz_urb;loc=coma;mayusculas;sin_tildes
MZL-w461271918-1,synthetic_mzlt,RESIDENCIAL ABTAO PASAJE 3 MZ. J LOTE 18 - LA VICTORIA,,,,PASAJE,3,,J,18,RESIDENCIAL ABTAO,150115,-12.073140,-77.021019,osm_area_center,,dev,mz=MZ.;lt=lote;marcador=Residencial;orden=urb_via_mz;loc=guion;mayusculas;sin_tildes
MZL-w461271918-2,synthetic_mzlt,Av. Central Mz.22 Lt.38 Res. Abtao La Victoria,,,,AVENIDA,CENTRAL,,22,38,RESIDENCIAL ABTAO,150115,-12.073140,-77.021019,osm_area_center,,dev,mz=Mz.;lt=Lt.;marcador=Res.;orden=via_mz_urb;loc=espacio;sin_tildes
MZL-n10741698554-1,synthetic_mzlt,Urb. Risso MZ. B LT. 37,Lince,,,,,,B,37,URBANIZACION RISSO,150116,-12.087963,-77.044042,osm_area_center,,dev,mz=MZ.;lt=LT.;marcador=Urb.;orden=urb_mz;loc=campo;sin_tildes
MZL-n10741698554-2,synthetic_mzlt,"CALLE 5 MZM LT 35 URB. RISSO, LINCE, LIMA, LIMA",,,,CALLE,5,,M,35,URBANIZACION RISSO,150116,-12.087963,-77.044042,osm_area_center,,dev,mz=Mz;lt=Lt;marcador=URB.;orden=via_mz_urb;loc=dist_prov_dep;mayusculas;sin_tildes
MZL-w397553756-1,synthetic_mzlt,"urb. Agrupamiento San Eugenio MzZ Lt.16, Lince, Lima, Lima",,,,,,,Z,16,URBANIZACION AGRUPAMIENTO SAN EUGENIO,150116,-12.087125,-77.025687,osm_area_center,,test,mz=Mz;lt=Lt.;marcador=urb.;orden=urb_mz;loc=dist_prov_dep
MZL-w397553756-2,synthetic_mzlt,"URBANIZACIÓN AGRUPAMIENTO SAN EUGENIO PASAJE 3 MZA. I, LT.30, LINCE",,,,PASAJE,3,,I,30,URBANIZACION AGRUPAMIENTO SAN EUGENIO,150116,-12.087125,-77.025687,osm_area_center,,test,mz=Mza.;lt=Lt.;marcador=Urbanización;orden=urb_via_mz;loc=coma;mayusculas
MZL-w421696073-1,synthetic_mzlt,"URB. Agrupamiento Risso Jr. Las Flores Manzana U Lt 25, Lince",,,,JIRON,LAS FLORES,,U,25,URBANIZACION AGRUPAMIENTO RISSO,150116,-12.087421,-77.045820,osm_area_center,,dev,mz=Manzana;lt=Lt;marcador=URB.;orden=urb_via_mz;loc=coma;sin_tildes
MZL-w421696073-2,synthetic_mzlt,"Calle 5 mz B2, Lt. 16 Urbanizacion Agrupamiento Risso (altura del paradero), Lince, Lima, Lima",,,,CALLE,5,,B2,16,URBANIZACION AGRUPAMIENTO RISSO,150116,-12.087421,-77.045820,osm_area_center,,dev,mz=mz;lt=Lt.;marcador=Urbanización;orden=via_mz_urb;referencia;loc=dist_prov_dep;sin_tildes
MZL-n12743463604-1,synthetic_mzlt,"URB. PREVI AV. CENTRAL MZ F, LT. 16 LOS OLIVOS",,,,AVENIDA,CENTRAL,,F,16,URBANIZACION PREVI,150117,-11.982473,-77.067283,osm_area_center,,dev,mz=mz;lt=LT.;marcador=urb.;orden=urb_via_mz;loc=espacio;mayusculas;sin_tildes
MZL-n12743463604-2,synthetic_mzlt,URB. PREVI MZ 45 - LT. 24,Los Olivos,,,,,,45,24,URBANIZACION PREVI,150117,-11.982473,-77.067283,osm_area_center,,dev,mz=mz;lt=Lt.;marcador=urb.;orden=urb_mz;loc=campo;mayusculas
MZL-n13295458783-1,synthetic_mzlt,"mza. l3, lt 33 urb. panamericana norte, los olivos",,,,,,,L3,33,URBANIZACION PANAMERICANA NORTE,150117,-11.992628,-77.065321,osm_area_center,,dev,mz=Mza.;lt=Lt;marcador=Urb.;orden=mz_urb;loc=coma;minusculas;sin_tildes
MZL-n13295458783-2,synthetic_mzlt,"pasaje 3 mz. z2, lt. 18 urb panamericana norte - los olivos",,Lima,,PASAJE,3,,Z2,18,URBANIZACION PANAMERICANA NORTE,150117,-11.992628,-77.065321,osm_area_center,,dev,mz=Mz.;lt=LT.;marcador=Urb;orden=via_mz_urb;loc=mixta;minusculas
MZL-n13520579122-1,synthetic_mzlt,"URB. PRIMAVERA MZ 41 - LOTE 31, LOS OLIVOS, LIMA, LIMA",,,,,,,41,31,URBANIZACION PRIMAVERA,150117,-12.008684,-77.074870,osm_area_center,,test,mz=Mz;lt=lote;marcador=urb.;orden=urb_mz;loc=dist_prov_dep;mayusculas;sin_tildes
MZL-n13520579122-2,synthetic_mzlt,URB. Primavera MZ. L lote 28 - Los Olivos,,,,,,,L,28,URBANIZACION PRIMAVERA,150117,-12.008684,-77.074870,osm_area_center,,test,mz=MZ.;lt=lote;marcador=URB.;orden=urb_mz;loc=guion;sin_tildes
MZL-n13785941000-1,synthetic_mzlt,"urb. Juan Pablo II Peregrino MzP Lote 31, Los Olivos, Lima",,,,,,,P,31,URBANIZACION JUAN PABLO II PEREGRINO,150117,-12.004345,-77.074922,osm_area_center,,test,mz=Mz;lt=Lote;marcador=urb.;orden=urb_mz;loc=dist_prov;sin_tildes
MZL-n13785941000-2,synthetic_mzlt,mz. m lote 23 urb juan pablo ii peregrino - los olivos,,Lima,,,,,M,23,URBANIZACION JUAN PABLO II PEREGRINO,150117,-12.004345,-77.074922,osm_area_center,,test,mz=MZ.;lt=lote;marcador=Urb;orden=mz_urb;loc=mixta;minusculas;sin_tildes
MZL-n13792435435-1,synthetic_mzlt,URB. 28 de Julio Mza. L1 LT. 40 (frente al mercado) Los Olivos,,,,,,,L1,40,URBANIZACION 28 DE JULIO,150117,-12.003753,-77.078359,osm_area_center,,dev,mz=Mza.;lt=LT.;marcador=URB.;orden=urb_mz;referencia;loc=espacio
MZL-n13792435435-2,synthetic_mzlt,Calle 12 MzQ - Lote 30 URB. 28 de Julio Los Olivos,,,,CALLE,12,,Q,30,URBANIZACION 28 DE JULIO,150117,-12.003753,-77.078359,osm_area_center,,dev,mz=Mz;lt=Lote;marcador=URB.;orden=via_mz_urb;loc=espacio
MZL-n13792435436-1,synthetic_mzlt,"MZE - LT. 7 URB. 6 DE NOVIEMBRE, LOS OLIVOS, LIMA, LIMA",,,,,,,E,7,URBANIZACION 6 DE NOVIEMBRE,150117,-12.003614,-77.076759,osm_area_center,,dev,mz=Mz;lt=LT.;marcador=URB.;orden=mz_urb;loc=dist_prov_dep;mayusculas;sin_tildes
MZL-n13792435436-2,synthetic_mzlt,MzG Lt. 34 urb. 6 de Noviembre (altura del paradero) Los Olivos,,,,,,,G,34,URBANIZACION 6 DE NOVIEMBRE,150117,-12.003614,-77.076759,osm_area_center,,dev,mz=Mz;lt=Lt.;marcador=urb.;orden=mz_urb;referencia;loc=espacio
MZL-n13792435451-1,synthetic_mzlt,Urb. Sarita Colonia Mz.S Lt 40 - Los Olivos,,,,,,,S,40,URBANIZACION SARITA COLONIA,150117,-12.001731,-77.074845,osm_area_center,,dev,mz=Mz.;lt=Lt;marcador=Urb.;orden=urb_mz;loc=guion
MZL-n13792435451-2,synthetic_mzlt,urb. Sarita Colonia MZ. X1 Lt. 33,Los Olivos,,,,,,X1,33,URBANIZACION SARITA COLONIA,150117,-12.001731,-77.074845,osm_area_center,,dev,mz=MZ.;lt=Lt.;marcador=urb.;orden=urb_mz;loc=campo;sin_tildes
MZL-n4005009914-1,synthetic_mzlt,"MZ. K - LOTE 25 URBANIZACION SANTA ROSA DEL OLIVAR, LOS OLIVOS, LIMA",,,,,,,K,25,URBANIZACION SANTA ROSA DEL OLIVAR,150117,-11.979248,-77.076160,osm_area_center,,dev,mz=Mz.;lt=lote;marcador=Urbanización;orden=mz_urb;loc=dist_prov;mayusculas;sin_tildes
MZL-n4005009914-2,synthetic_mzlt,"Manzana F1 Lt 36 Urbanización Santa Rosa del Olivar (altura del paradero), Los Olivos, Lima, Lima",,,,,,,F1,36,URBANIZACION SANTA ROSA DEL OLIVAR,150117,-11.979248,-77.076160,osm_area_center,,dev,mz=Manzana;lt=Lt;marcador=Urbanización;orden=mz_urb;referencia;loc=dist_prov_dep
MZL-n4005009915-1,synthetic_mzlt,Urbanización El Olivar Calle 12 Mz V - Lt. 25 - Los Olivos,,Lima,,CALLE,12,,V,25,URBANIZACION EL OLIVAR,150117,-11.981937,-77.076134,osm_area_center,,dev,mz=Mz;lt=Lt.;marcador=Urbanización;orden=urb_via_mz;loc=mixta
MZL-n4005009915-2,synthetic_mzlt,"urb. el olivar jr. las flores mz g, lote 27 (cerca al colegio), los olivos, lima",,,,JIRON,LAS FLORES,,G,27,URBANIZACION EL OLIVAR,150117,-11.981937,-77.076134,osm_area_center,,dev,mz=Mz;lt=lote;marcador=Urb.;orden=urb_via_mz;referencia;loc=dist_prov;minusculas;sin_tildes
MZL-n4005009916-1,synthetic_mzlt,"mz N, Lt.3 Urb. Los Jazmines del Naranjal, Los Olivos, Lima",,,,,,,N,3,URBANIZACION LOS JAZMINES DEL NARANJAL,150117,-11.978279,-77.082153,osm_area_center,,dev,mz=mz;lt=Lt.;marcador=Urb.;orden=mz_urb;loc=dist_prov
MZL-n4005009916-2,synthetic_mzlt,Urbanización Los Jazmines del Naranjal Av. Central MzJ Lt. 7 - Los Olivos,,,,AVENIDA,CENTRAL,,J,7,URBANIZACION LOS JAZMINES DEL NARANJAL,150117,-11.978279,-77.082153,osm_area_center,,dev,mz=Mz;lt=Lt.;marcador=Urbanización;orden=urb_via_mz;loc=guion
MZL-n4005009917-1,synthetic_mzlt,"Pasaje 3 MzB Lt 20 urb. Rosario del Norte, Los Olivos, Lima, Lima",,,,PASAJE,3,,B,20,URBANIZACION ROSARIO DEL NORTE,150117,-11.981720,-77.083586,osm_area_center,,dev,mz=Mz;lt=Lt;marcador=urb.;orden=via_mz_urb;loc=dist_prov_dep;sin_tildes
MZL-n4005009917-2,synthetic_mzlt,"Mza. A - Lote 20 Urb. Rosario del Norte, Los Olivos, Lima",,,,,,,A,20,URBANIZACION ROSARIO DEL NORTE,150117,-11.981720,-77.083586,osm_area_center,,dev,mz=Mza.;lt=Lote;marcador=Urb.;orden=mz_urb;loc=dist_prov;sin_tildes
MZL-n4077579657-1,synthetic_mzlt,Urb. Pro Calle 5 mz E Lt 11 Los Olivos,,,,CALLE,5,,E,11,URBANIZACION PRO,150117,-11.934788,-77.076849,osm_area_center,,test,mz=mz;lt=Lt;marcador=Urb.;orden=urb_via_mz;loc=espacio;sin_tildes
MZL-n4077579657-2,synthetic_mzlt,"URB. Pro Calle 12 Mz D, Lote 24, Los Olivos, Lima",,,,CALLE,12,,D,24,URBANIZACION PRO,150117,-11.934788,-77.076849,osm_area_center,,test,mz=Mz;lt=Lote;marcador=URB.;orden=urb_via_mz;loc=dist_prov;sin_tildes
MZL-n4379686040-1,synthetic_mzlt,Calle 5 Mz.O LT. 3 URB. Sol de Oro Los Olivos,,,,CALLE,5,,O,3,URBANIZACION SOL DE ORO,150117,-11.999277,-77.064156,osm_area_center,,dev,mz=Mz.;lt=LT.;marcador=URB.;orden=via_mz_urb;loc=espacio
MZL-n4379686040-2,synthetic_mzlt,"Urb. Sol de Oro Pasaje 3 Mz.D3 Lt 36, Los Olivos",,,,PASAJE,3,,D3,36,URBANIZACION SOL DE ORO,150117,-11.999277,-77.064156,osm_area_center,,dev,mz=Mz.;lt=Lt;marcador=Urb.;orden=urb_via_mz;loc=coma
MZL-n5090590476-1,synthetic_mzlt,"URB. Villa los Angeles mz U - Lt 32, Los Olivos",,,,,,,U,32,URBANIZACION VILLA LOS ANGELES,150117,-11.992567,-77.068420,osm_area_center,,dev,mz=mz;lt=Lt;marcador=URB.;orden=urb_mz;loc=coma;sin_tildes
MZL-n5090590476-2,synthetic_mzlt,"Urbanizacion Villa los Angeles Calle 12 Mz. 56, Lt.27 - Los Olivos",,,,CALLE,12,,56,27,URBANIZACION VILLA LOS ANGELES,150117,-11.992567,-77.068420,osm_area_center,,dev,mz=Mz.;lt=Lt.;marcador=Urbanización;orden=urb_via_mz;loc=guion;sin_tildes
MZL-w400623083-1,synthetic_mzlt,CONDOMINIO TORRES DE LOS OLIVOS MANZANA C LT 28 - LOS OLIVOS,,,,,,,C,28,CONDOMINIO TORRES DE LOS OLIVOS,150117,-11.949556,-77.072160,osm_area_center,,dev,mz=Manzana;lt=Lt;marcador=Condominio;orden=urb_mz;loc=guion;mayusculas;sin_tildes
MZL-w400623083-2,synthetic_mzlt,mz W - LT. 3 Cond. Torres de los Olivos,Los Olivos,,,,,,W,3,CONDOMINIO TORRES DE LOS OLIVOS,150117,-11.949556,-77.072160,osm_area_center,,dev,mz=mz;lt=LT.;marcador=Cond.;orden=mz_urb;loc=campo
MZL-n12289440445-1,synthetic_mzlt,"Urbanizacion Barrio Amistad Calle 12 Mza. U - Lt 27 (frente al parque), Chosica",,,,CALLE,12,,U,27,URBANIZACION BARRIO AMISTAD,150118,-11.992613,-76.844025,osm_area_center,,test,mz=Mza.;lt=Lt;marcador=Urbanización;orden=urb_via_mz;referencia;alias_distrito;loc=coma;sin_tildes
MZL-n12289440445-2,synthetic_mzlt,"Urb Barrio Amistad Av. Central MZ. D - lote 25, Lurigancho Chosica, Lima, Lima",,,,AVENIDA,CENTRAL,,D,25,URBANIZACION BARRIO AMISTAD,150118,-11.992613,-76.844025,osm_area_center,,test,mz=MZ.;lt=lote;marcador=Urb;orden=urb_via_mz;alias_distrito;loc=dist_prov_dep;sin_tildes
MZL-n4022374902-1,synthetic_mzlt,MANZANA 50 - LT. 38 URB. JICAMARCA ANEXO 8 - LURIGANCHO,,Lima,,,,,50,38,URBANIZACION JICAMARCA ANEXO 8,150118,-11.981021,-76.943126,osm_area_center,,test,mz=Manzana;lt=Lt.;marcador=urb.;orden=mz_urb;loc=mixta;mayusculas
MZL-n4022374902-2,synthetic_mzlt,"MZ R, LT.19 URBANIZACION JICAMARCA ANEXO 8",Lurigancho Chosica,,,,,,R,19,URBANIZACION JICAMARCA ANEXO 8,150118,-11.981021,-76.943126,osm_area_center,,test,mz=Mz;lt=Lt.;marcador=Urbanización;orden=mz_urb;alias_distrito;loc=campo;mayusculas;sin_tildes
MZL-n4044590492-1,synthetic_mzlt,urb. Sol de Chambala MZ. O LT. 33 - Lurigancho,,Lima,,,,,O,33,URBANIZACION SOL DE CHAMBALA,150118,-11.997805,-76.908669,osm_area_center,,dev,mz=MZ.;lt=LT.;marcador=urb.;orden=urb_mz;loc=mixta
MZL-n4044590492-2,synthetic_mzlt,"Urb. Sol de Chambala Mz J, Lt.13 (cerca al colegio)",Lurigancho,,,,,,J,13,URBANIZACION SOL DE CHAMBALA,150118,-11.997805,-76.908669,osm_area_center,,dev,mz=Mz;lt=Lt.;marcador=Urb.;orden=urb_mz;referencia;loc=campo
MZL-n4288757665-1,synthetic_mzlt,urb. Yanacoto Mza. G2 Lote 38 - Lurigancho,,,,,,,G2,38,URBANIZACION YANACOTO,150118,-11.946702,-76.728869,osm_area_center,,test,mz=Mza.;lt=Lote;marcador=urb.;orden=urb_mz;loc=guion;sin_tildes
MZL-n4288757665-2,synthetic_mzlt,"URB. YANACOTO MZ. B LT 3, LURIGANCHO, LIMA",,,,,,,B,3,URBANIZACION YANACOTO,150118,-11.946702,-76.728869,osm_area_center,,test,mz=MZ.;lt=Lt;marcador=urb.;orden=urb_mz;loc=dist_prov;mayusculas;sin_tildes
MZL-n5737992391-1,synthetic_mzlt,"URB. VALLECITO PSJE. LOS PINOS MZ 12 LOTE 4 (FRENTE AL PARQUE), LURIGANCHO, LIMA",,,,PASAJE,LOS PINOS,,12,4,URBANIZACION VALLECITO,150118,-11.960702,-76.789745,osm_area_center,,dev,mz=Mz;lt=Lote;marcador=urb.;orden=urb_via_mz;referencia;loc=dist_prov;mayusculas;sin_tildes
MZL-n5737992391-2,synthetic_mzlt,"urb. Vallecito Pasaje 3 Mz.D2, Lote 38, Lurigancho, Lima, Lima",,,,PASAJE,3,,D2,38,URBANIZACION VALLECITO,150118,-11.960702,-76.789745,osm_area_center,,dev,mz=Mz.;lt=Lote;marcador=urb.;orden=urb_via_mz;loc=dist_prov_dep;sin_tildes
MZL-n6481882271-1,synthetic_mzlt,URB LA VIZCACHERA MZ.39 LOTE 22 (CERCA AL COLEGIO) - LURIGANCHO,,Lima,,,,,39,22,URBANIZACION LA VIZCACHERA,150118,-12.007374,-76.955574,osm_area_center,,dev,mz=Mz.;lt=Lote;marcador=Urb;orden=urb_mz;referencia;loc=mixta;mayusculas;sin_tildes
MZL-n6481882271-2,synthetic_mzlt,"URB. LA VIZCACHERA CALLE 5 MANZANA A, LT. 22, LURIGANCHO, LIMA",,,,CALLE,5,,A,22,URBANIZACION LA VIZCACHERA,150118,-12.007374,-76.955574,osm_area_center,,dev,mz=Manzana;lt=LT.;marcador=Urb.;orden=urb_via_mz;loc=dist_prov;mayusculas;sin_tildes
MZL-n8564180518-1,synthetic_mzlt,Urb. Mirador de Niveria Jr. Las Flores MzA - LT. 29,Lurigancho,,,JIRON,LAS FLORES,,A,29,URBANIZACION MIRADOR DE NIVERIA,150118,-11.990395,-76.916518,osm_area_center,,dev,mz=Mz;lt=LT.;marcador=Urb.;orden=urb_via_mz;loc=campo
MZL-n8564180518-2,synthetic_mzlt,"urb. Mirador de Niveria MzR Lt 20, Lurigancho, Lima, Lima",,,,,,,R,20,URBANIZACION MIRADOR DE NIVERIA,150118,-11.990395,-76.916518,osm_area_center,,dev,mz=Mz;lt=Lt;marcador=urb.;orden=urb_mz;loc=dist_prov_dep
MZL-n8858877667-1,synthetic_mzlt,"MZ U, LT. 18 URB CARAPONGO, LURIGANCHO",,,,,,,U,18,URBANIZACION CARAPONGO,150118,-12.002946,-76.864285,osm_area_center,,dev,mz=Mz;lt=Lt.;marcador=Urb;orden=mz_urb;loc=coma;mayusculas
MZL-n8858877667-2,synthetic_mzlt,"Psje. Los Pinos MZ. A, Lote 17 Urb Carapongo (frente al mercado) Lurigancho",,,,PASAJE,LOS PINOS,,A,17,URBANIZACION CARAPONGO,150118,-12.002946,-76.864285,osm_area_center,,dev,mz=MZ.;lt=Lote;marcador=Urb;orden=via_mz_urb;referencia;loc=espacio
MZL-n9766175507-1,synthetic_mzlt,Mza. Y Lt.16 Urb. Viñas de Media Luna - Lurigancho,,Lima,,,,,Y,16,URBANIZACION VIÑAS DE MEDIA LUNA,150118,-11.981782,-76.927680,osm_area_center,,dev,mz=Mza.;lt=Lt.;marcador=Urb.;orden=mz_urb;loc=mixta;sin_tildes
MZL-n9766175507-2,synthetic_mzlt,"URBANIZACIÓN VIÑAS DE MEDIA LUNA MZ. M3, LT.32 CHOSICA",,,,,,,M3,32,URBANIZACION VIÑAS DE MEDIA LUNA,150118,-11.981782,-76.927680,osm_area_center,,dev,mz=Mz.;lt=Lt.;marcador=Urbanización;orden=urb_mz;alias_distrito;loc=espacio;mayusculas
MZL-w1056688092-1,synthetic_mzlt,PSJE. LOS PINOS MZ W - LT. 24A URB LAS BRISAS DE HUACHIPA,Lurigancho Chosica,,,PASAJE,LOS PINOS,,W,24A,URBANIZACION LAS BRISAS DE HUACHIPA,150118,-11.998905,-76.920881,osm_area_center,,test,mz=Mz;lt=LT.;marcador=Urb;orden=via_mz_urb;alias_distrito;loc=campo;mayusculas
MZL-w1056688092-2,synthetic_mzlt,"Mza. A Lt. 10 urb. Las Brisas de Huachipa, Lurigancho, Lima, Lima",,,,,,,A,10,URBANIZACION LAS BRISAS DE HUACHIPA,150118,-11.998905,-76.920881,osm_area_center,,test,mz=Mza.;lt=Lt.;marcador=urb.;orden=mz_urb;loc=dist_prov_dep
MZL-w1056688093-1,synthetic_mzlt,URB. LAS MORAS MZF - LOTE 6 - LURIGANCHO,,,,,,,F,6,URBANIZACION LAS MORAS,150118,-12.001696,-76.923052,osm_area_center,,dev,mz=Mz;lt=Lote;marcador=urb.;orden=urb_mz;loc=guion;mayusculas;sin_tildes
MZL-w1056688093-2,synthetic_mzlt,"Calle 5 MzB, Lt. 39 urb. Las Moras Lurigancho",,,,CALLE,5,,B,39,URBANIZACION LAS MORAS,150118,-12.001696,-76.923052,osm_area_center,,dev,mz=Mz;lt=Lt.;marcador=urb.;orden=via_mz_urb;loc=espacio
MZL-w1056688094-1,synthetic_mzlt,MZ. Z - LOTE 6 URB. LOS GERANIOS DE HUACHIPA - LURIGANCHO,,Lima,,,,,Z,6,URBANIZACION LOS GERANIOS DE HUACHIPA,150118,-11.998577,-76.928282,osm_area_center,,dev,mz=MZ.;lt=Lote;marcador=urb.;orden=mz_urb;loc=mixta;mayusculas;sin_tildes
MZL-w1056688094-2,synthetic_mzlt,"Jr. Las Flores mz K - Lt.33 Urbanización Los Geranios de Huachipa, Lurigancho, Lima, Lima",,,,JIRON,LAS FLORES,,K,33,URBANIZACION LOS GERANIOS DE HUACHIPA,150118,-11.998577,-76.928282,osm_area_center,,dev,mz=mz;lt=Lt.;marcador=Urbanización;orden=via_mz_urb;loc=dist_prov_dep
MZL-w1276596290-1,synthetic_mzlt,MZ J3 LOTE 1 URB. MIRADOR DEL GOLF - CHOSICA,,Lima,,,,,J3,1,URBANIZACION MIRADOR DEL GOLF,150118,-11.982364,-76.821511,osm_area_center,,test,mz=Mz;lt=lote;marcador=urb.;orden=mz_urb;alias_distrito;loc=mixta;mayusculas
MZL-w1276596290-2,synthetic_mzlt,Jr. Las Flores Mz.C Lt 19 Urb. Mirador del Golf,Lurigancho Chosica,,,JIRON,LAS FLORES,,C,19,URBANIZACION MIRADOR DEL GOLF,150118,-11.982364,-76.821511,osm_area_center,,test,mz=Mz.;lt=Lt;marcador=Urb.;orden=via_mz_urb;alias_distrito;loc=campo
MZL-w560087602-1,synthetic_mzlt,"Jr. Las Flores MzN, Lt.13 Urbanizacion Golf de los Andes Lurigancho Chosica",,,,JIRON,LAS FLORES,,N,13,URBANIZACION GOLF DE LOS ANDES,150118,-11.984659,-76.822030,osm_area_center,,dev,mz=Mz;lt=Lt.;marcador=Urbanización;orden=via_mz_urb;alias_distrito;loc=espacio;sin_tildes
MZL-w560087602-2,synthetic_mzlt,"URB. GOLF DE LOS ANDES MZB LT. 23, LURIGANCHO, LIMA",,,,,,,B,23,URBANIZACION GOLF DE LOS ANDES,150118,-11.984659,-76.822030,osm_area_center,,dev,mz=Mz;lt=LT.;marcador=Urb.;orden=urb_mz;loc=dist_prov;mayusculas
MZL-w604810063-1,synthetic_mzlt,Urbanización El Golf de Huampani Av. Central mz E - LT. 32 - Lurigancho,,,,AVENIDA,CENTRAL,,E,32,URBANIZACION EL GOLF DE HUAMPANI,150118,-11.970508,-76.799399,osm_area_center,,test,mz=mz;lt=LT.;marcador=Urbanización;orden=urb_via_mz;loc=guion
MZL-w604810063-2,synthetic_mzlt,"urb. el golf de huampani mz.r, lt. 13 lurigancho",,,,,,,R,13,URBANIZACION EL GOLF DE HUAMPANI,150118,-11.970508,-76.799399,osm_area_center,,test,mz=Mz.;lt=Lt.;marcador=urb.;orden=urb_mz;loc=espacio;minusculas;sin_tildes
MZL-n3743591815-1,synthetic_mzlt,"MZ. M3, lote 30 Urb Julio Cesar Tello II",Lurin,,,,,,M3,30,URBANIZACION JULIO CESAR TELLO II,150119,-12.245502,-76.896056,osm_area_center,,dev,mz=MZ.;lt=lote;marcador=Urb;orden=mz_urb;loc=campo;sin_tildes
MZL-n3743591815-2,synthetic_mzlt,Urb. Julio Cesar Tello II Mz I Lote 39 (cerca al colegio) Lurin,,,,,,,I,39,URBANIZACION JULIO CESAR TELLO II,150119,-12.245502,-76.896056,osm_area_center,,dev,mz=Mz;lt=Lote;marcador=Urb.;orden=urb_mz;referencia;loc=espacio;sin_tildes
MZL-n3743591816-1,synthetic_mzlt,"Urbanización Julio César Tello Psje. Los Pinos mz J Lt 6, Lurín",,,,PASAJE,LOS PINOS,,J,6,URBANIZACION JULIO CESAR TELLO,150119,-12.249132,-76.895884,osm_area_center,,test,mz=mz;lt=Lt;marcador=Urbanización;orden=urb_via_mz;loc=coma
MZL-n3743591816-2,synthetic_mzlt,"Manzana W - Lt 21 Urb Julio Cesar Tello, Lurin, Lima",,,,,,,W,21,URBANIZACION JULIO CESAR TELLO,150119,-12.249132,-76.895884,osm_area_center,,test,mz=Manzana;lt=Lt;marcador=Urb;orden=mz_urb;loc=dist_prov;sin_tildes
MZL-n3854554061-1,synthetic_mzlt,"URB PAMPA LIMAY AV. CENTRAL MZ. O LT.35, LURÍN, LIMA",,,,AVENIDA,CENTRAL,,O,35,URBANIZACION PAMPA LIMAY,150119,-12.216970,-76.883195,osm_area_center,,test,mz=MZ.;lt=Lt.;marcador=Urb;orden=urb_via_mz;loc=dist_prov;mayusculas
MZL-n3854554061-2,synthetic_mzlt,"mz V, Lt 35 urb. Pampa Limay, Lurín, Lima, Lima",,,,,,,V,35,URBANIZACION PAMPA LIMAY,150119,-12.216970,-76.883195,osm_area_center,,test,mz=mz;lt=Lt;marcador=urb.;orden=mz_urb;loc=dist_prov_dep
MZL-n4691335784-1,synthetic_mzlt,"Manzana I - LT. 27 Urb. Villa Alejandro, Lurín, Lima",,,,,,,I,27,URBANIZACION VILLA ALEJANDRO,150119,-12.236048,-76.910046,osm_area_center,,dev,mz=Manzana;lt=LT.;marcador=Urb.;orden=mz_urb;loc=dist_prov
MZL-n4691335784-2,synthetic_mzlt,"PASAJE 3 MZF, LT.33 URB. VILLA ALEJANDRO, LURIN",,,,PASAJE,3,,F,33,URBANIZACION VILLA ALEJANDRO,150119,-12.236048,-76.910046,osm_area_center,,dev,mz=Mz;lt=Lt.;marcador=urb.;orden=via_mz_urb;loc=coma;mayusculas;sin_tildes
MZL-n4932675467-1,synthetic_mzlt,"MZ. P, Lt 30 URB. Vicente Morales, Lurín",,,,,,,P,30,URBANIZACION VICENTE MORALES,150119,-12.270063,-76.880449,osm_area_center,,dev,mz=MZ.;lt=Lt;marcador=URB.;orden=mz_urb;loc=coma
MZL-n4932675467-2,synthetic_mzlt,Urb Vicente Morales Mz Y LT. 1 - Lurin,,Lima,,,,,Y,1,URBANIZACION VICENTE MORALES,150119,-12.270063,-76.880449,osm_area_center,,dev,mz=Mz;lt=LT.;marcador=Urb;orden=urb_mz;loc=mixta;sin_tildes
MZL-n4939325859-1,synthetic_mzlt,Urb. Santo Domingo de Huarangal Pasaje 3 Mza. 32 Lt.25 (frente al mercado) - Lurin,,,,PASAJE,3,,32,25,URBANIZACION SANTO DOMINGO DE HUARANGAL,150119,-12.273194,-76.855751,osm_area_center,,test,mz=Mza.;lt=Lt.;marcador=Urb.;orden=urb_via_mz;referencia;loc=guion;sin_tildes
MZL-n4939325859-2,synthetic_mzlt,URB. SANTO DOMINGO DE HUARANGAL CALLE 12 MZ X LT. 14 - LURÍN,,Lima,,CALLE,12,,X,14,URBANIZACION SANTO DOMINGO DE HUARANGAL,150119,-12.273194,-76.855751,osm_area_center,,test,mz=mz;lt=LT.;marcador=urb.;orden=urb_via_mz;loc=mixta;mayusculas
MZL-n5113208543-1,synthetic_mzlt,URB. UPIS SAN JOSÉ MZ T LOTE 24A,Lurín,,,,,,T,24A,URBANIZACION UPIS SAN JOSE,150119,-12.239053,-76.908010,osm_area_center,,dev,mz=mz;lt=lote;marcador=URB.;orden=urb_mz;loc=campo;mayusculas
MZL-n5113208543-2,synthetic_mzlt,"URB UPIS SAN JOSE MZ E - LOTE 12, LURIN, LIMA",,,,,,,E,12,URBANIZACION UPIS SAN JOSE,150119,-12.239053,-76.908010,osm_area_center,,dev,mz=Mz;lt=lote;marcador=Urb;orden=urb_mz;loc=dist_prov;mayusculas;sin_tildes
MZL-n5113219655-1,synthetic_mzlt,"Mz.K, Lt. 22 URB. Martha Milagros Baja Lurín",,,,,,,K,22,URBANIZACION MARTHA MILAGROS BAJA,150119,-12.233899,-76.903559,osm_area_center,,dev,mz=Mz.;lt=Lt.;marcador=URB.;orden=mz_urb;loc=espacio
MZL-n5113219655-2,synthetic_mzlt,mz R lote 5 Urbanizacion Martha Milagros Baja - Lurin,,,,,,,R,5,URBANIZACION MARTHA MILAGROS BAJA,150119,-12.233899,-76.903559,osm_area_center,,dev,mz=mz;lt=lote;marcador=Urbanización;orden=mz_urb;loc=guion;sin_tildes
MZL-n5113247611-1,synthetic_mzlt,"mz R - LT. 9 Urbanización Villa Las Palmas, Lurín, Lima",,,,,,,R,9,URBANIZACION VILLA LAS PALMAS,150119,-12.234826,-76.896610,osm_area_center,,dev,mz=mz;lt=LT.;marcador=Urbanización;orden=mz_urb;loc=dist_prov
MZL-n5113247611-2,synthetic_mzlt,"Urb. Villa Las Palmas Psje. Los Pinos MzR - Lote 23, Lurín, Lima",,,,PASAJE,LOS PINOS,,R,23,URBANIZACION VILLA LAS PALMAS,150119,-12.234826,-76.896610,osm_area_center,,dev,mz=Mz;lt=Lote;marcador=Urb.;orden=urb_via_mz;loc=dist_prov
MZL-n6174279364-1,synthetic_mzlt,"URB. SANTA ROSA DE LURIN MZ2, LT. 35, LURIN, LIMA",,,,,,,2,35,URBANIZACION SANTA ROSA DE LURIN,150119,-12.259567,-76.887216,osm_area_center,,dev,mz=Mz;lt=Lt.;marcador=Urb.;orden=urb_mz;loc=dist_prov;mayusculas;sin_tildes
MZL-n6174279364-2,synthetic_mzlt,"Urb Santa Rosa de Lurin Jr. Las Flores MzC, Lt. 34 Lurin",,,,JIRON,LAS FLORES,,C,34,URBANIZACION SANTA ROSA DE LURIN,150119,-12.259567,-76.887216,osm_area_center,,dev,mz=Mz;lt=Lt.;marcador=Urb;orden=urb_via_mz;loc=espacio;sin_tildes
MZL-n9736174537-1,synthetic_mzlt,PSJE. LOS PINOS MZ G LT. 29 URB. PRADERAS DE LURÍN,Lurín,,,PASAJE,LOS PINOS,,G,29,URBANIZACION PRADERAS DE LURIN,150119,-12.262348,-76.830974,osm_area_center,,dev,mz=Mz;lt=Lt.;marcador=Urb.;orden=via_mz_urb;loc=campo;mayusculas
MZL-n9736174537-2,synthetic_mzlt,"PASAJE 3 MZ. N, LOTE 6 URB. PRADERAS DE LURIN - LURIN",,,,PASAJE,3,,N,6,URBANIZACION PRADERAS DE LURIN,150119,-12.262348,-76.830974,osm_area_center,,dev,mz=MZ.;lt=Lote;marcador=URB.;orden=via_mz_urb;loc=guion;mayusculas;sin_tildes
MZL-w1411188993-1,synthetic_mzlt,"res. los pinos pasaje 3 manzana c2 lt. 23, lurin, lima",,,,PASAJE,3,,C2,23,RESIDENCIAL LOS PINOS,150119,-12.225381,-76.892982,osm_area_center,,dev,mz=Manzana;lt=LT.;marcador=Res.;orden=urb_via_mz;loc=dist_prov;minusculas;sin_tildes
MZL-w1411188993-2,synthetic_mzlt,Mz. L Lt.33 Res. Los Pinos - Lurin,,,,,,,L,33,RESIDENCIAL LOS PINOS,150119,-12.225381,-76.892982,osm_area_center,,dev,mz=Mz.;lt=Lt.;marcador=Res.;orden=mz_urb;loc=guion;sin_tildes
MZL-w454126739-1,synthetic_mzlt,mz C - Lt.26 Cond. Villa Riviera - Lurin,,,,,,,C,26,CONDOMINIO VILLA RIVIERA,150119,-12.229083,-76.889103,osm_area_center,,dev,mz=mz;lt=Lt.;marcador=Cond.;orden=mz_urb;loc=guion;sin_tildes
MZL-w454126739-2,synthetic_mzlt,"JR. LAS FLORES MZ E, LT. 11 COND. VILLA RIVIERA - LURIN",,,,JIRON,LAS FLORES,,E,11,CONDOMINIO VILLA RIVIERA,150119,-12.229083,-76.889103,osm_area_center,,dev,mz=Mz;lt=Lt.;marcador=Cond.;orden=via_mz_urb;loc=guion;mayusculas;sin_tildes
MZL-w657983910-1,synthetic_mzlt,"urb. Villa Laureles Calle 12 Manzana G, LT. 35, Lurín, Lima, Lima",,,,CALLE,12,,G,35,URBANIZACION VILLA LAURELES,150119,-12.240638,-76.873875,osm_area_center,,dev,mz=Manzana;lt=LT.;marcador=urb.;orden=urb_via_mz;loc=dist_prov_dep
MZL-w657983910-2,synthetic_mzlt,"URBANIZACION VILLA LAURELES CALLE 5 MZ.X - LT. 10, LURIN",,,,CALLE,5,,X,10,URBANIZACION VILLA LAURELES,150119,-12.240638,-76.873875,osm_area_center,,dev,mz=Mz.;lt=Lt.;marcador=Urbanización;orden=urb_via_mz;loc=coma;mayusculas;sin_tildes
MZL-w881492451-1,synthetic_mzlt,urb. valle las higueras calle 12 mzr lt.14 - lurín,,Lima,,CALLE,12,,R,14,URBANIZACION VALLE LAS HIGUERAS,150119,-12.230834,-76.900100,osm_area_center,,dev,mz=Mz;lt=Lt.;marcador=URB.;orden=urb_via_mz;loc=mixta;minusculas
MZL-w881492451-2,synthetic_mzlt,"URB. Valle Las Higueras Psje. Los Pinos MzU - LT. 6, Lurín, Lima, Lima",,,,PASAJE,LOS PINOS,,U,6,URBANIZACION VALLE LAS HIGUERAS,150119,-12.230834,-76.900100,osm_area_center,,dev,mz=Mz;lt=LT.;marcador=URB.;orden=urb_via_mz;loc=dist_prov_dep
MZL-w284935934-1,synthetic_mzlt,URB. Marbella Psje. Los Pinos Manzana F Lt.21,Magdalena del Mar,,,PASAJE,LOS PINOS,,F,21,URBANIZACION MARBELLA,150120,-12.104001,-77.061946,osm_area_center,,dev,mz=Manzana;lt=Lt.;marcador=URB.;orden=urb_via_mz;loc=campo;sin_tildes
MZL-w284935934-2,synthetic_mzlt,urb. Marbella Pasaje 3 Mz V Lt.2 - Magdalena del Mar,,Lima,,PASAJE,3,,V,2,URBANIZACION MARBELLA,150120,-12.104001,-77.061946,osm_area_center,,dev,mz=Mz;lt=Lt.;marcador=urb.;orden=urb_via_mz;loc=mixta
MZL-w436420099-1,synthetic_mzlt,"Calle 5 Manzana R - Lt. 14 urb. Los Balcones de Magdalena, Magdalena del Mar, Lima",,,,CALLE,5,,R,14,URBANIZACION LOS BALCONES DE MAGDALENA,150120,-12.086334,-77.073994,osm_area_center,,dev,mz=Manzana;lt=Lt.;marcador=urb.;orden=via_mz_urb;loc=dist_prov;sin_tildes
MZL-w436420099-2,synthetic_mzlt,MzQ - Lote 23 Urbanizacion Los Balcones de Magdalena Magdalena del Mar,,,,,,,Q,23,URBANIZACION LOS BALCONES DE MAGDALENA,150120,-12.086334,-77.073994,osm_area_center,,dev,mz=Mz;lt=Lote;marcador=Urbanización;orden=mz_urb;loc=espacio;sin_tildes
MZL-w225365968-1,synthetic_mzlt,"JR. LAS FLORES MZ. Q, LOTE 35 URBANIZACIÓN JARDÍNES DE LA CATÓLICA PUEBLO LIBRE",,,,JIRON,LAS FLORES,,Q,35,URBANIZACION JARDINES DE LA CATOLICA,150121,-12.070162,-77.076249,osm_area_center,,dev,mz=Mz.;lt=lote;marcador=Urbanización;orden=via_mz_urb;loc=espacio;mayusculas
MZL-w225365968-2,synthetic_mzlt,"URB. Jardínes de la Católica Calle 5 Manzana J Lt.39 (frente al parque), Pueblo Libre, Lima, Lima",,,,CALLE,5,,J,39,URBANIZACION JARDINES DE LA CATOLICA,150121,-12.070162,-77.076249,osm_area_center,,dev,mz=Manzana;lt=Lt.;marcador=URB.;orden=urb_via_mz;referencia;loc=dist_prov_dep
MZL-w396441649-1,synthetic_mzlt,Psje. Los Pinos Mz K Lote 13 Urb. Villa Militar de Pueblo Libre - Magdalena Vieja,,,,PASAJE,LOS PINOS,,K,13,URBANIZACION VILLA MILITAR DE PUEBLO LIBRE,150121,-12.076288,-77.059893,osm_area_center,,dev,mz=Mz;lt=Lote;marcador=Urb.;orden=via_mz_urb;alias_distrito;loc=guion;sin_tildes
MZL-w396441649-2,synthetic_mzlt,"Mz.F Lt. 32 URB. Villa Militar de Pueblo Libre, Pueblo Libre, Lima, Lima",,,,,,,F,32,URBANIZACION VILLA MILITAR DE PUEBLO LIBRE,150121,-12.076288,-77.059893,osm_area_center,,dev,mz=Mz.;lt=Lt.;marcador=URB.;orden=mz_urb;loc=dist_prov_dep
MZL-n10665830400-1,synthetic_mzlt,Urb. El Rosedal mz B - LT. 40 (altura del paradero) - Miraflores,,,,,,,B,40,URBANIZACION EL ROSEDAL,150122,-12.128499,-77.013970,osm_area_center,,dev,mz=mz;lt=LT.;marcador=Urb.;orden=urb_mz;referencia;loc=guion;sin_tildes
MZL-n10665830400-2,synthetic_mzlt,"MzY, Lt 19 Urb El Rosedal",Miraflores,,,,,,Y,19,URBANIZACION EL ROSEDAL,150122,-12.128499,-77.013970,osm_area_center,,dev,mz=Mz;lt=Lt;marcador=Urb;orden=mz_urb;loc=campo
MZL-n11063679744-1,synthetic_mzlt,"MZ. C2, Lote 30 Urb. Alicia Miraflores",,,,,,,C2,30,URBANIZACION ALICIA,150122,-12.122117,-77.008024,osm_area_center,,dev,mz=MZ.;lt=Lote;marcador=Urb.;orden=mz_urb;loc=espacio;sin_tildes
MZL-n11063679744-2,synthetic_mzlt,"Urbanizacion Alicia MzP - Lote 5 (frente al parque), Miraflores, Lima",,,,,,,P,5,URBANIZACION ALICIA,150122,-12.122117,-77.008024,osm_area_center,,dev,mz=Mz;lt=Lote;marcador=Urbanización;orden=urb_mz;referencia;loc=dist_prov;sin_tildes
MZL-n11063679746-1,synthetic_mzlt,"Urb Armendáriz Pasaje 3 Mza. X - Lt. 15, Miraflores, Lima",,,,PASAJE,3,,X,15,URBANIZACION ARMENDARIZ,150122,-12.131103,-77.029096,osm_area_center,,dev,mz=Mza.;lt=Lt.;marcador=Urb;orden=urb_via_mz;loc=dist_prov
MZL-n11063679746-2,synthetic_mzlt,URB. ARMENDÁRIZ MANZANA 21 - LT. 20 - MIRAFLORES,,Lima,,,,,21,20,URBANIZACION ARMENDARIZ,150122,-12.131103,-77.029096,osm_area_center,,dev,mz=Manzana;lt=LT.;marcador=urb.;orden=urb_mz;loc=mixta;mayusculas
MZL-n11063679747-1,synthetic_mzlt,"Calle 12 Mz. D - LT. 18 urb. Reducto (cerca al colegio), Miraflores, Lima, Lima",,,,CALLE,12,,D,18,URBANIZACION REDUCTO,150122,-12.130045,-77.031917,osm_area_center,,test,mz=Mz.;lt=LT.;marcador=urb.;orden=via_mz_urb;referencia;loc=dist_prov_dep
MZL-n11063679747-2,synthetic_mzlt,Urb Reducto Av. Central Manzana G Lt 1 (frente al parque),Miraflores,,,AVENIDA,CENTRAL,,G,1,URBANIZACION REDUCTO,150122,-12.130045,-77.031917,osm_area_center,,test,mz=Manzana;lt=Lt;marcador=Urb;orden=urb_via_mz;referencia;loc=campo;sin_tildes
MZL-n11063679748-1,synthetic_mzlt,"MZ.R, LT. 16 URB. BARBONCITO MIRAFLORES",,,,,,,R,16,URBANIZACION BARBONCITO,150122,-12.106461,-77.029980,osm_area_center,,test,mz=Mz.;lt=Lt.;marcador=URB.;orden=mz_urb;loc=espacio;mayusculas;sin_tildes
MZL-n11063679748-2,synthetic_mzlt,"Calle 5 Mz.Q2 - Lt. 14 urb. Barboncito, Miraflores, Lima, Lima",,,,CALLE,5,,Q2,14,URBANIZACION BARBONCITO,150122,-12.106461,-77.029980,osm_area_center,,test,mz=Mz.;lt=Lt.;marcador=urb.;orden=via_mz_urb;loc=dist_prov_dep
MZL-n11063679750-1,synthetic_mzlt,"Urb América Pasaje 3 Mz. E, lote 36 - Miraflores",,,,PASAJE,3,,E,36,URBANIZACION AMERICA,150122,-12.110725,-77.035804,osm_area_center,,dev,mz=Mz.;lt=lote;marcador=Urb;orden=urb_via_mz;loc=guion
MZL-n11063679750-2,synthetic_mzlt,"Mz E, Lote 12 URB. América (frente al mercado) - Miraflores",,,,,,,E,12,URBANIZACION AMERICA,150122,-12.110725,-77.035804,osm_area_center,,dev,mz=Mz;lt=Lote;marcador=URB.;orden=mz_urb;referencia;loc=guion
MZL-n11063679751-1,synthetic_mzlt,"Urbanizacion Los Tulipanes Mza. R - Lote 36, Miraflores, Lima, Lima",,,,,,,R,36,URBANIZACION LOS TULIPANES,150122,-12.126631,-77.009377,osm_area_center,,test,mz=Mza.;lt=Lote;marcador=Urbanización;orden=urb_mz;loc=dist_prov_dep;sin_tildes
MZL-n11063679751-2,synthetic_mzlt,mza. 4 lote 39 urb. los tulipanes - miraflores,,Lima,,,,,4,39,URBANIZACION LOS TULIPANES,150122,-12.126631,-77.009377,osm_area_center,,test,mz=Mza.;lt=lote;marcador=urb.;orden=mz_urb;loc=mixta;minusculas
MZL-n11063679752-1,synthetic_mzlt,"URB. LOS JAZMINES PASAJE 3 MZ.F, LOTE 10 - MIRAFLORES",,,,PASAJE,3,,F,10,URBANIZACION LOS JAZMINES,150122,-12.124030,-77.006323,osm_area_center,,dev,mz=Mz.;lt=Lote;marcador=urb.;orden=urb_via_mz;loc=guion;mayusculas;sin_tildes
MZL-n11063679752-2,synthetic_mzlt,"Manzana R - Lt.18 Urb. Los Jazmines, Miraflores, Lima",,,,,,,R,18,URBANIZACION LOS JAZMINES,150122,-12.124030,-77.006323,osm_area_center,,dev,mz=Manzana;lt=Lt.;marcador=Urb.;orden=mz_urb;loc=dist_prov;sin_tildes
MZL-n11198269799-1,synthetic_mzlt,mz. g1 lt. 34 urb benavides,Miraflores,,,,,,G1,34,URBANIZACION BENAVIDES,150122,-12.129084,-77.008024,osm_area_center,,dev,mz=MZ.;lt=Lt.;marcador=Urb;orden=mz_urb;loc=campo;minusculas
MZL-n11198269799-2,synthetic_mzlt,urb. benavides av. central mz t lote 23 - miraflores,,,,AVENIDA,CENTRAL,,T,23,URBANIZACION BENAVIDES,150122,-12.129084,-77.008024,osm_area_center,,dev,mz=Mz;lt=lote;marcador=urb.;orden=urb_via_mz;loc=guion;minusculas
MZL-n13631243511-1,synthetic_mzlt,"urb. el rancho calle 12 mz. o lt.11, miraflores, lima, lima",,,,CALLE,12,,O,11,URBANIZACION EL RANCHO,150122,-12.129535,-77.006138,osm_area_center,,test,mz=MZ.;lt=Lt.;marcador=URB.;orden=urb_via_mz;loc=dist_prov_dep;minusculas;sin_tildes
MZL-n13631243511-2,synthetic_mzlt,"URB. EL RANCHO CALLE 12 MZM, LT 11 - MIRAFLORES",,Lima,,CALLE,12,,M,11,URBANIZACION EL RANCHO,150122,-12.129535,-77.006138,osm_area_center,,test,mz=Mz;lt=Lt;marcador=Urb.;orden=urb_via_mz;loc=mixta;mayusculas;sin_tildes
MZL-n9733613563-1,synthetic_mzlt,Urb. Aurora Calle 12 mz W Lt. 22 - Miraflores,,,,CALLE,12,,W,22,URBANIZACION AURORA,150122,-12.122104,-77.011571,osm_area_center,,dev,mz=mz;lt=Lt.;marcador=Urb.;orden=urb_via_mz;loc=guion;sin_tildes
MZL-n9733613563-2,synthetic_mzlt,"Mz. E2 LT. 20 Urbanizacion Aurora, Miraflores",,,,,,,E2,20,URBANIZACION AURORA,150122,-12.122104,-77.011571,osm_area_center,,dev,mz=Mz.;lt=LT.;marcador=Urbanización;orden=mz_urb;loc=coma;sin_tildes
MZL-w675240947-1,synthetic_mzlt,urb. Sisley Mz I Lt 1 Miraflores,,,,,,,I,1,URBANIZACION SISLEY,150122,-12.125266,-77.034250,osm_area_center,,dev,mz=Mz;lt=Lt;marcador=urb.;orden=urb_mz;loc=espacio;sin_tildes
MZL-w675240947-2,synthetic_mzlt,"Urb Sisley MzW Lt. 13 (cerca al colegio), Miraflores, Lima",,,,,,,W,13,URBANIZACION SISLEY,150122,-12.125266,-77.034250,osm_area_center,,dev,mz=Mz;lt=Lt.;marcador=Urb;orden=urb_mz;referencia;loc=dist_prov
MZL-n12925943046-1,synthetic_mzlt,"MZ. B, lote 1 Urbanización Villa Esperanza, Pachacámac, Lima",,,,,,,B,1,URBANIZACION VILLA ESPERANZA,150123,-12.145862,-76.835111,osm_area_center,,dev,mz=MZ.;lt=lote;marcador=Urbanización;orden=mz_urb;loc=dist_prov
MZL-n12925943046-2,synthetic_mzlt,"urb. Villa Esperanza Calle 12 Manzana X - Lote 30, Pachacámac, Lima",,,,CALLE,12,,X,30,URBANIZACION VILLA ESPERANZA,150123,-12.145862,-76.835111,osm_area_center,,dev,mz=Manzana;lt=Lote;marcador=urb.;orden=urb_via_mz;loc=dist_prov
MZL-n3827836779-1,synthetic_mzlt,"Urb. Las Bahias 1 Calle 12 Mz L - Lt.36 (altura del paradero), Pachacámac, Lima",,,,CALLE,12,,L,36,URBANIZACION LAS BAHIAS 1,150123,-12.137704,-76.760968,osm_area_center,,test,mz=Mz;lt=Lt.;marcador=Urb.;orden=urb_via_mz;referencia;loc=dist_prov
MZL-n3827836779-2,synthetic_mzlt,"Urb. Las Bahias 1 Mz. Q, Lote 21, Pachacamac, Lima",,,,,,,Q,21,URBANIZACION LAS BAHIAS 1,150123,-12.137704,-76.760968,osm_area_center,,test,mz=Mz.;lt=Lote;marcador=Urb.;orden=urb_mz;loc=dist_prov;sin_tildes
MZL-n3827836780-1,synthetic_mzlt,MZ. M - Lote 8 urb. Las Bahias II (cerca al colegio),Pachacamac,,,,,,M,8,URBANIZACION LAS BAHIAS II,150123,-12.141827,-76.754307,osm_area_center,,dev,mz=MZ.;lt=Lote;marcador=urb.;orden=mz_urb;referencia;loc=campo;sin_tildes
MZL-n3827836780-2,synthetic_mzlt,"Av. Central Mz. O LT. 4 urb. Las Bahias II (frente al parque), Pachacamac, Lima, Lima",,,,AVENIDA,CENTRAL,,O,4,URBANIZACION LAS BAHIAS II,150123,-12.141827,-76.754307,osm_area_center,,dev,mz=Mz.;lt=LT.;marcador=urb.;orden=via_mz_urb;referencia;loc=dist_prov_dep;sin_tildes
MZL-n3827836781-1,synthetic_mzlt,"Calle 5 Mz. X lote 30 Urb. Las Bahias III, Pachacamac",,,,CALLE,5,,X,30,URBANIZACION LAS BAHIAS III,150123,-12.152045,-76.753561,osm_area_center,,dev,mz=Mz.;lt=lote;marcador=Urb.;orden=via_mz_urb;loc=coma;sin_tildes
MZL-n3827836781-2,synthetic_mzlt,"urbanización las bahias iii av. central mz.u, lt. 4, pachacámac",,,,AVENIDA,CENTRAL,,U,4,URBANIZACION LAS BAHIAS III,150123,-12.152045,-76.753561,osm_area_center,,dev,mz=Mz.;lt=LT.;marcador=Urbanización;orden=urb_via_mz;loc=coma;minusculas
MZL-n4421490094-1,synthetic_mzlt,mz 30 - Lote 30 URB. Ampliacion Zona A,Pachacamac,,,,,,30,30,URBANIZACION AMPLIACION ZONA A,150123,-12.146101,-76.836922,osm_area_center,,dev,mz=mz;lt=Lote;marcador=URB.;orden=mz_urb;loc=campo;sin_tildes
MZL-n4421490094-2,synthetic_mzlt,"PSJE. LOS PINOS MANZANA Y, LT. 5A URB AMPLIACION ZONA A, PACHACAMAC, LIMA",,,,PASAJE,LOS PINOS,,Y,5A,URBANIZACION AMPLIACION ZONA A,150123,-12.146101,-76.836922,osm_area_center,,dev,mz=Manzana;lt=Lt.;marcador=Urb;orden=via_mz_urb;loc=dist_prov;mayusculas;sin_tildes
MZL-n4993635828-1,synthetic_mzlt,JR. LAS FLORES MZK LT 39 URB. LOS FICUS DE SANTA ROSA DE CIENEGUILLA PACHACÁMAC,,,,JIRON,LAS FLORES,,K,39,URBANIZACION LOS FICUS DE SANTA ROSA DE CIENEGUILLA,150123,-12.098230,-76.866200,osm_area_center,,dev,mz=Mz;lt=Lt;marcador=Urb.;orden=via_mz_urb;loc=espacio;mayusculas
MZL-n4993635828-2,synthetic_mzlt,Psje. Los Pinos Mza. B Lote 28 Urb. Los Ficus de Santa Rosa de Cieneguilla,Pachacamac,,,PASAJE,LOS PINOS,,B,28,URBANIZACION LOS FICUS DE SANTA ROSA DE CIENEGUILLA,150123,-12.098230,-76.866200,osm_area_center,,dev,mz=Mza.;lt=Lote;marcador=Urb.;orden=via_mz_urb;loc=campo;sin_tildes
MZL-n6189042662-1,synthetic_mzlt,urb. Chillaco de San Fernando Psje. Los Pinos Mz. 30 Lt. 17 - Pachacamac,,,,PASAJE,LOS PINOS,,30,17,URBANIZACION CHILLACO DE SAN FERNANDO,150123,-12.226334,-76.857228,osm_area_center,,dev,mz=Mz.;lt=Lt.;marcador=urb.;orden=urb_via_mz;loc=guion;sin_tildes
MZL-n6189042662-2,synthetic_mzlt,Mz B Lt 24A URB. Chillaco de San Fernando - Pachacamac,,,,,,,B,24A,URBANIZACION CHILLACO DE SAN FERNANDO,150123,-12.226334,-76.857228,osm_area_center,,dev,mz=Mz;lt=Lt;marcador=URB.;orden=mz_urb;loc=guion;sin_tildes
MZL-n6300347724-1,synthetic_mzlt,Mz N - Lt. 25 Urb El Manzano - Pachacámac,,Lima,,,,,N,25,URBANIZACION EL MANZANO,150123,-12.215257,-76.836083,osm_area_center,,test,mz=Mz;lt=Lt.;marcador=Urb;orden=mz_urb;loc=mixta
MZL-n6300347724-2,synthetic_mzlt,urb. El Manzano MzT - LT. 6,Pachacamac,,,,,,T,6,URBANIZACION EL MANZANO,150123,-12.215257,-76.836083,osm_area_center,,test,mz=Mz;lt=LT.;marcador=urb.;orden=urb_mz;loc=campo;sin_tildes
MZL-w1306943735-1,synthetic_mzlt,"URB. Renacer Herradura Calle 5 mz Y, Lt.18, Pachacamac",,,,CALLE,5,,Y,18,URBANIZACION RENACER HERRADURA,150123,-12.144324,-76.759566,osm_area_center,,dev,mz=mz;lt=Lt.;marcador=URB.;orden=urb_via_mz;loc=coma;sin_tildes
MZL-w1306943735-2,synthetic_mzlt,Mz R Lt.9 Urb. Renacer Herradura - Pachacamac,,,,,,,R,9,URBANIZACION RENACER HERRADURA,150123,-12.144324,-76.759566,osm_area_center,,dev,mz=Mz;lt=Lt.;marcador=Urb.;orden=mz_urb;loc=guion;sin_tildes
MZL-w1449258002-1,synthetic_mzlt,mz. h lt. 26a cond. bosques del molle,Pachacamac,,,,,,H,26A,CONDOMINIO BOSQUES DEL MOLLE,150123,-12.148340,-76.850774,osm_area_center,,test,mz=MZ.;lt=LT.;marcador=Cond.;orden=mz_urb;loc=campo;minusculas;sin_tildes
MZL-w1449258002-2,synthetic_mzlt,"Mza. J Lote 14 Condominio Bosques del Molle, Pachacamac",,,,,,,J,14,CONDOMINIO BOSQUES DEL MOLLE,150123,-12.148340,-76.850774,osm_area_center,,test,mz=Mza.;lt=Lote;marcador=Condominio;orden=mz_urb;loc=coma;sin_tildes
MZL-w461996738-1,synthetic_mzlt,Cond. La Isla Mza. G Lt 10,Pachacámac,,,,,,G,10,CONDOMINIO LA ISLA,150123,-12.136451,-76.772520,osm_area_center,,dev,mz=Mza.;lt=Lt;marcador=Cond.;orden=urb_mz;loc=campo
MZL-w461996738-2,synthetic_mzlt,mz I - Lt.38 Cond. La Isla Pachacamac,,,,,,,I,38,CONDOMINIO LA ISLA,150123,-12.136451,-76.772520,osm_area_center,,dev,mz=mz;lt=Lt.;marcador=Cond.;orden=mz_urb;loc=espacio;sin_tildes
MZL-w485762048-1,synthetic_mzlt,"Mz N, Lt 40 Urbanización Local Comunal Collanac, Pachacámac",,,,,,,N,40,URBANIZACION LOCAL COMUNAL COLLANAC,150123,-12.126529,-76.871149,osm_area_center,,dev,mz=Mz;lt=Lt;marcador=Urbanización;orden=mz_urb;loc=coma
MZL-w485762048-2,synthetic_mzlt,"Mz X - lote 37 Urb. Local Comunal Collanac, Pachacamac",,,,,,,X,37,URBANIZACION LOCAL COMUNAL COLLANAC,150123,-12.126529,-76.871149,osm_area_center,,dev,mz=Mz;lt=lote;marcador=Urb.;orden=mz_urb;loc=coma;sin_tildes
MZL-w833214839-1,synthetic_mzlt,Av. Central Mz. S lote 5 Condominio El Refugio de Jatosisa Pachacamac,,,,AVENIDA,CENTRAL,,S,5,CONDOMINIO EL REFUGIO DE JATOSISA,150123,-12.208295,-76.843836,osm_area_center,,dev,mz=Mz.;lt=lote;marcador=Condominio;orden=via_mz_urb;loc=espacio;sin_tildes
MZL-w833214839-2,synthetic_mzlt,Cond. El Refugio de Jatosisa Calle 5 mz Q1 - Lote 7 - Pachacámac,,Lima,,CALLE,5,,Q1,7,CONDOMINIO EL REFUGIO DE JATOSISA,150123,-12.208295,-76.843836,osm_area_center,,dev,mz=mz;lt=Lote;marcador=Cond.;orden=urb_via_mz;loc=mixta
MZL-w850540631-1,synthetic_mzlt,"AV. CENTRAL MZ W3, LOTE 10 COND. FUNDO DEL PRADO, PACHACAMAC, LIMA",,,,AVENIDA,CENTRAL,,W3,10,CONDOMINIO FUNDO DEL PRADO,150123,-12.149275,-76.822851,osm_area_center,,test,mz=Mz;lt=lote;marcador=Cond.;orden=via_mz_urb;loc=dist_prov;mayusculas;sin_tildes
MZL-w850540631-2,synthetic_mzlt,"Cond. Fundo del Prado Pasaje 3 mz D Lt.4 (frente al mercado), Pachacamac, Lima, Lima",,,,PASAJE,3,,D,4,CONDOMINIO FUNDO DEL PRADO,150123,-12.149275,-76.822851,osm_area_center,,test,mz=mz;lt=Lt.;marcador=Cond.;orden=urb_via_mz;referencia;loc=dist_prov_dep;sin_tildes
MZL-w850680472-1,synthetic_mzlt,"Psje. Los Pinos Mza. T Lote 39 Condominio Las Lomas de Tomina, Pachacámac, Lima",,,,PASAJE,LOS PINOS,,T,39,CONDOMINIO LAS LOMAS DE TOMINA,150123,-12.198500,-76.855104,osm_area_center,,dev,mz=Mza.;lt=Lote;marcador=Condominio;orden=via_mz_urb;loc=dist_prov
MZL-w850680472-2,synthetic_mzlt,"Jr. Las Flores Mz K lote 19 Cond. Las Lomas de Tomina (cerca al colegio), Pachacámac",,,,JIRON,LAS FLORES,,K,19,CONDOMINIO LAS LOMAS DE TOMINA,150123,-12.198500,-76.855104,osm_area_center,,dev,mz=Mz;lt=lote;marcador=Cond.;orden=via_mz_urb;referencia;loc=coma
MZL-n4791866776-1,synthetic_mzlt,Urb. La Honda Calle 5 Mz 7 LT. 31 - Pucusana,,Lima,,CALLE,5,,7,31,URBANIZACION LA HONDA,150124,-12.443572,-76.779022,osm_area_center,,dev,mz=Mz;lt=LT.;marcador=Urb.;orden=urb_via_mz;loc=mixta
MZL-n4791866776-2,synthetic_mzlt,"mz 17 - Lt 5 Urb La Honda, Pucusana",,,,,,,17,5,URBANIZACION LA HONDA,150124,-12.443572,-76.779022,osm_area_center,,dev,mz=mz;lt=Lt;marcador=Urb;orden=mz_urb;loc=coma;sin_tildes
MZL-n4791919193-1,synthetic_mzlt,"Calle 12 MZ. M Lt.5 Urbanización Lomas de Marchán, Pucusana, Lima, Lima",,,,CALLE,12,,M,5,URBANIZACION LOMAS DE MARCHAN,150124,-12.462970,-76.754731,osm_area_center,,test,mz=MZ.;lt=Lt.;marcador=Urbanización;orden=via_mz_urb;loc=dist_prov_dep
MZL-n4791919193-2,synthetic_mzlt,"MANZANA M - LT. 33 URB. LOMAS DE MARCHÁN (FRENTE AL MERCADO), PUCUSANA, LIMA",,,,,,,M,33,URBANIZACION LOMAS DE MARCHAN,150124,-12.462970,-76.754731,osm_area_center,,test,mz=Manzana;lt=Lt.;marcador=Urb.;orden=mz_urb;referencia;loc=dist_prov;mayusculas
MZL-n6238098862-1,synthetic_mzlt,"Calle 12 Mz W2, lote 14 urb. Club Nautico Poseidon - Pucusana",,,,CALLE,12,,W2,14,URBANIZACION CLUB NAUTICO POSEIDON,150124,-12.469142,-76.788628,osm_area_center,,dev,mz=Mz;lt=lote;marcador=urb.;orden=via_mz_urb;loc=guion;sin_tildes
MZL-n6238098862-2,synthetic_mzlt,URB. Club Nautico Poseidon Jr. Las Flores Mz 4 Lote 30 (frente al mercado) - Pucusana,,,,JIRON,LAS FLORES,,4,30,URBANIZACION CLUB NAUTICO POSEIDON,150124,-12.469142,-76.788628,osm_area_center,,dev,mz=Mz;lt=Lote;marcador=URB.;orden=urb_via_mz;referencia;loc=guion;sin_tildes
MZL-n6432098357-1,synthetic_mzlt,"mz F, Lt. 29 urb. Margarita Navarro de Chauca, Pucusana, Lima, Lima",,,,,,,F,29,URBANIZACION MARGARITA NAVARRO DE CHAUCA,150124,-12.456245,-76.755440,osm_area_center,,dev,mz=mz;lt=Lt.;marcador=urb.;orden=mz_urb;loc=dist_prov_dep
MZL-n6432098357-2,synthetic_mzlt,Calle 5 Manzana B Lote 25 Urbanización Margarita Navarro de Chauca - Pucusana,,Lima,,CALLE,5,,B,25,URBANIZACION MARGARITA NAVARRO DE CHAUCA,150124,-12.456245,-76.755440,osm_area_center,,dev,mz=Manzana;lt=Lote;marcador=Urbanización;orden=via_mz_urb;loc=mixta
MZL-n6432098358-1,synthetic_mzlt,"Urb. La Planicie de Pucusana MZ. O - Lote 10, Pucusana, Lima, Lima",,,,,,,O,10,URBANIZACION LA PLANICIE DE PUCUSANA,150124,-12.457510,-76.759115,osm_area_center,,dev,mz=MZ.;lt=Lote;marcador=Urb.;orden=urb_mz;loc=dist_prov_dep;sin_tildes
MZL-n6432098358-2,synthetic_mzlt,Urb La Planicie de Pucusana Manzana F - lote 7 - Pucusana,,Lima,,,,,F,7,URBANIZACION LA PLANICIE DE PUCUSANA,150124,-12.457510,-76.759115,osm_area_center,,dev,mz=Manzana;lt=lote;marcador=Urb;orden=urb_mz;loc=mixta
MZL-w691124216-1,synthetic_mzlt,Calle 5 Manzana T Lt 35 Urb Lomas de Pucusana - Pucusana,,Lima,,CALLE,5,,T,35,URBANIZACION LOMAS DE PUCUSANA,150124,-12.477833,-76.764516,osm_area_center,,test,mz=Manzana;lt=Lt;marcador=Urb;orden=via_mz_urb;loc=mixta
MZL-w691124216-2,synthetic_mzlt,Calle 12 Mza. A - LT. 25 Urb Lomas de Pucusana,Pucusana,,,CALLE,12,,A,25,URBANIZACION LOMAS DE PUCUSANA,150124,-12.477833,-76.764516,osm_area_center,,test,mz=Mza.;lt=LT.;marcador=Urb;orden=via_mz_urb;loc=campo
MZL-n11374395653-1,synthetic_mzlt,"Mza. 37, Lt. 22 URB. Bella Aurora Etapa 2 - Puente Piedra",,Lima,,,,,37,22,URBANIZACION BELLA AURORA ETAPA 2,150125,-11.830881,-77.107371,osm_area_center,,test,mz=Mza.;lt=Lt.;marcador=URB.;orden=mz_urb;loc=mixta
MZL-n11374395653-2,synthetic_mzlt,AV. CENTRAL MZ F LT. 30 URBANIZACIÓN BELLA AURORA ETAPA 2 - PUENTE PIEDRA,,Lima,,AVENIDA,CENTRAL,,F,30,URBANIZACION BELLA AURORA ETAPA 2,150125,-11.830881,-77.107371,osm_area_center,,test,mz=mz;lt=LT.;marcador=Urbanización;orden=via_mz_urb;loc=mixta;mayusculas
MZL-n11374409583-1,synthetic_mzlt,"urb. Bella Aurora Etapa 1 Calle 12 Mz.S, Lote 17, Puente Piedra, Lima",,,,CALLE,12,,S,17,URBANIZACION BELLA AURORA ETAPA 1,150125,-11.832086,-77.109466,osm_area_center,,dev,mz=Mz.;lt=Lote;marcador=urb.;orden=urb_via_mz;loc=dist_prov;sin_tildes
MZL-n11374409583-2,synthetic_mzlt,"Mza. Z, Lote 33 URB. Bella Aurora Etapa 1, Puente Piedra, Lima",,,,,,,Z,33,URBANIZACION BELLA AURORA ETAPA 1,150125,-11.832086,-77.109466,osm_area_center,,dev,mz=Mza.;lt=Lote;marcador=URB.;orden=mz_urb;loc=dist_prov;sin_tildes
MZL-n12445635858-1,synthetic_mzlt,"Urbanización Las Casuarinas Psje. Los Pinos Manzana G, Lote 21, Puente Piedra, Lima",,,,PASAJE,LOS PINOS,,G,21,URBANIZACION LAS CASUARINAS,150125,-11.865101,-77.060354,osm_area_center,,dev,mz=Manzana;lt=Lote;marcador=Urbanización;orden=urb_via_mz;loc=dist_prov
MZL-n12445635858-2,synthetic_mzlt,"MZ H2, LOTE 26 URB. LAS CASUARINAS PUENTE PIEDRA",,,,,,,H2,26,URBANIZACION LAS CASUARINAS,150125,-11.865101,-77.060354,osm_area_center,,dev,mz=Mz;lt=Lote;marcador=URB.;orden=mz_urb;loc=espacio;mayusculas
MZL-n12445635859-1,synthetic_mzlt,"MZX - LT. 28 URBANIZACION SAN PEDRO DE CHOQUE, PUENTE PIEDRA",,,,,,,X,28,URBANIZACION SAN PEDRO DE CHOQUE,150125,-11.866813,-77.059355,osm_area_center,,test,mz=Mz;lt=LT.;marcador=Urbanización;orden=mz_urb;loc=coma;mayusculas;sin_tildes
MZL-n12445635859-2,synthetic_mzlt,Urb San Pedro de Choque Av. Central Mz.17 lote 37 - Puente Piedra,,Lima,,AVENIDA,CENTRAL,,17,37,URBANIZACION SAN PEDRO DE CHOQUE,150125,-11.866813,-77.059355,osm_area_center,,test,mz=Mz.;lt=lote;marcador=Urb;orden=urb_via_mz;loc=mixta;sin_tildes
MZL-n5329646238-1,synthetic_mzlt,"Pasaje 3 Mz. D, Lote 3 Urb. La Ensenada - Puente Piedra",,Lima,,PASAJE,3,,D,3,URBANIZACION LA ENSENADA,150125,-11.932984,-77.096305,osm_area_center,,dev,mz=Mz.;lt=Lote;marcador=Urb.;orden=via_mz_urb;loc=mixta
MZL-n5329646238-2,synthetic_mzlt,Mz.H - Lt 1 URB. La Ensenada - Puente Piedra,,,,,,,H,1,URBANIZACION LA ENSENADA,150125,-11.932984,-77.096305,osm_area_center,,dev,mz=Mz.;lt=Lt;marcador=URB.;orden=mz_urb;loc=guion;sin_tildes
MZL-n6315281388-1,synthetic_mzlt,Calle 5 Manzana W3 - Lote 37 Cond. Real - Puente Piedra,,Lima,,CALLE,5,,W3,37,CONDOMINIO REAL,150125,-11.862649,-77.059321,osm_area_center,,dev,mz=Manzana;lt=Lote;marcador=Cond.;orden=via_mz_urb;loc=mixta;sin_tildes
MZL-n6315281388-2,synthetic_mzlt,CALLE 5 MZ. C - LT. 25A COND. REAL - PUENTE PIEDRA,,Lima,,CALLE,5,,C,25A,CONDOMINIO REAL,150125,-11.862649,-77.059321,osm_area_center,,dev,mz=MZ.;lt=LT.;marcador=Cond.;orden=via_mz_urb;loc=mixta;mayusculas
MZL-n7278443487-1,synthetic_mzlt,"Urbanización Los Álamos Manzana D2 Lt.17, Puente Piedra",,,,,,,D2,17,URBANIZACION LOS ALAMOS,150125,-11.857828,-77.070438,osm_area_center,,dev,mz=Manzana;lt=Lt.;marcador=Urbanización;orden=urb_mz;loc=coma
MZL-n7278443487-2,synthetic_mzlt,"urb. Los Álamos Mz R, Lt.24, Puente Piedra, Lima",,,,,,,R,24,URBANIZACION LOS ALAMOS,150125,-11.857828,-77.070438,osm_area_center,,dev,mz=Mz;lt=Lt.;marcador=urb.;orden=urb_mz;loc=dist_prov
MZL-n8067062074-1,synthetic_mzlt,"urb. Lomas de Zapallal mz S Lt. 37, Puente Piedra, Lima",,,,,,,S,37,URBANIZACION LOMAS DE ZAPALLAL,150125,-11.818214,-77.098862,osm_area_center,,dev,mz=mz;lt=Lt.;marcador=urb.;orden=urb_mz;loc=dist_prov;sin_tildes
MZL-n8067062074-2,synthetic_mzlt,MZ. K2 Lote 4 URB. Lomas de Zapallal Puente Piedra,,,,,,,K2,4,URBANIZACION LOMAS DE ZAPALLAL,150125,-11.818214,-77.098862,osm_area_center,,dev,mz=MZ.;lt=Lote;marcador=URB.;orden=mz_urb;loc=espacio
MZL-n864945366-1,synthetic_mzlt,"Manzana L, LT. 6 Urbanizacion Augusto Bedoya, Puente Piedra, Lima",,,,,,,L,6,URBANIZACION AUGUSTO BEDOYA,150125,-11.867627,-77.073886,osm_area_center,,test,mz=Manzana;lt=LT.;marcador=Urbanización;orden=mz_urb;loc=dist_prov;sin_tildes
MZL-n864945366-2,synthetic_mzlt,URB. Augusto Bedoya Av. Central Mz A1 LT. 11,Puente Piedra,,,AVENIDA,CENTRAL,,A1,11,URBANIZACION AUGUSTO BEDOYA,150125,-11.867627,-77.073886,osm_area_center,,test,mz=Mz;lt=LT.;marcador=URB.;orden=urb_via_mz;loc=campo;sin_tildes
MZL-n9721191102-1,synthetic_mzlt,"URB. Zapallal Mz.H - lote 18 (altura del paradero), Puente Piedra, Lima",,,,,,,H,18,URBANIZACION ZAPALLAL,150125,-11.832106,-77.109094,osm_area_center,,dev,mz=Mz.;lt=lote;marcador=URB.;orden=urb_mz;referencia;loc=dist_prov;sin_tildes
MZL-n9721191102-2,synthetic_mzlt,"Urb Zapallal Mz. A - Lt 8A, Puente Piedra",,,,,,,A,8A,URBANIZACION ZAPALLAL,150125,-11.832106,-77.109094,osm_area_center,,dev,mz=Mz.;lt=Lt;marcador=Urb;orden=urb_mz;loc=coma;sin_tildes
MZL-r16750753-1,synthetic_mzlt,"Av. Central Mz. 52 Lt.14 A.H. Bella Aurora Etapa 2, Puente Piedra, Lima",,,,AVENIDA,CENTRAL,,52,14,ASENTAMIENTO HUMANO BELLA AURORA ETAPA 2,150125,-11.831212,-77.107858,osm_area_center,,dev,mz=Mz.;lt=Lt.;marcador=A.H.;orden=via_mz_urb;loc=dist_prov
MZL-r16750753-2,synthetic_mzlt,"A.H. Bella Aurora Etapa 2 Av. Central Mza. E, Lt. 14, Puente Piedra, Lima, Lima",,,,AVENIDA,CENTRAL,,E,14,ASENTAMIENTO HUMANO BELLA AURORA ETAPA 2,150125,-11.831212,-77.107858,osm_area_center,,dev,mz=Mza.;lt=Lt.;marcador=A.H.;orden=urb_via_mz;loc=dist_prov_dep;sin_tildes
MZL-r16750754-1,synthetic_mzlt,A.H. Bella Aurora Etapa 1 Calle 12 Manzana J - Lote 32A - Puente Piedra,,,,CALLE,12,,J,32A,ASENTAMIENTO HUMANO BELLA AURORA ETAPA 1,150125,-11.832024,-77.109763,osm_area_center,,test,mz=Manzana;lt=Lote;marcador=A.H.;orden=urb_via_mz;loc=guion;sin_tildes
MZL-r16750754-2,synthetic_mzlt,"Jr. Las Flores Mz X3 Lt 2 AA.HH. Bella Aurora Etapa 1, Puente Piedra, Lima, Lima",,,,JIRON,LAS FLORES,,X3,2,ASENTAMIENTO HUMANO BELLA AURORA ETAPA 1,150125,-11.832024,-77.109763,osm_area_center,,test,mz=Mz;lt=Lt;marcador=AA.HH.;orden=via_mz_urb;loc=dist_prov_dep
MZL-w1300661128-1,synthetic_mzlt,Pasaje 3 Manzana 28 - Lt 31 Condominio Valle Alto Puente Piedra,,,,PASAJE,3,,28,31,CONDOMINIO VALLE ALTO,150125,-11.916560,-77.078914,osm_area_center,,test,mz=Manzana;lt=Lt;marcador=Condominio;orden=via_mz_urb;loc=espacio;sin_tildes
MZL-w1300661128-2,synthetic_mzlt,"COND. VALLE ALTO JR. LAS FLORES MZ O, LT.8 (ALTURA DEL PARADERO), PUENTE PIEDRA, LIMA",,,,JIRON,LAS FLORES,,O,8,CONDOMINIO VALLE ALTO,150125,-11.916560,-77.078914,osm_area_center,,test,mz=Mz;lt=Lt.;marcador=Cond.;orden=urb_via_mz;referencia;loc=dist_prov;mayusculas
MZL-w1300661129-1,synthetic_mzlt,MZA. 15 - LOTE 4 COND. VALLE VERDE - PUENTE PIEDRA,,Lima,,,,,15,4,CONDOMINIO VALLE VERDE,150125,-11.917241,-77.078273,osm_area_center,,dev,mz=Mza.;lt=Lote;marcador=Cond.;orden=mz_urb;loc=mixta;mayusculas;sin_tildes
MZL-w1300661129-2,synthetic_mzlt,"COND. VALLE VERDE AV. CENTRAL MZ H1, LT. 36 - PUENTE PIEDRA",,,,AVENIDA,CENTRAL,,H1,36,CONDOMINIO VALLE VERDE,150125,-11.917241,-77.078273,osm_area_center,,dev,mz=Mz;lt=LT.;marcador=Cond.;orden=urb_via_mz;loc=guion;mayusculas;sin_tildes
MZL-n6493393819-1,synthetic_mzlt,"Pasaje 3 MzY, Lt.9 Urbanizacion Sumac Pacha",Punta Hermosa,,,PASAJE,3,,Y,9,URBANIZACION SUMAC PACHA,150126,-12.291854,-76.826417,osm_area_center,,test,mz=Mz;lt=Lt.;marcador=Urbanización;orden=via_mz_urb;loc=campo;sin_tildes
MZL-n6493393819-2,synthetic_mzlt,Mza. E Lt. 4A Urb Sumac Pacha (altura del paradero) Punta Hermosa,,,,,,,E,4A,URBANIZACION SUMAC PACHA,150126,-12.291854,-76.826417,osm_area_center,,test,mz=Mza.;lt=Lt.;marcador=Urb;orden=mz_urb;referencia;loc=espacio
MZL-n13944190270-1,synthetic_mzlt,ASOC. ACIAF Pasaje 3 MZ. A Lt.38 Punta Negra,,,,PASAJE,3,,A,38,ASOCIACION ACIAF,150127,-12.316919,-76.746755,osm_area_center,,dev,mz=MZ.;lt=Lt.;marcador=ASOC.;orden=urb_via_mz;loc=espacio;sin_tildes
MZL-n13944190270-2,synthetic_mzlt,"Asoc. ACIAF Calle 5 Manzana R Lt 32, Punta Negra, Lima, Lima",,,,CALLE,5,,R,32,ASOCIACION ACIAF,150127,-12.316919,-76.746755,osm_area_center,,dev,mz=Manzana;lt=Lt;marcador=Asoc.;orden=urb_via_mz;loc=dist_prov_dep;sin_tildes
MZL-w570784900-1,synthetic_mzlt,"Condominio Punta Nueva Mar y Bosques Calle 12 Mz Q, Lt.18A, Punta Negra, Lima, Lima",,,,CALLE,12,,Q,18A,CONDOMINIO PUNTA NUEVA MAR Y BOSQUES,150127,-12.351359,-76.802088,osm_area_center,,dev,mz=Mz;lt=Lt.;marcador=Condominio;orden=urb_via_mz;loc=dist_prov_dep;sin_tildes
MZL-w570784900-2,synthetic_mzlt,"Condominio Punta Nueva Mar y Bosques MZ. H3 Lt.9A, Punta Negra, Lima, Lima",,,,,,,H3,9A,CONDOMINIO PUNTA NUEVA MAR Y BOSQUES,150127,-12.351359,-76.802088,osm_area_center,,dev,mz=MZ.;lt=Lt.;marcador=Condominio;orden=urb_mz;loc=dist_prov_dep
MZL-n13539440391-1,synthetic_mzlt,"MZ.T LT. 31 URB. LOMAS DEL RIMAC, RIMAC",,,,,,,T,31,URBANIZACION LOMAS DEL RIMAC,150128,-12.017270,-77.041954,osm_area_center,,test,mz=Mz.;lt=LT.;marcador=URB.;orden=mz_urb;loc=coma;mayusculas;sin_tildes
MZL-n13539440391-2,synthetic_mzlt,"mz P, Lt 32 Urbanizacion Lomas del Rimac - Rimac",,,,,,,P,32,URBANIZACION LOMAS DEL RIMAC,150128,-12.017270,-77.041954,osm_area_center,,test,mz=mz;lt=Lt;marcador=Urbanización;orden=mz_urb;loc=guion;sin_tildes
MZL-n13539440393-1,synthetic_mzlt,"URB LA PERRICHOLI MANZANA K1 - LOTE 22, RÍMAC, LIMA, LIMA",,,,,,,K1,22,URBANIZACION LA PERRICHOLI,150128,-12.034537,-77.035532,osm_area_center,,dev,mz=Manzana;lt=lote;marcador=Urb;orden=urb_mz;loc=dist_prov_dep;mayusculas
MZL-n13539440393-2,synthetic_mzlt,Manzana K Lt 38 Urbanización La Perricholi Rímac,,,,,,,K,38,URBANIZACION LA PERRICHOLI,150128,-12.034537,-77.035532,osm_area_center,,dev,mz=Manzana;lt=Lt;marcador=Urbanización;orden=mz_urb;loc=espacio
MZL-n13539440394-1,synthetic_mzlt,URB. Villacampa Psje. Los Pinos Mz.K LT. 40,Rímac,,,PASAJE,LOS PINOS,,K,40,URBANIZACION VILLACAMPA,150128,-12.030834,-77.039033,osm_area_center,,test,mz=Mz.;lt=LT.;marcador=URB.;orden=urb_via_mz;loc=campo
MZL-n13539440394-2,synthetic_mzlt,URB. Villacampa Mz.G - Lote 16,Rimac,,,,,,G,16,URBANIZACION VILLACAMPA,150128,-12.030834,-77.039033,osm_area_center,,test,mz=Mz.;lt=Lote;marcador=URB.;orden=urb_mz;loc=campo;sin_tildes
MZL-n13539440395-1,synthetic_mzlt,"CALLE 12 MZ R3 LOTE 27 URB. VENTURA ROSSI, RIMAC, LIMA",,,,CALLE,12,,R3,27,URBANIZACION VENTURA ROSSI,150128,-12.026753,-77.037235,osm_area_center,,dev,mz=mz;lt=Lote;marcador=urb.;orden=via_mz_urb;loc=dist_prov;mayusculas;sin_tildes
MZL-n13539440395-2,synthetic_mzlt,"Urb. Ventura Rossi Mza. S - Lt 12, Rimac",,,,,,,S,12,URBANIZACION VENTURA ROSSI,150128,-12.026753,-77.037235,osm_area_center,,dev,mz=Mza.;lt=Lt;marcador=Urb.;orden=urb_mz;loc=coma;sin_tildes
MZL-n13539440396-1,synthetic_mzlt,Mza. L - Lt. 35 Urb. La Floresta - Rímac,,Lima,,,,,L,35,URBANIZACION LA FLORESTA,150128,-12.023759,-77.034314,osm_area_center,,dev,mz=Mza.;lt=Lt.;marcador=Urb.;orden=mz_urb;loc=mixta
MZL-n13539440396-2,synthetic_mzlt,"Urb La Floresta Mz.54 Lote 37, Rimac, Lima",,,,,,,54,37,URBANIZACION LA FLORESTA,150128,-12.023759,-77.034314,osm_area_center,,dev,mz=Mz.;lt=Lote;marcador=Urb;orden=urb_mz;loc=dist_prov;sin_tildes
MZL-n13539440398-1,synthetic_mzlt,"Calle 12 Mz. T3, Lt. 36 urb. Ciudad y Campo, Rimac, Lima",,,,CALLE,12,,T3,36,URBANIZACION CIUDAD Y CAMPO,150128,-12.024615,-77.027571,osm_area_center,,test,mz=Mz.;lt=Lt.;marcador=urb.;orden=via_mz_urb;loc=dist_prov;sin_tildes
MZL-n13539440398-2,synthetic_mzlt,"urb. ciudad y campo jr. las flores mz j lt. 11 (cerca al colegio), rimac",,,,JIRON,LAS FLORES,,J,11,URBANIZACION CIUDAD Y CAMPO,150128,-12.024615,-77.027571,osm_area_center,,test,mz=Mz;lt=Lt.;marcador=Urb.;orden=urb_via_mz;referencia;loc=coma;minusculas;sin_tildes
MZL-n13539440399-1,synthetic_mzlt,"AA.HH. San Juan de Amancaes Manzana X, Lt. 27",Rimac,,,,,,X,27,ASENTAMIENTO HUMANO SAN JUAN DE AMANCAES,150128,-12.018227,-77.027294,osm_area_center,,test,mz=Manzana;lt=Lt.;marcador=AA.HH.;orden=urb_mz;loc=campo;sin_tildes
MZL-n13539440399-2,synthetic_mzlt,A.A.H.H. San Juan de Amancaes Mz.V LT. 40 Rímac,,,,,,,V,40,ASENTAMIENTO HUMANO SAN JUAN DE AMANCAES,150128,-12.018227,-77.027294,osm_area_center,,test,mz=Mz.;lt=LT.;marcador=A.A.H.H.;orden=urb_mz;loc=espacio
MZL-n3951819646-1,synthetic_mzlt,pasaje 3 mzj - lote 2 urb unidad vecinal del rimac (altura del paradero) - rimac,,Lima,,PASAJE,3,,J,2,URBANIZACION UNIDAD VECINAL DEL RIMAC,150128,-12.030133,-77.033509,osm_area_center,,dev,mz=Mz;lt=lote;marcador=Urb;orden=via_mz_urb;referencia;loc=mixta;minusculas;sin_tildes
MZL-n3951819646-2,synthetic_mzlt,MzS - Lt. 19 urb. Unidad Vecinal del Rimac - Rímac,,,,,,,S,19,URBANIZACION UNIDAD VECINAL DEL RIMAC,150128,-12.030133,-77.033509,osm_area_center,,dev,mz=Mz;lt=Lt.;marcador=urb.;orden=mz_urb;loc=guion
MZL-n6024948423-1,synthetic_mzlt,CALLE 5 MZ Q LOTE 36 URB. PIEDRA LIZA,Rimac,,,CALLE,5,,Q,36,URBANIZACION PIEDRA LIZA,150128,-12.038423,-77.016614,osm_area_center,,test,mz=Mz;lt=lote;marcador=URB.;orden=via_mz_urb;loc=campo;mayusculas;sin_tildes
MZL-n6024948423-2,synthetic_mzlt,PSJE. LOS PINOS MANZANA N LT 8 URBANIZACIÓN PIEDRA LIZA - RÍMAC,,,,PASAJE,LOS PINOS,,N,8,URBANIZACION PIEDRA LIZA,150128,-12.038423,-77.016614,osm_area_center,,test,mz=Manzana;lt=Lt;marcador=Urbanización;orden=via_mz_urb;loc=guion;mayusculas
MZL-n9548008075-1,synthetic_mzlt,"URB HUASCARÁN PASAJE 3 MZ. 48 LT. 15, RÍMAC, LIMA",,,,PASAJE,3,,48,15,URBANIZACION HUASCARAN,150128,-12.038457,-77.039584,osm_area_center,,dev,mz=MZ.;lt=Lt.;marcador=Urb;orden=urb_via_mz;loc=dist_prov;mayusculas
MZL-n9548008075-2,synthetic_mzlt,"Mz. R1, Lt. 34 Urb. Huascarán - Rímac",,Lima,,,,,R1,34,URBANIZACION HUASCARAN,150128,-12.038457,-77.039584,osm_area_center,,dev,mz=Mz.;lt=Lt.;marcador=Urb.;orden=mz_urb;loc=mixta
MZL-w1462478489-1,synthetic_mzlt,"Urbanización Altos del Rímac Etapa 5 Mz.Z, Lt.30 Rímac",,,,,,,Z,30,URBANIZACION ALTOS DEL RIMAC ETAPA 5,150128,-12.013409,-77.040817,osm_area_center,,test,mz=Mz.;lt=Lt.;marcador=Urbanización;orden=urb_mz;loc=espacio
MZL-w1462478489-2,synthetic_mzlt,"Jr. Las Flores Manzana 54, LT. 16 URB. Altos del Rímac Etapa 5",Rímac,,,JIRON,LAS FLORES,,54,16,URBANIZACION ALTOS DEL RIMAC ETAPA 5,150128,-12.013409,-77.040817,osm_area_center,,test,mz=Manzana;lt=LT.;marcador=URB.;orden=via_mz_urb;loc=campo
MZL-w1462723406-1,synthetic_mzlt,"Urb. Altos del Rímac Etapa 3 MzG, Lote 13 Rímac",,,,,,,G,13,URBANIZACION ALTOS DEL RIMAC ETAPA 3,150128,-12.014824,-77.042153,osm_area_center,,test,mz=Mz;lt=Lote;marcador=Urb.;orden=urb_mz;loc=espacio
MZL-w1462723406-2,synthetic_mzlt,Urb. Altos del Rímac Etapa 3 Calle 5 Mz M - lote 16 (altura del paradero) - Rímac,,Lima,,CALLE,5,,M,16,URBANIZACION ALTOS DEL RIMAC ETAPA 3,150128,-12.014824,-77.042153,osm_area_center,,test,mz=Mz;lt=lote;marcador=Urb.;orden=urb_via_mz;referencia;loc=mixta
MZL-w1462756930-1,synthetic_mzlt,mz. 38 - lt.1 urb. altos del rímac etapa 1 - rímac,,Lima,,,,,38,1,URBANIZACION ALTOS DEL RIMAC ETAPA 1,150128,-12.016310,-77.042279,osm_area_center,,dev,mz=Mz.;lt=Lt.;marcador=Urb.;orden=mz_urb;loc=mixta;minusculas
MZL-w1462756930-2,synthetic_mzlt,mz k lote 21 urbanización altos del rímac etapa 1,Rímac,,,,,,K,21,URBANIZACION ALTOS DEL RIMAC ETAPA 1,150128,-12.016310,-77.042279,osm_area_center,,dev,mz=Mz;lt=Lote;marcador=Urbanización;orden=mz_urb;loc=campo;minusculas
MZL-w1462756931-1,synthetic_mzlt,"urb. altos del rimac etapa 2 pasaje 3 manzana q lt. 24, rimac",,,,PASAJE,3,,Q,24,URBANIZACION ALTOS DEL RIMAC ETAPA 2,150128,-12.015562,-77.042460,osm_area_center,,dev,mz=Manzana;lt=LT.;marcador=urb.;orden=urb_via_mz;loc=coma;minusculas;sin_tildes
MZL-w1462756931-2,synthetic_mzlt,"urb. Altos del Rímac Etapa 2 Av. Central MZ. 3 Lt. 10, Rímac, Lima, Lima",,,,AVENIDA,CENTRAL,,3,10,URBANIZACION ALTOS DEL RIMAC ETAPA 2,150128,-12.015562,-77.042460,osm_area_center,,dev,mz=MZ.;lt=Lt.;marcador=urb.;orden=urb_via_mz;loc=dist_prov_dep
MZL-w442985903-1,synthetic_mzlt,MZ K LOTE 15 COND. NUEVO ALCAZAR - RIMAC,,Lima,,,,,K,15,CONDOMINIO NUEVO ALCAZAR,150128,-12.030851,-77.025471,osm_area_center,,test,mz=mz;lt=Lote;marcador=Cond.;orden=mz_urb;loc=mixta;mayusculas;sin_tildes
MZL-w442985903-2,synthetic_mzlt,"mz E, lote 31 Cond. Nuevo Alcázar, Rímac, Lima, Lima",,,,,,,E,31,CONDOMINIO NUEVO ALCAZAR,150128,-12.030851,-77.025471,osm_area_center,,test,mz=mz;lt=lote;marcador=Cond.;orden=mz_urb;loc=dist_prov_dep
MZL-w1298199142-1,synthetic_mzlt,urb. Loma Bonita MZ. Z Lt 15 - San Bartolo,,Lima,,,,,Z,15,URBANIZACION LOMA BONITA,150129,-12.392833,-76.741776,osm_area_center,,dev,mz=MZ.;lt=Lt;marcador=urb.;orden=urb_mz;loc=mixta
MZL-w1298199142-2,synthetic_mzlt,mza. 27 - lt.18 urb. loma bonita - san bartolo,,,,,,,27,18,URBANIZACION LOMA BONITA,150129,-12.392833,-76.741776,osm_area_center,,dev,mz=Mza.;lt=Lt.;marcador=urb.;orden=mz_urb;loc=guion;minusculas;sin_tildes
MZL-w1418155423-1,synthetic_mzlt,Mz.B - Lote 15 URB. Buenavista Condominios,San Bartolo,,,,,,B,15,URBANIZACION BUENAVISTA CONDOMINIOS,150129,-12.367935,-76.759500,osm_area_center,,test,mz=Mz.;lt=Lote;marcador=URB.;orden=mz_urb;loc=campo
MZL-w1418155423-2,synthetic_mzlt,"Mza. D, Lt. 11A Urb. Buenavista Condominios - San Bartolo",,,,,,,D,11A,URBANIZACION BUENAVISTA CONDOMINIOS,150129,-12.367935,-76.759500,osm_area_center,,test,mz=Mza.;lt=Lt.;marcador=Urb.;orden=mz_urb;loc=guion;sin_tildes
MZL-w689794282-1,synthetic_mzlt,mz S Lote 21 urb. Ocen Reaf (frente al parque),San Bartolo,,,,,,S,21,URBANIZACION OCEN REAF,150129,-12.383852,-76.784672,osm_area_center,,dev,mz=mz;lt=Lote;marcador=urb.;orden=mz_urb;referencia;loc=campo
MZL-w689794282-2,synthetic_mzlt,"Av. Central Mz. F LT. 7 Urb Ocen Reaf, San Bartolo",,,,AVENIDA,CENTRAL,,F,7,URBANIZACION OCEN REAF,150129,-12.383852,-76.784672,osm_area_center,,dev,mz=Mz.;lt=LT.;marcador=Urb;orden=via_mz_urb;loc=coma
MZL-n11197214627-1,synthetic_mzlt,Urb Las Begonias Calle 5 Mz N Lt.16,San Borja,,,CALLE,5,,N,16,URBANIZACION LAS BEGONIAS,150130,-12.106196,-76.993730,osm_area_center,,dev,mz=Mz;lt=Lt.;marcador=Urb;orden=urb_via_mz;loc=campo
MZL-n11197214627-2,synthetic_mzlt,"Urb Las Begonias Jr. Las Flores Mza. L LT. 21 (cerca al colegio), San Borja",,,,JIRON,LAS FLORES,,L,21,URBANIZACION LAS BEGONIAS,150130,-12.106196,-76.993730,osm_area_center,,dev,mz=Mza.;lt=LT.;marcador=Urb;orden=urb_via_mz;referencia;loc=coma;sin_tildes
MZL-n11197214628-1,synthetic_mzlt,"Mz.E - Lt.20 Urb. Jacaranda (altura del paradero), San Borja",,,,,,,E,20,URBANIZACION JACARANDA,150130,-12.083305,-76.995172,osm_area_center,,test,mz=Mz.;lt=Lt.;marcador=Urb.;orden=mz_urb;referencia;loc=coma;sin_tildes
MZL-n11197214628-2,synthetic_mzlt,"URB. JACARANDA CALLE 5 MZ 20, LOTE 32 SAN BORJA",,,,CALLE,5,,20,32,URBANIZACION JACARANDA,150130,-12.083305,-76.995172,osm_area_center,,test,mz=Mz;lt=Lote;marcador=urb.;orden=urb_via_mz;loc=espacio;mayusculas;sin_tildes
MZL-n11197214629-1,synthetic_mzlt,"URB. JACARANDA ETAPA DOS MANZANA K LOTE 20 (CERCA AL COLEGIO), SAN BORJA, LIMA, LIMA",,,,,,,K,20,URBANIZACION JACARANDA ETAPA DOS,150130,-12.087136,-76.988038,osm_area_center,,dev,mz=Manzana;lt=Lote;marcador=urb.;orden=urb_mz;referencia;loc=dist_prov_dep;mayusculas
MZL-n11197214629-2,synthetic_mzlt,"URB JACARANDA ETAPA DOS AV. CENTRAL MZ N LOTE 32 (FRENTE AL MERCADO), SAN BORJA, LIMA, LIMA",,,,AVENIDA,CENTRAL,,N,32,URBANIZACION JACARANDA ETAPA DOS,150130,-12.087136,-76.988038,osm_area_center,,dev,mz=Mz;lt=lote;marcador=Urb;orden=urb_via_mz;referencia;loc=dist_prov_dep;mayusculas;sin_tildes
MZL-n11197214630-1,synthetic_mzlt,Mz E Lote 17 URB. Betelgeuse - San Borja,,Lima,,,,,E,17,URBANIZACION BETELGEUSE,150130,-12.107621,-76.996345,osm_area_center,,dev,mz=Mz;lt=Lote;marcador=URB.;orden=mz_urb;loc=mixta
MZL-n11197214630-2,synthetic_mzlt,Urb. Betelgeuse mz N - LT. 11,San Borja,,,,,,N,11,URBANIZACION BETELGEUSE,150130,-12.107621,-76.996345,osm_area_center,,dev,mz=mz;lt=LT.;marcador=Urb.;orden=urb_mz;loc=campo;sin_tildes
MZL-n11197214631-1,synthetic_mzlt,"Calle 5 MZ. T - lote 7 Urbanización Javier Prado, San Borja, Lima, Lima",,,,CALLE,5,,T,7,URBANIZACION JAVIER PRADO,150130,-12.083829,-76.988698,osm_area_center,,dev,mz=MZ.;lt=lote;marcador=Urbanización;orden=via_mz_urb;loc=dist_prov_dep
MZL-n11197214631-2,synthetic_mzlt,"URB. Javier Prado MZ. 34, Lt.9 (cerca al colegio)",San Borja,,,,,,34,9,URBANIZACION JAVIER PRADO,150130,-12.083829,-76.988698,osm_area_center,,dev,mz=MZ.;lt=Lt.;marcador=URB.;orden=urb_mz;referencia;loc=campo
MZL-n11197236450-1,synthetic_mzlt,"Urb Juan XXIII Calle 5 Mz.N3 LT. 22, San Borja, Lima, Lima",,,,CALLE,5,,N3,22,URBANIZACION JUAN XXIII,150130,-12.109466,-76.998874,osm_area_center,,dev,mz=Mz.;lt=LT.;marcador=Urb;orden=urb_via_mz;loc=dist_prov_dep;sin_tildes
MZL-n11197236450-2,synthetic_mzlt,"Pasaje 3 Mza. W, Lt.27 Urbanización Juan XXIII, San Borja, Lima, Lima",,,,PASAJE,3,,W,27,URBANIZACION JUAN XXIII,150130,-12.109466,-76.998874,osm_area_center,,dev,mz=Mza.;lt=Lt.;marcador=Urbanización;orden=via_mz_urb;loc=dist_prov_dep
MZL-n11197236452-1,synthetic_mzlt,"urb. el bosque etapa dos calle 5 mz t, lote 31, san borja",,,,CALLE,5,,T,31,URBANIZACION EL BOSQUE ETAPA DOS,150130,-12.109275,-76.992688,osm_area_center,,dev,mz=mz;lt=lote;marcador=Urb.;orden=urb_via_mz;loc=coma;minusculas
MZL-n11197236452-2,synthetic_mzlt,Calle 5 Mz. O Lt. 9 Urb El Bosque Etapa Dos,San Borja,,,CALLE,5,,O,9,URBANIZACION EL BOSQUE ETAPA DOS,150130,-12.109275,-76.992688,osm_area_center,,dev,mz=Mz.;lt=Lt.;marcador=Urb;orden=via_mz_urb;loc=campo;sin_tildes
MZL-n11197236453-1,synthetic_mzlt,Urbanizacion El Bosque Etapa Uno Pasaje 3 Mz O2 Lt.9 - San Borja,,Lima,,PASAJE,3,,O2,9,URBANIZACION EL BOSQUE ETAPA UNO,150130,-12.106758,-76.991479,osm_area_center,,dev,mz=Mz;lt=Lt.;marcador=Urbanización;orden=urb_via_mz;loc=mixta;sin_tildes
MZL-n11197236453-2,synthetic_mzlt,JR. LAS FLORES MANZANA Z - LOTE 35 URBANIZACION EL BOSQUE ETAPA UNO (ALTURA DEL PARADERO),San Borja,,,JIRON,LAS FLORES,,Z,35,URBANIZACION EL BOSQUE ETAPA UNO,150130,-12.106758,-76.991479,osm_area_center,,dev,mz=Manzana;lt=Lote;marcador=Urbanización;orden=via_mz_urb;referencia;loc=campo;mayusculas;sin_tildes
MZL-n11197236454-1,synthetic_mzlt,"Calle 5 Mz F Lt. 33A Urbanización San Juan Macías, San Borja",,,,CALLE,5,,F,33A,URBANIZACION SAN JUAN MACIAS,150130,-12.084768,-77.002946,osm_area_center,,dev,mz=Mz;lt=Lt.;marcador=Urbanización;orden=via_mz_urb;loc=coma
MZL-n11197236454-2,synthetic_mzlt,"Calle 5 Mz.I - Lt 10 URB. San Juan Macías, San Borja, Lima",,,,CALLE,5,,I,10,URBANIZACION SAN JUAN MACIAS,150130,-12.084768,-77.002946,osm_area_center,,dev,mz=Mz.;lt=Lt;marcador=URB.;orden=via_mz_urb;loc=dist_prov
MZL-n11197236455-1,synthetic_mzlt,urb todos los santos mza. z lote 26 - san borja,,,,,,,Z,26,URBANIZACION TODOS LOS SANTOS,150130,-12.108736,-76.993100,osm_area_center,,test,mz=Mza.;lt=lote;marcador=Urb;orden=urb_mz;loc=guion;minusculas;sin_tildes
MZL-n11197236455-2,synthetic_mzlt,"urb. todos los santos mz w, lt 10a, san borja, lima",,,,,,,W,10A,URBANIZACION TODOS LOS SANTOS,150130,-12.108736,-76.993100,osm_area_center,,test,mz=mz;lt=Lt;marcador=Urb.;orden=urb_mz;loc=dist_prov;minusculas
MZL-n11197236457-1,synthetic_mzlt,"Urb Monterrico Norte Mz. L Lt.6A, San Borja",,,,,,,L,6A,URBANIZACION MONTERRICO NORTE,150130,-12.090342,-76.983065,osm_area_center,,dev,mz=Mz.;lt=Lt.;marcador=Urb;orden=urb_mz;loc=coma
MZL-n11197236457-2,synthetic_mzlt,"URBANIZACIÓN MONTERRICO NORTE CALLE 5 MZ. K LT. 33, SAN BORJA, LIMA",,,,CALLE,5,,K,33,URBANIZACION MONTERRICO NORTE,150130,-12.090342,-76.983065,osm_area_center,,dev,mz=Mz.;lt=Lt.;marcador=Urbanización;orden=urb_via_mz;loc=dist_prov;mayusculas
MZL-n11197236458-1,synthetic_mzlt,"MzI Lt 3 Urb. Primavera de Monterrico, San Borja",,,,,,,I,3,URBANIZACION PRIMAVERA DE MONTERRICO,150130,-12.110979,-77.009042,osm_area_center,,test,mz=Mz;lt=Lt;marcador=Urb.;orden=mz_urb;loc=coma;sin_tildes
MZL-n11197236458-2,synthetic_mzlt,"Urb Primavera de Monterrico MzL, Lt 36 San Borja",,,,,,,L,36,URBANIZACION PRIMAVERA DE MONTERRICO,150130,-12.110979,-77.009042,osm_area_center,,test,mz=Mz;lt=Lt;marcador=Urb;orden=urb_mz;loc=espacio
MZL-w866508222-1,synthetic_mzlt,URB. Conjunto Residencial Las Torres de Limatambo Calle 12 Mza. V Lote 26 - San Borja,,,,CALLE,12,,V,26,URBANIZACION CONJUNTO RESIDENCIAL LAS TORRES DE LIMATAMBO,150130,-12.109026,-77.003655,osm_area_center,,dev,mz=Mza.;lt=Lote;marcador=URB.;orden=urb_via_mz;loc=guion
MZL-w866508222-2,synthetic_mzlt,"Mz. C, Lt.5 Urbanizacion Conjunto Residencial Las Torres de Limatambo",San Borja,,,,,,C,5,URBANIZACION CONJUNTO RESIDENCIAL LAS TORRES DE LIMATAMBO,150130,-12.109026,-77.003655,osm_area_center,,dev,mz=Mz.;lt=Lt.;marcador=Urbanización;orden=mz_urb;loc=campo;sin_tildes
MZL-n10741698545-1,synthetic_mzlt,"Urbanización El Palomar Mz. 12 - Lt.3, San Isidro, Lima, Lima",,,,,,,12,3,URBANIZACION EL PALOMAR,150131,-12.095895,-77.019280,osm_area_center,,dev,mz=Mz.;lt=Lt.;marcador=Urbanización;orden=urb_mz;loc=dist_prov_dep
MZL-n10741698545-2,synthetic_mzlt,Urbanizacion El Palomar mz B Lt 28 (frente al parque) San Isidro,,,,,,,B,28,URBANIZACION EL PALOMAR,150131,-12.095895,-77.019280,osm_area_center,,dev,mz=mz;lt=Lt;marcador=Urbanización;orden=urb_mz;referencia;loc=espacio;sin_tildes
MZL-n10741698547-1,synthetic_mzlt,"Urb. El Rosario MZ. 12, Lt. 5, San Isidro, Lima",,,,,,,12,5,URBANIZACION EL ROSARIO,150131,-12.096891,-77.039792,osm_area_center,,dev,mz=MZ.;lt=Lt.;marcador=Urb.;orden=urb_mz;loc=dist_prov
MZL-n10741698547-2,synthetic_mzlt,"Mz. U2, Lt 26 Urb. El Rosario",San Isidro,,,,,,U2,26,URBANIZACION EL ROSARIO,150131,-12.096891,-77.039792,osm_area_center,,dev,mz=Mz.;lt=Lt;marcador=Urb.;orden=mz_urb;loc=campo
MZL-n10741698548-1,synthetic_mzlt,"Calle 5 Mz E Lt.26 Urb. Santa Inés, San Isidro, Lima",,,,CALLE,5,,E,26,URBANIZACION SANTA INES,150131,-12.098733,-77.041943,osm_area_center,,test,mz=Mz;lt=Lt.;marcador=Urb.;orden=via_mz_urb;loc=dist_prov
MZL-n10741698548-2,synthetic_mzlt,"URB. SANTA INÉS MANZANA 25 - LOTE 36, SAN ISIDRO",,,,,,,25,36,URBANIZACION SANTA INES,150131,-12.098733,-77.041943,osm_area_center,,test,mz=Manzana;lt=Lote;marcador=URB.;orden=urb_mz;loc=coma;mayusculas
MZL-n10741698549-1,synthetic_mzlt,"Calle 12 MZ. 1 Lt 22 Urbanización Orrantia, San Isidro, Lima, Lima",,,,CALLE,12,,1,22,URBANIZACION ORRANTIA,150131,-12.094858,-77.044325,osm_area_center,,dev,mz=MZ.;lt=Lt;marcador=Urbanización;orden=via_mz_urb;loc=dist_prov_dep
MZL-n10741698549-2,synthetic_mzlt,"URB. Orrantia Manzana C, Lote 32 San Isidro",,,,,,,C,32,URBANIZACION ORRANTIA,150131,-12.094858,-77.044325,osm_area_center,,dev,mz=Manzana;lt=Lote;marcador=URB.;orden=urb_mz;loc=espacio;sin_tildes
MZL-n10741698550-1,synthetic_mzlt,"Mz.Y Lote 17 urb. Campo de Polo (altura del paradero), San Isidro",,,,,,,Y,17,URBANIZACION CAMPO DE POLO,150131,-12.096078,-77.057203,osm_area_center,,dev,mz=Mz.;lt=Lote;marcador=urb.;orden=mz_urb;referencia;loc=coma
MZL-n10741698550-2,synthetic_mzlt,urb. Campo de Polo Psje. Los Pinos MZ. S1 Lt 2,San Isidro,,,PASAJE,LOS PINOS,,S1,2,URBANIZACION CAMPO DE POLO,150131,-12.096078,-77.057203,osm_area_center,,dev,mz=MZ.;lt=Lt;marcador=urb.;orden=urb_via_mz;loc=campo;sin_tildes
MZL-n10741698553-1,synthetic_mzlt,Urbanizacion Country Club Calle 12 Mza. B Lt.9 - San Isidro,,,,CALLE,12,,B,9,URBANIZACION COUNTRY CLUB,150131,-12.103234,-77.053510,osm_area_center,,test,mz=Mza.;lt=Lt.;marcador=Urbanización;orden=urb_via_mz;loc=guion;sin_tildes
MZL-n10741698553-2,synthetic_mzlt,"urb. Country Club Mz.H2 Lt.39, San Isidro, Lima, Lima",,,,,,,H2,39,URBANIZACION COUNTRY CLUB,150131,-12.103234,-77.053510,osm_area_center,,test,mz=Mz.;lt=Lt.;marcador=urb.;orden=urb_mz;loc=dist_prov_dep
MZL-n11064162800-1,synthetic_mzlt,"Psje. Los Pinos mz 15 Lt. 27A Urb Chacarilla, San Isidro",,,,PASAJE,LOS PINOS,,15,27A,URBANIZACION CHACARILLA,150131,-12.098416,-77.029477,osm_area_center,,dev,mz=mz;lt=Lt.;marcador=Urb;orden=via_mz_urb;loc=coma;sin_tildes
MZL-n11064162800-2,synthetic_mzlt,"mz M - Lt. 5 Urb Chacarilla (altura del paradero), San Isidro",,,,,,,M,5,URBANIZACION CHACARILLA,150131,-12.098416,-77.029477,osm_area_center,,dev,mz=mz;lt=Lt.;marcador=Urb;orden=mz_urb;referencia;loc=coma
MZL-n11064164619-1,synthetic_mzlt,urb. Santa Teresita Mz. M LT. 28 - San Isidro,,,,,,,M,28,URBANIZACION SANTA TERESITA,150131,-12.106811,-77.046077,osm_area_center,,test,mz=Mz.;lt=LT.;marcador=urb.;orden=urb_mz;loc=guion
MZL-n11064164619-2,synthetic_mzlt,"Urb. Santa Teresita Calle 12 Mz.O Lt. 23, San Isidro",,,,CALLE,12,,O,23,URBANIZACION SANTA TERESITA,150131,-12.106811,-77.046077,osm_area_center,,test,mz=Mz.;lt=Lt.;marcador=Urb.;orden=urb_via_mz;loc=coma;sin_tildes
MZL-n11064164620-1,synthetic_mzlt,"URBANIZACIÓN SANTA ISABEL MANZANA X, LOTE 33, SAN ISIDRO, LIMA",,,,,,,X,33,URBANIZACION SANTA ISABEL,150131,-12.107307,-77.041743,osm_area_center,,dev,mz=Manzana;lt=lote;marcador=Urbanización;orden=urb_mz;loc=dist_prov;mayusculas
MZL-n11064164620-2,synthetic_mzlt,URB. Santa Isabel Pasaje 3 Manzana O Lt. 27,San Isidro,,,PASAJE,3,,O,27,URBANIZACION SANTA ISABEL,150131,-12.107307,-77.041743,osm_area_center,,dev,mz=Manzana;lt=Lt.;marcador=URB.;orden=urb_via_mz;loc=campo
MZL-n11064164621-1,synthetic_mzlt,"URB. SANTA MÓNICA PASAJE 3 MANZANA D2 LT 22, SAN ISIDRO",,,,PASAJE,3,,D2,22,URBANIZACION SANTA MONICA,150131,-12.105107,-77.050452,osm_area_center,,dev,mz=Manzana;lt=Lt;marcador=Urb.;orden=urb_via_mz;loc=coma;mayusculas
MZL-n11064164621-2,synthetic_mzlt,"Urbanización Santa Mónica Jr. Las Flores Mz. 18 - Lote 5A, San Isidro, Lima, Lima",,,,JIRON,LAS FLORES,,18,5A,URBANIZACION SANTA MONICA,150131,-12.105107,-77.050452,osm_area_center,,dev,mz=Mz.;lt=Lote;marcador=Urbanización;orden=urb_via_mz;loc=dist_prov_dep
MZL-n4033705480-1,synthetic_mzlt,"MzD - Lote 3 urb. Centro financiero de San Isidro, San Isidro, Lima",,,,,,,D,3,URBANIZACION CENTRO FINANCIERO DE SAN ISIDRO,150131,-12.093434,-77.025815,osm_area_center,,dev,mz=Mz;lt=Lote;marcador=urb.;orden=mz_urb;loc=dist_prov
MZL-n4033705480-2,synthetic_mzlt,"Mz.Q1 - LT. 23 URB. Centro financiero de San Isidro (frente al parque), San Isidro, Lima, Lima",,,,,,,Q1,23,URBANIZACION CENTRO FINANCIERO DE SAN ISIDRO,150131,-12.093434,-77.025815,osm_area_center,,dev,mz=Mz.;lt=LT.;marcador=URB.;orden=mz_urb;referencia;loc=dist_prov_dep;sin_tildes
MZL-n5581690518-1,synthetic_mzlt,"Urb. Corpac Pasaje 3 Mza. 2, lote 34A, San Isidro",,,,PASAJE,3,,2,34A,URBANIZACION CORPAC,150131,-12.098167,-77.014268,osm_area_center,,dev,mz=Mza.;lt=lote;marcador=Urb.;orden=urb_via_mz;loc=coma;sin_tildes
MZL-n5581690518-2,synthetic_mzlt,urb. corpac calle 5 manzana l lt. 23 san isidro,,,,CALLE,5,,L,23,URBANIZACION CORPAC,150131,-12.098167,-77.014268,osm_area_center,,dev,mz=Manzana;lt=LT.;marcador=URB.;orden=urb_via_mz;loc=espacio;minusculas
MZL-n9548299931-1,synthetic_mzlt,AV. CENTRAL MANZANA P LT. 16 URBANIZACION ORRANTIA DEL MAR - SAN ISIDRO,,Lima,,AVENIDA,CENTRAL,,P,16,URBANIZACION ORRANTIA DEL MAR,150131,-12.099530,-77.058707,osm_area_center,,dev,mz=Manzana;lt=LT.;marcador=Urbanización;orden=via_mz_urb;loc=mixta;mayusculas;sin_tildes
MZL-n9548299931-2,synthetic_mzlt,Urb. Orrantia del Mar Mz H LT. 28 (frente al parque) - San Isidro,,,,,,,H,28,URBANIZACION ORRANTIA DEL MAR,150131,-12.099530,-77.058707,osm_area_center,,dev,mz=Mz;lt=LT.;marcador=Urb.;orden=urb_mz;referencia;loc=guion
MZL-w1223623480-1,synthetic_mzlt,"MZ. D, Lt. 13 Urb Fondo de Vivienda Militar del Ejercito - San Isidro",,,,,,,D,13,URBANIZACION FONDO DE VIVIENDA MILITAR DEL EJERCITO,150131,-12.106275,-77.049112,osm_area_center,,dev,mz=MZ.;lt=Lt.;marcador=Urb;orden=mz_urb;loc=guion
MZL-w1223623480-2,synthetic_mzlt,Calle 5 Mz X2 - lote 36 Urb Fondo de Vivienda Militar del Ejercito (altura del paradero) San Isidro,,,,CALLE,5,,X2,36,URBANIZACION FONDO DE VIVIENDA MILITAR DEL EJERCITO,150131,-12.106275,-77.049112,osm_area_center,,dev,mz=Mz;lt=lote;marcador=Urb;orden=via_mz_urb;referencia;loc=espacio;sin_tildes
MZL-n10061681817-1,synthetic_mzlt,Psje. Los Pinos Mza. N - Lt 4A urb. Saul Cantoral - Sjl,,,,PASAJE,LOS PINOS,,N,4A,URBANIZACION SAUL CANTORAL,150132,-11.937810,-77.002070,osm_area_center,,dev,mz=Mza.;lt=Lt;marcador=urb.;orden=via_mz_urb;alias_distrito;loc=guion;sin_tildes
MZL-n10061681817-2,synthetic_mzlt,urb. Saúl Cantoral Calle 12 MzT Lote 10A - San Juan de Lurigancho,,,,CALLE,12,,T,10A,URBANIZACION SAUL CANTORAL,150132,-11.937810,-77.002070,osm_area_center,,dev,mz=Mz;lt=Lote;marcador=urb.;orden=urb_via_mz;loc=guion
MZL-n10061681818-1,synthetic_mzlt,MZ Y LT.35 URB CRISTO REY - SJL,,,,,,,Y,35,URBANIZACION CRISTO REY,150132,-11.938562,-77.009219,osm_area_center,,dev,mz=mz;lt=Lt.;marcador=Urb;orden=mz_urb;alias_distrito;loc=guion;mayusculas;sin_tildes
MZL-n10061681818-2,synthetic_mzlt,Urbanización Cristo Rey MZ. D3 lote 24 - San Juan de Lurigancho,,,,,,,D3,24,URBANIZACION CRISTO REY,150132,-11.938562,-77.009219,osm_area_center,,dev,mz=MZ.;lt=lote;marcador=Urbanización;orden=urb_mz;loc=guion
MZL-n10061681819-1,synthetic_mzlt,URB. 9 DE FEBRERO PASAJE 3 MANZANA A LT 19,San Juan de Lurigancho,,,PASAJE,3,,A,19,URBANIZACION 9 DE FEBRERO,150132,-11.943497,-76.994549,osm_area_center,,dev,mz=Manzana;lt=Lt;marcador=URB.;orden=urb_via_mz;loc=campo;mayusculas;sin_tildes
MZL-n10061681819-2,synthetic_mzlt,Jr. Las Flores Manzana T2 Lt. 22 URB. 9 de Febrero (cerca al colegio),San Juan de Lurigancho,,,JIRON,LAS FLORES,,T2,22,URBANIZACION 9 DE FEBRERO,150132,-11.943497,-76.994549,osm_area_center,,dev,mz=Manzana;lt=Lt.;marcador=URB.;orden=via_mz_urb;referencia;loc=campo
MZL-n10869703307-1,synthetic_mzlt,"mz W, lote 12 URB. Las Gardenias, San Juan de Lurigancho, Lima",,,,,,,W,12,URBANIZACION LAS GARDENIAS,150132,-11.970401,-76.988571,osm_area_center,,dev,mz=mz;lt=lote;marcador=URB.;orden=mz_urb;loc=dist_prov
MZL-n10869703307-2,synthetic_mzlt,Urbanización Las Gardenias MZ. C Lt. 17 - San Juan de Lurigancho,,,,,,,C,17,URBANIZACION LAS GARDENIAS,150132,-11.970401,-76.988571,osm_area_center,,dev,mz=MZ.;lt=Lt.;marcador=Urbanización;orden=urb_mz;loc=guion
MZL-n11091933034-1,synthetic_mzlt,mz E - lote 30 URB. Canto Grande - San Juan de Lurigancho,,,,,,,E,30,URBANIZACION CANTO GRANDE,150132,-11.969060,-77.007215,osm_area_center,,dev,mz=mz;lt=lote;marcador=URB.;orden=mz_urb;loc=guion
MZL-n11091933034-2,synthetic_mzlt,MZ. W2 Lt. 1A URB. Canto Grande,Sjl,,,,,,W2,1A,URBANIZACION CANTO GRANDE,150132,-11.969060,-77.007215,osm_area_center,,dev,mz=MZ.;lt=Lt.;marcador=URB.;orden=mz_urb;alias_distrito;loc=campo;sin_tildes
MZL-n3801213619-1,synthetic_mzlt,Urb Arriba Perú Calle 12 MZ. H Lt. 29 - Sjl,,Lima,,CALLE,12,,H,29,URBANIZACION ARRIBA PERU,150132,-11.957378,-76.994703,osm_area_center,,dev,mz=MZ.;lt=Lt.;marcador=Urb;orden=urb_via_mz;alias_distrito;loc=mixta
MZL-n3801213619-2,synthetic_mzlt,"Urb. Arriba Perú Psje. Los Pinos Manzana G, Lt.9",Sjl,,,PASAJE,LOS PINOS,,G,9,URBANIZACION ARRIBA PERU,150132,-11.957378,-76.994703,osm_area_center,,dev,mz=Manzana;lt=Lt.;marcador=Urb.;orden=urb_via_mz;alias_distrito;loc=campo
MZL-n3801244059-1,synthetic_mzlt,Urb Proyecto Especiales Mz.C Lote 17,San Juan de Lurigancho,,,,,,C,17,URBANIZACION PROYECTO ESPECIALES,150132,-11.957692,-76.991463,osm_area_center,,dev,mz=Mz.;lt=Lote;marcador=Urb;orden=urb_mz;loc=campo
MZL-n3801244059-2,synthetic_mzlt,"Urb Proyecto Especiales MzV - lote 23, Sjl, Lima",,,,,,,V,23,URBANIZACION PROYECTO ESPECIALES,150132,-11.957692,-76.991463,osm_area_center,,dev,mz=Mz;lt=lote;marcador=Urb;orden=urb_mz;alias_distrito;loc=dist_prov;sin_tildes
MZL-n5871624236-1,synthetic_mzlt,MZA. V - LT. 17 AAHH 27 DE MARZO (FRENTE AL PARQUE) - SAN JUAN DE LURIGANCHO,,,,,,,V,17,ASENTAMIENTO HUMANO 27 DE MARZO,150132,-11.959941,-76.977878,osm_area_center,,dev,mz=Mza.;lt=Lt.;marcador=AAHH;orden=mz_urb;referencia;loc=guion;mayusculas;sin_tildes
MZL-n5871624236-2,synthetic_mzlt,ASENTAMIENTO HUMANO 27 DE MARZO CALLE 5 MZ I - LOTE 38 - SJL,,,,CALLE,5,,I,38,ASENTAMIENTO HUMANO 27 DE MARZO,150132,-11.959941,-76.977878,osm_area_center,,dev,mz=Mz;lt=lote;marcador=Asentamiento Humano;orden=urb_via_mz;alias_distrito;loc=guion;mayusculas
MZL-n7795591111-1,synthetic_mzlt,"Urbanizacion Caja de Agua Mz U, Lt.36 Sjl",,,,,,,U,36,URBANIZACION CAJA DE AGUA,150132,-12.027248,-77.014879,osm_area_center,,dev,mz=Mz;lt=Lt.;marcador=Urbanización;orden=urb_mz;alias_distrito;loc=espacio;sin_tildes
MZL-n7795591111-2,synthetic_mzlt,"MZ. U Lt.23 Urb. Caja de Agua, San Juan de Lurigancho",,,,,,,U,23,URBANIZACION CAJA DE AGUA,150132,-12.027248,-77.014879,osm_area_center,,dev,mz=MZ.;lt=Lt.;marcador=Urb.;orden=mz_urb;loc=coma
MZL-n9561948537-1,synthetic_mzlt,"urb. Villa Nazareth Mz C, Lote 26, Sjl, Lima, Lima",,,,,,,C,26,URBANIZACION VILLA NAZARETH,150132,-11.984115,-77.019283,osm_area_center,,dev,mz=Mz;lt=Lote;marcador=urb.;orden=urb_mz;alias_distrito;loc=dist_prov_dep
MZL-n9561948537-2,synthetic_mzlt,"Urbanización Villa Nazareth Pasaje 3 MZ. W Lt. 6, Sjl",,,,PASAJE,3,,W,6,URBANIZACION VILLA NAZARETH,150132,-11.984115,-77.019283,osm_area_center,,dev,mz=MZ.;lt=Lt.;marcador=Urbanización;orden=urb_via_mz;alias_distrito;loc=coma
MZL-n9574029352-1,synthetic_mzlt,"Pasaje 3 MzK Lote 7 URB. 5 de Noviembre, Sjl",,,,PASAJE,3,,K,7,URBANIZACION 5 DE NOVIEMBRE,150132,-11.960569,-76.990789,osm_area_center,,dev,mz=Mz;lt=Lote;marcador=URB.;orden=via_mz_urb;alias_distrito;loc=coma;sin_tildes
MZL-n9574029352-2,synthetic_mzlt,"Mz.Q1 Lote 39 Urbanización 5 de Noviembre, San Juan de Lurigancho, Lima",,,,,,,Q1,39,URBANIZACION 5 DE NOVIEMBRE,150132,-11.960569,-76.990789,osm_area_center,,dev,mz=Mz.;lt=Lote;marcador=Urbanización;orden=mz_urb;loc=dist_prov
MZL-n9574029353-1,synthetic_mzlt,"Jr. Las Flores Mz D, Lt.2 Urb. Horacio Zeballos Gamez, Sjl, Lima",,,,JIRON,LAS FLORES,,D,2,URBANIZACION HORACIO ZEBALLOS GAMEZ,150132,-11.962699,-76.992084,osm_area_center,,dev,mz=Mz;lt=Lt.;marcador=Urb.;orden=via_mz_urb;alias_distrito;loc=dist_prov;sin_tildes
MZL-n9574029353-2,synthetic_mzlt,Calle 5 Mz 20 Lt. 4A urb. Horacio Zeballos Gámez - Sjl,,Lima,,CALLE,5,,20,4A,URBANIZACION HORACIO ZEBALLOS GAMEZ,150132,-11.962699,-76.992084,osm_area_center,,dev,mz=Mz;lt=Lt.;marcador=urb.;orden=via_mz_urb;alias_distrito;loc=mixta
MZL-n9574029355-1,synthetic_mzlt,Av. Central Mz. E lote 19 Urb Los Alamos de Canto Grande - San Juan de Lurigancho,,,,AVENIDA,CENTRAL,,E,19,URBANIZACION LOS ALAMOS DE CANTO GRANDE,150132,-11.966165,-76.995283,osm_area_center,,test,mz=Mz.;lt=lote;marcador=Urb;orden=via_mz_urb;loc=guion;sin_tildes
MZL-n9574029355-2,synthetic_mzlt,MZ. V LT. 9 Urbanización Los Alamos de Canto Grande (cerca al colegio),Sjl,,,,,,V,9,URBANIZACION LOS ALAMOS DE CANTO GRANDE,150132,-11.966165,-76.995283,osm_area_center,,test,mz=MZ.;lt=LT.;marcador=Urbanización;orden=mz_urb;referencia;alias_distrito;loc=campo
MZL-n9740317640-1,synthetic_mzlt,Mz.U1 Lote 26 Urb 10 de Octubre,San Juan de Lurigancho,,,,,,U1,26,URBANIZACION 10 DE OCTUBRE,150132,-11.944100,-76.988382,osm_area_center,,dev,mz=Mz.;lt=Lote;marcador=Urb;orden=mz_urb;loc=campo;sin_tildes
MZL-n9740317640-2,synthetic_mzlt,URB. 10 de Octubre Mz. A lote 30 - San Juan de Lurigancho,,,,,,,A,30,URBANIZACION 10 DE OCTUBRE,150132,-11.944100,-76.988382,osm_area_center,,dev,mz=Mz.;lt=lote;marcador=URB.;orden=urb_mz;loc=guion;sin_tildes
MZL-w493466304-1,synthetic_mzlt,Av. Central MZ. E - Lt.23 Residencial campoy San Juan de Lurigancho,,,,AVENIDA,CENTRAL,,E,23,RESIDENCIAL CAMPOY,150132,-12.022436,-76.974274,osm_area_center,,dev,mz=MZ.;lt=Lt.;marcador=Residencial;orden=via_mz_urb;loc=espacio
MZL-w493466304-2,synthetic_mzlt,"Residencial campoy Manzana V, lote 24 - Sjl",,Lima,,,,,V,24,RESIDENCIAL CAMPOY,150132,-12.022436,-76.974274,osm_area_center,,dev,mz=Manzana;lt=lote;marcador=Residencial;orden=urb_mz;alias_distrito;loc=mixta
MZL-n12955156988-1,synthetic_mzlt,"urb. Umamarca Mza. V, lote 40, San Juan de Miraflores, Lima",,,,,,,V,40,URBANIZACION UMAMARCA,150133,-12.178575,-76.979752,osm_area_center,,dev,mz=Mza.;lt=lote;marcador=urb.;orden=urb_mz;loc=dist_prov
MZL-n12955156988-2,synthetic_mzlt,Mz D Lt.9 urb. Umamarca,San Juan de Miraflores,,,,,,D,9,URBANIZACION UMAMARCA,150133,-12.178575,-76.979752,osm_area_center,,dev,mz=Mz;lt=Lt.;marcador=urb.;orden=mz_urb;loc=campo;sin_tildes
MZL-n12955156989-1,synthetic_mzlt,"mza. 33 lote 35 cooperativa america, san juan de miraflores, lima",,,,,,,33,35,COOPERATIVA AMERICA,150133,-12.184350,-76.978229,osm_area_center,,dev,mz=Mza.;lt=lote;marcador=Cooperativa;orden=mz_urb;loc=dist_prov;minusculas;sin_tildes
MZL-n12955156989-2,synthetic_mzlt,Coop. America Calle 5 Mz.O lote 14 - San Juan de Miraflores,,,,CALLE,5,,O,14,COOPERATIVA AMERICA,150133,-12.184350,-76.978229,osm_area_center,,dev,mz=Mz.;lt=lote;marcador=Coop.;orden=urb_via_mz;loc=guion;sin_tildes
MZL-n12955156991-1,synthetic_mzlt,"Urbanización El Inti Pasaje 3 Mza. P Lt.5A, San Juan de Miraflores, Lima",,,,PASAJE,3,,P,5A,URBANIZACION EL INTI,150133,-12.185470,-76.981436,osm_area_center,,test,mz=Mza.;lt=Lt.;marcador=Urbanización;orden=urb_via_mz;loc=dist_prov
MZL-n12955156991-2,synthetic_mzlt,Urb. El Inti Mz 36 lote 9 San Juan de Miraflores,,,,,,,36,9,URBANIZACION EL INTI,150133,-12.185470,-76.981436,osm_area_center,,test,mz=Mz;lt=lote;marcador=Urb.;orden=urb_mz;loc=espacio;sin_tildes
MZL-n12955156992-1,synthetic_mzlt,URB. LAS FLORES DE VILLA 2 MZD LT 20,San Juan de Miraflores,,,,,,D,20,URBANIZACION LAS FLORES DE VILLA 2,150133,-12.189248,-76.974804,osm_area_center,,dev,mz=Mz;lt=Lt;marcador=Urb.;orden=urb_mz;loc=campo;mayusculas
MZL-n12955156992-2,synthetic_mzlt,"URB. LAS FLORES DE VILLA 2 MZA. L LT.24, SJM, LIMA",,,,,,,L,24,URBANIZACION LAS FLORES DE VILLA 2,150133,-12.189248,-76.974804,osm_area_center,,dev,mz=Mza.;lt=Lt.;marcador=URB.;orden=urb_mz;alias_distrito;loc=dist_prov;mayusculas
MZL-n12955156994-1,synthetic_mzlt,"Av. Central Mz. 2 Lt.16 urb. Las Dunas, San Juan de Miraflores",,,,AVENIDA,CENTRAL,,2,16,URBANIZACION LAS DUNAS,150133,-12.188555,-76.977536,osm_area_center,,dev,mz=Mz.;lt=Lt.;marcador=urb.;orden=via_mz_urb;loc=coma
MZL-n12955156994-2,synthetic_mzlt,"URB. LAS DUNAS JR. LAS FLORES MZ V - LT.11, SJM, LIMA",,,,JIRON,LAS FLORES,,V,11,URBANIZACION LAS DUNAS,150133,-12.188555,-76.977536,osm_area_center,,dev,mz=Mz;lt=Lt.;marcador=urb.;orden=urb_via_mz;alias_distrito;loc=dist_prov;mayusculas
MZL-n12955156995-1,synthetic_mzlt,"MzY lote 23 URB. Los Eucaliptos, San Juan de Miraflores, Lima",,,,,,,Y,23,URBANIZACION LOS EUCALIPTOS,150133,-12.189934,-76.977001,osm_area_center,,dev,mz=Mz;lt=lote;marcador=URB.;orden=mz_urb;loc=dist_prov;sin_tildes
MZL-n12955156995-2,synthetic_mzlt,"urb. Los Eucaliptos Jr. Las Flores Mza. P lote 16, Sjm",,,,JIRON,LAS FLORES,,P,16,URBANIZACION LOS EUCALIPTOS,150133,-12.189934,-76.977001,osm_area_center,,dev,mz=Mza.;lt=lote;marcador=urb.;orden=urb_via_mz;alias_distrito;loc=coma
MZL-n12955156996-1,synthetic_mzlt,"URBANIZACION LOS ANGELES 1 CALLE 5 MZ Y LT.22, SJM, LIMA, LIMA",,,,CALLE,5,,Y,22,URBANIZACION LOS ANGELES 1,150133,-12.186979,-76.974906,osm_area_center,,dev,mz=mz;lt=Lt.;marcador=Urbanización;orden=urb_via_mz;alias_distrito;loc=dist_prov_dep;mayusculas;sin_tildes
MZL-n12955156996-2,synthetic_mzlt,Calle 5 Mz W1 - LT. 35 Urb. Los Angeles 1 - San Juan de Miraflores,,Lima,,CALLE,5,,W1,35,URBANIZACION LOS ANGELES 1,150133,-12.186979,-76.974906,osm_area_center,,dev,mz=Mz;lt=LT.;marcador=Urb.;orden=via_mz_urb;loc=mixta;sin_tildes
MZL-n12955156997-1,synthetic_mzlt,Urb. Los Angeles 2 MZ. J - Lt.24 San Juan de Miraflores,,,,,,,J,24,URBANIZACION LOS ANGELES 2,150133,-12.187657,-76.976158,osm_area_center,,dev,mz=MZ.;lt=Lt.;marcador=Urb.;orden=urb_mz;loc=espacio;sin_tildes
MZL-n12955156997-2,synthetic_mzlt,mz y3 lt. 7 urb. los ángeles 2 - sjm,,Lima,,,,,Y3,7,URBANIZACION LOS ANGELES 2,150133,-12.187657,-76.976158,osm_area_center,,dev,mz=mz;lt=LT.;marcador=Urb.;orden=mz_urb;alias_distrito;loc=mixta;minusculas
MZL-n12955156998-1,synthetic_mzlt,"Jr. Las Flores Mz C, Lt.13A Urb Los Jardines 2 San Juan de Miraflores",,,,JIRON,LAS FLORES,,C,13A,URBANIZACION LOS JARDINES 2,150133,-12.187261,-76.975470,osm_area_center,,test,mz=Mz;lt=Lt.;marcador=Urb;orden=via_mz_urb;loc=espacio
MZL-n12955156998-2,synthetic_mzlt,Urb Los Jardines 2 MzD LT. 29 - San Juan de Miraflores,,Lima,,,,,D,29,URBANIZACION LOS JARDINES 2,150133,-12.187261,-76.975470,osm_area_center,,test,mz=Mz;lt=LT.;marcador=Urb;orden=urb_mz;loc=mixta
MZL-n12955156999-1,synthetic_mzlt,"urb. Los Arbolitos Pasaje 3 Mz.N Lote 29, San Juan de Miraflores, Lima, Lima",,,,PASAJE,3,,N,29,URBANIZACION LOS ARBOLITOS,150133,-12.186597,-76.975449,osm_area_center,,dev,mz=Mz.;lt=Lote;marcador=urb.;orden=urb_via_mz;loc=dist_prov_dep;sin_tildes
MZL-n12955156999-2,synthetic_mzlt,"URB LOS ARBOLITOS MZ R - LT 2, SJM",,,,,,,R,2,URBANIZACION LOS ARBOLITOS,150133,-12.186597,-76.975449,osm_area_center,,dev,mz=Mz;lt=Lt;marcador=Urb;orden=urb_mz;alias_distrito;loc=coma;mayusculas
MZL-n12955231294-1,synthetic_mzlt,urb. Sol del los Milagros mz Q LT. 15 (cerca al colegio) San Juan de Miraflores,,,,,,,Q,15,URBANIZACION SOL DEL LOS MILAGROS,150133,-12.167759,-76.957175,osm_area_center,,test,mz=mz;lt=LT.;marcador=urb.;orden=urb_mz;referencia;loc=espacio;sin_tildes
MZL-n12955231294-2,synthetic_mzlt,"Calle 12 mz 56 - LT. 8 URB. Sol del los Milagros, San Juan de Miraflores",,,,CALLE,12,,56,8,URBANIZACION SOL DEL LOS MILAGROS,150133,-12.167759,-76.957175,osm_area_center,,test,mz=mz;lt=LT.;marcador=URB.;orden=via_mz_urb;loc=coma
MZL-n12955231298-1,synthetic_mzlt,"mz 46, Lote 29 Urbanizacion San Juancito, San Juan de Miraflores, Lima",,,,,,,46,29,URBANIZACION SAN JUANCITO,150133,-12.157976,-76.959510,osm_area_center,,dev,mz=mz;lt=Lote;marcador=Urbanización;orden=mz_urb;loc=dist_prov;sin_tildes
MZL-n12955231298-2,synthetic_mzlt,URB. SAN JUANCITO PASAJE 3 MZ. 41 LT.24 (FRENTE AL MERCADO) - SAN JUAN DE MIRAFLORES,,,,PASAJE,3,,41,24,URBANIZACION SAN JUANCITO,150133,-12.157976,-76.959510,osm_area_center,,dev,mz=Mz.;lt=Lt.;marcador=urb.;orden=urb_via_mz;referencia;loc=guion;mayusculas
MZL-n12955231299-1,synthetic_mzlt,urb. Plampona Baja Mz M - Lote 22 - San Juan de Miraflores,,,,,,,M,22,URBANIZACION PLAMPONA BAJA,150133,-12.147253,-76.975308,osm_area_center,,dev,mz=Mz;lt=Lote;marcador=urb.;orden=urb_mz;loc=guion;sin_tildes
MZL-n12955231299-2,synthetic_mzlt,"Urb Plampona Baja Mza. C, Lt. 32 San Juan de Miraflores",,,,,,,C,32,URBANIZACION PLAMPONA BAJA,150133,-12.147253,-76.975308,osm_area_center,,dev,mz=Mza.;lt=Lt.;marcador=Urb;orden=urb_mz;loc=espacio
MZL-n5354966433-1,synthetic_mzlt,URB. OLLANTAY MANZANA O LT. 14 - SAN JUAN DE MIRAFLORES,,Lima,,,,,O,14,URBANIZACION OLLANTAY,150133,-12.136198,-76.964036,osm_area_center,,dev,mz=Manzana;lt=LT.;marcador=urb.;orden=urb_mz;loc=mixta;mayusculas
MZL-n5354966433-2,synthetic_mzlt,"Psje. Los Pinos Mza. O, Lt 16 Urb Ollantay Sjm",,,,PASAJE,LOS PINOS,,O,16,URBANIZACION OLLANTAY,150133,-12.136198,-76.964036,osm_area_center,,dev,mz=Mza.;lt=Lt;marcador=Urb;orden=via_mz_urb;alias_distrito;loc=espacio;sin_tildes
MZL-w366349104-1,synthetic_mzlt,Urbanizacion Jose Olaya Calle 5 Mz. H lote 1 - San Juan de Miraflores,,,,CALLE,5,,H,1,URBANIZACION JOSE OLAYA,150133,-12.164038,-76.982438,osm_area_center,,dev,mz=Mz.;lt=lote;marcador=Urbanización;orden=urb_via_mz;loc=guion;sin_tildes
MZL-w366349104-2,synthetic_mzlt,MZ. 59 LT.15 URB. JOSÉ OLAYA - SAN JUAN DE MIRAFLORES,,Lima,,,,,59,15,URBANIZACION JOSE OLAYA,150133,-12.164038,-76.982438,osm_area_center,,dev,mz=MZ.;lt=Lt.;marcador=urb.;orden=mz_urb;loc=mixta;mayusculas
MZL-n10304941793-1,synthetic_mzlt,URB. El Pino Av. Central mz V - Lt 18 - San Luis,,,,AVENIDA,CENTRAL,,V,18,URBANIZACION EL PINO,150134,-12.068496,-76.991826,osm_area_center,,dev,mz=mz;lt=Lt;marcador=URB.;orden=urb_via_mz;loc=guion;sin_tildes
MZL-n10304941793-2,synthetic_mzlt,urb. El Pino MzL lote 17 (frente al parque),San Luis,,,,,,L,17,URBANIZACION EL PINO,150134,-12.068496,-76.991826,osm_area_center,,dev,mz=Mz;lt=lote;marcador=urb.;orden=urb_mz;referencia;loc=campo
MZL-n10741805831-1,synthetic_mzlt,"Urb. Las Culturas Mz. 54, Lt 11 - San Luis",,,,,,,54,11,URBANIZACION LAS CULTURAS,150134,-12.079334,-77.008319,osm_area_center,,dev,mz=Mz.;lt=Lt;marcador=Urb.;orden=urb_mz;loc=guion;sin_tildes
MZL-n10741805831-2,synthetic_mzlt,"jr. las flores manzana t, lt.13 urb. las culturas - san luis",,Lima,,JIRON,LAS FLORES,,T,13,URBANIZACION LAS CULTURAS,150134,-12.079334,-77.008319,osm_area_center,,dev,mz=Manzana;lt=Lt.;marcador=urb.;orden=via_mz_urb;loc=mixta;minusculas
MZL-n10741805833-1,synthetic_mzlt,"MZ. B, LT. 39 URB. Lincoln, San Luis",,,,,,,B,39,URBANIZACION LINCOLN,150134,-12.075588,-77.007122,osm_area_center,,test,mz=MZ.;lt=LT.;marcador=URB.;orden=mz_urb;loc=coma;sin_tildes
MZL-n10741805833-2,synthetic_mzlt,urb lincoln av. central mz e lote 38,San Luis,,,AVENIDA,CENTRAL,,E,38,URBANIZACION LINCOLN,150134,-12.075588,-77.007122,osm_area_center,,test,mz=Mz;lt=lote;marcador=Urb;orden=urb_via_mz;loc=campo;minusculas;sin_tildes
MZL-n10741805834-1,synthetic_mzlt,mz Q - Lote 31 urb. Los Reyes (frente al mercado) - San Luis,,,,,,,Q,31,URBANIZACION LOS REYES,150134,-12.075450,-77.005597,osm_area_center,,test,mz=mz;lt=Lote;marcador=urb.;orden=mz_urb;referencia;loc=guion;sin_tildes
MZL-n10741805834-2,synthetic_mzlt,urb. Los Reyes Av. Central Manzana 7 Lt.32 San Luis,,,,AVENIDA,CENTRAL,,7,32,URBANIZACION LOS REYES,150134,-12.075450,-77.005597,osm_area_center,,test,mz=Manzana;lt=Lt.;marcador=urb.;orden=urb_via_mz;loc=espacio
MZL-n10741805836-1,synthetic_mzlt,JR. LAS FLORES MZ. Y - LT. 8 URBANIZACIÓN LAS MORAS SAN LUIS,,,,JIRON,LAS FLORES,,Y,8,URBANIZACION LAS MORAS,150134,-12.076498,-77.001788,osm_area_center,,dev,mz=MZ.;lt=LT.;marcador=Urbanización;orden=via_mz_urb;loc=espacio;mayusculas
MZL-n10741805836-2,synthetic_mzlt,"Psje. Los Pinos Mz B - LT. 22 URB. Las Moras, San Luis, Lima",,,,PASAJE,LOS PINOS,,B,22,URBANIZACION LAS MORAS,150134,-12.076498,-77.001788,osm_area_center,,dev,mz=Mz;lt=LT.;marcador=URB.;orden=via_mz_urb;loc=dist_prov;sin_tildes
MZL-n10741805837-1,synthetic_mzlt,Pasaje 3 MzH Lt. 23 Urb La Viña,San Luis,,,PASAJE,3,,H,23,URBANIZACION LA VIÑA,150134,-12.073077,-76.995743,osm_area_center,,test,mz=Mz;lt=Lt.;marcador=Urb;orden=via_mz_urb;loc=campo
MZL-n10741805837-2,synthetic_mzlt,mz M Lt.37 urb. La Viña San Luis,,,,,,,M,37,URBANIZACION LA VIÑA,150134,-12.073077,-76.995743,osm_area_center,,test,mz=mz;lt=Lt.;marcador=urb.;orden=mz_urb;loc=espacio;sin_tildes
MZL-w392187265-1,synthetic_mzlt,"Condominio Del Aire Calle 5 mz A, Lt.9 San Luis",,,,CALLE,5,,A,9,CONDOMINIO DEL AIRE,150134,-12.078361,-77.000656,osm_area_center,,dev,mz=mz;lt=Lt.;marcador=Condominio;orden=urb_via_mz;loc=espacio;sin_tildes
MZL-w392187265-2,synthetic_mzlt,"Cond. Del Aire Mz.L1 Lote 23, San Luis",,,,,,,L1,23,CONDOMINIO DEL AIRE,150134,-12.078361,-77.000656,osm_area_center,,dev,mz=Mz.;lt=Lote;marcador=Cond.;orden=urb_mz;loc=coma;sin_tildes
MZL-n12979608200-1,synthetic_mzlt,"MzJ - LT. 32 urb. 10 de Febrero, San Martin de Porres, Lima",,,,,,,J,32,URBANIZACION 10 DE FEBRERO,150135,-12.019263,-77.081599,osm_area_center,,test,mz=Mz;lt=LT.;marcador=urb.;orden=mz_urb;loc=dist_prov;sin_tildes
MZL-n12979608200-2,synthetic_mzlt,URB. 10 de Febrero Calle 12 Manzana 56 - Lote 10 San Martin de Porres,,,,CALLE,12,,56,10,URBANIZACION 10 DE FEBRERO,150135,-12.019263,-77.081599,osm_area_center,,test,mz=Manzana;lt=Lote;marcador=URB.;orden=urb_via_mz;loc=espacio;sin_tildes
MZL-n12979676601-1,synthetic_mzlt,"URB FAMILIAS UNIDAS JR. LAS FLORES MZA. D LT 6, SMP",,,,JIRON,LAS FLORES,,D,6,URBANIZACION FAMILIAS UNIDAS,150135,-12.017339,-77.081718,osm_area_center,,test,mz=Mza.;lt=Lt;marcador=Urb;orden=urb_via_mz;alias_distrito;loc=coma;mayusculas
MZL-n12979676601-2,synthetic_mzlt,"Av. Central mz N - lote 33A urb. Familias Unidas (frente al parque), San Martín de Porres",,,,AVENIDA,CENTRAL,,N,33A,URBANIZACION FAMILIAS UNIDAS,150135,-12.017339,-77.081718,osm_area_center,,test,mz=mz;lt=lote;marcador=urb.;orden=via_mz_urb;referencia;loc=coma
MZL-n12979676602-1,synthetic_mzlt,Urbanización César Vallejo Mz.L LT. 34,San Martín de Porres,,,,,,L,34,URBANIZACION CESAR VALLEJO,150135,-12.015948,-77.083222,osm_area_center,,dev,mz=Mz.;lt=LT.;marcador=Urbanización;orden=urb_mz;loc=campo
MZL-n12979676602-2,synthetic_mzlt,"Manzana M, lote 14 URB. Cesar Vallejo Smp",,,,,,,M,14,URBANIZACION CESAR VALLEJO,150135,-12.015948,-77.083222,osm_area_center,,dev,mz=Manzana;lt=lote;marcador=URB.;orden=mz_urb;alias_distrito;loc=espacio;sin_tildes
MZL-n12979676603-1,synthetic_mzlt,"Calle 12 MZ. B3 lote 28 Urbanización San Pedro de Garagay, Smp",,,,CALLE,12,,B3,28,URBANIZACION SAN PEDRO DE GARAGAY,150135,-12.013737,-77.084718,osm_area_center,,dev,mz=MZ.;lt=lote;marcador=Urbanización;orden=via_mz_urb;alias_distrito;loc=coma
MZL-n12979676603-2,synthetic_mzlt,Urb. San Pedro de Garagay Mz.W - Lt. 14,San Martín de Porres,,,,,,W,14,URBANIZACION SAN PEDRO DE GARAGAY,150135,-12.013737,-77.084718,osm_area_center,,dev,mz=Mz.;lt=Lt.;marcador=Urb.;orden=urb_mz;loc=campo
MZL-n12979676605-1,synthetic_mzlt,"Mza. Y Lt 39 Urb. San Germán Etapa 1 (frente al parque), San Martín de Porres, Lima",,,,,,,Y,39,URBANIZACION SAN GERMAN ETAPA 1,150135,-12.013061,-77.069298,osm_area_center,,test,mz=Mza.;lt=Lt;marcador=Urb.;orden=mz_urb;referencia;loc=dist_prov
MZL-n12979676605-2,synthetic_mzlt,Manzana B - Lt. 16 URB. San Germán Etapa 1 - San Martín de Porres,,,,,,,B,16,URBANIZACION SAN GERMAN ETAPA 1,150135,-12.013061,-77.069298,osm_area_center,,test,mz=Manzana;lt=Lt.;marcador=URB.;orden=mz_urb;loc=guion
MZL-n12979676606-1,synthetic_mzlt,Urbanización San Germán Etapa 2 MZ. U Lt. 18,San Martín de Porres,,,,,,U,18,URBANIZACION SAN GERMAN ETAPA 2,150135,-12.016012,-77.074323,osm_area_center,,dev,mz=MZ.;lt=Lt.;marcador=Urbanización;orden=urb_mz;loc=campo
MZL-n12979676606-2,synthetic_mzlt,"urb. san german etapa 2 mz. l - lote 1 (altura del paradero), san martin de porres",,,,,,,L,1,URBANIZACION SAN GERMAN ETAPA 2,150135,-12.016012,-77.074323,osm_area_center,,dev,mz=MZ.;lt=Lote;marcador=URB.;orden=urb_mz;referencia;loc=coma;minusculas;sin_tildes
MZL-n12979676607-1,synthetic_mzlt,"Pasaje 3 MZ. E, Lt. 15 Urb. El Establo, San Martín de Porres, Lima",,,,PASAJE,3,,E,15,URBANIZACION EL ESTABLO,150135,-12.023447,-77.079871,osm_area_center,,dev,mz=MZ.;lt=Lt.;marcador=Urb.;orden=via_mz_urb;loc=dist_prov
MZL-n12979676607-2,synthetic_mzlt,urb. El Establo Manzana C LT. 9 - San Martin de Porres,,,,,,,C,9,URBANIZACION EL ESTABLO,150135,-12.023447,-77.079871,osm_area_center,,dev,mz=Manzana;lt=LT.;marcador=urb.;orden=urb_mz;loc=guion;sin_tildes
MZL-n12979676608-1,synthetic_mzlt,"Urbanización Zarumilla Derecha Mz.J, Lt 31A, San Martín de Porres, Lima",,,,,,,J,31A,URBANIZACION ZARUMILLA DERECHA,150135,-12.031695,-77.056393,osm_area_center,,dev,mz=Mz.;lt=Lt;marcador=Urbanización;orden=urb_mz;loc=dist_prov
MZL-n12979676608-2,synthetic_mzlt,urb. zarumilla derecha pasaje 3 mza. d lt. 30,San Martin de Porres,,,PASAJE,3,,D,30,URBANIZACION ZARUMILLA DERECHA,150135,-12.031695,-77.056393,osm_area_center,,dev,mz=Mza.;lt=LT.;marcador=Urb.;orden=urb_via_mz;loc=campo;minusculas;sin_tildes
MZL-n12979676609-1,synthetic_mzlt,Mz.P3 Lt.25 URB. Pedregal Alto San Martín de Porres,,,,,,,P3,25,URBANIZACION PEDREGAL ALTO,150135,-12.035435,-77.051945,osm_area_center,,dev,mz=Mz.;lt=Lt.;marcador=URB.;orden=mz_urb;loc=espacio
MZL-n12979676609-2,synthetic_mzlt,"Urb. Pedregal Alto Psje. Los Pinos MZ. E2, Lt. 23A (frente al mercado), San Martin de Porres, Lima, Lima",,,,PASAJE,LOS PINOS,,E2,23A,URBANIZACION PEDREGAL ALTO,150135,-12.035435,-77.051945,osm_area_center,,dev,mz=MZ.;lt=Lt.;marcador=Urb.;orden=urb_via_mz;referencia;loc=dist_prov_dep;sin_tildes
MZL-n12979676610-1,synthetic_mzlt,Mz. E lote 22 urb. Pedregal Bajo San Martín de Porres,,,,,,,E,22,URBANIZACION PEDREGAL BAJO,150135,-12.035452,-77.059232,osm_area_center,,test,mz=Mz.;lt=lote;marcador=urb.;orden=mz_urb;loc=espacio
MZL-n12979676610-2,synthetic_mzlt,JR. LAS FLORES MZA. T2 LOTE 40 URB. PEDREGAL BAJO SAN MARTÍN DE PORRES,,,,JIRON,LAS FLORES,,T2,40,URBANIZACION PEDREGAL BAJO,150135,-12.035452,-77.059232,osm_area_center,,test,mz=Mza.;lt=lote;marcador=Urb.;orden=via_mz_urb;loc=espacio;mayusculas
MZL-n12979676611-1,synthetic_mzlt,"mz J3 - LT. 20 Cooperativa Policial, San Martín de Porres",,,,,,,J3,20,COOPERATIVA POLICIAL,150135,-12.034675,-77.055508,osm_area_center,,dev,mz=mz;lt=LT.;marcador=Cooperativa;orden=mz_urb;loc=coma
MZL-n12979676611-2,synthetic_mzlt,"JR. LAS FLORES MZS, LOTE 22 COOP. POLICIAL - SAN MARTÍN DE PORRES",,Lima,,JIRON,LAS FLORES,,S,22,COOPERATIVA POLICIAL,150135,-12.034675,-77.055508,osm_area_center,,dev,mz=Mz;lt=lote;marcador=Coop.;orden=via_mz_urb;loc=mixta;mayusculas
MZL-n4394242804-1,synthetic_mzlt,"Calle 5 Mz.A3 Lt.4 Urb San Amadeo de Garay, San Martin de Porres, Lima, Lima",,,,CALLE,5,,A3,4,URBANIZACION SAN AMADEO DE GARAY,150135,-12.012897,-77.073464,osm_area_center,,test,mz=Mz.;lt=Lt.;marcador=Urb;orden=via_mz_urb;loc=dist_prov_dep;sin_tildes
MZL-n4394242804-2,synthetic_mzlt,MZ P LOTE 22 URB SAN AMADEO DE GARAY (FRENTE AL PARQUE) SAN MARTIN DE PORRES,,,,,,,P,22,URBANIZACION SAN AMADEO DE GARAY,150135,-12.012897,-77.073464,osm_area_center,,test,mz=Mz;lt=Lote;marcador=Urb;orden=mz_urb;referencia;loc=espacio;mayusculas;sin_tildes
MZL-w1012596612-1,synthetic_mzlt,"URB. SAN DIEGO DE ALCALÁ PSJE. LOS PINOS MZ. U LT. 16 (CERCA AL COLEGIO), SAN MARTÍN DE PORRES, LIMA",,,,PASAJE,LOS PINOS,,U,16,URBANIZACION SAN DIEGO DE ALCALA,150135,-11.953161,-77.090502,osm_area_center,,dev,mz=Mz.;lt=Lt.;marcador=URB.;orden=urb_via_mz;referencia;loc=dist_prov;mayusculas
MZL-w1012596612-2,synthetic_mzlt,"Urb San Diego de Alcalá Calle 12 MzW LT. 8, San Martín de Porres",,,,CALLE,12,,W,8,URBANIZACION SAN DIEGO DE ALCALA,150135,-11.953161,-77.090502,osm_area_center,,dev,mz=Mz;lt=LT.;marcador=Urb;orden=urb_via_mz;loc=coma
MZL-w914536564-1,synthetic_mzlt,Calle 12 Mz.N Lt.18 Urbanización 4to Barrio Obrero - San Martín de Porres,,Lima,,CALLE,12,,N,18,URBANIZACION 4 BARRIO OBRERO,150135,-12.032041,-77.044568,osm_area_center,,dev,mz=Mz.;lt=Lt.;marcador=Urbanización;orden=via_mz_urb;loc=mixta
MZL-w914536564-2,synthetic_mzlt,Urb. 4to Barrio Obrero Mz H2 lote 3 - Smp,,,,,,,H2,3,URBANIZACION 4 BARRIO OBRERO,150135,-12.032041,-77.044568,osm_area_center,,dev,mz=Mz;lt=lote;marcador=Urb.;orden=urb_mz;alias_distrito;loc=guion
MZL-w914536570-1,synthetic_mzlt,"URB. BARRIO OBRERO MZ.I, LT.29, SMP, LIMA",,,,,,,I,29,URBANIZACION BARRIO OBRERO,150135,-12.031061,-77.045545,osm_area_center,,test,mz=Mz.;lt=Lt.;marcador=urb.;orden=urb_mz;alias_distrito;loc=dist_prov;mayusculas
MZL-w914536570-2,synthetic_mzlt,Urb. Barrio Obrero Mz K2 - LT. 36,San Martin de Porres,,,,,,K2,36,URBANIZACION BARRIO OBRERO,150135,-12.031061,-77.045545,osm_area_center,,test,mz=Mz;lt=LT.;marcador=Urb.;orden=urb_mz;loc=campo;sin_tildes
MZL-n12955542139-1,synthetic_mzlt,"mza. r, lt. 23 urb germán astete - san miguel",,,,,,,R,23,URBANIZACION GERMAN ASTETE,150136,-12.066821,-77.103261,osm_area_center,,dev,mz=Mza.;lt=LT.;marcador=Urb;orden=mz_urb;loc=guion;minusculas
MZL-n12955542139-2,synthetic_mzlt,"urb. Germán Astete mz J - Lt. 32, San Miguel, Lima, Lima",,,,,,,J,32,URBANIZACION GERMAN ASTETE,150136,-12.066821,-77.103261,osm_area_center,,dev,mz=mz;lt=Lt.;marcador=urb.;orden=urb_mz;loc=dist_prov_dep
MZL-n12955542140-1,synthetic_mzlt,"mz O LT. 27 urb. Rafael Escardo, San Miguel, Lima, Lima",,,,,,,O,27,URBANIZACION RAFAEL ESCARDO,150136,-12.069925,-77.102326,osm_area_center,,test,mz=mz;lt=LT.;marcador=urb.;orden=mz_urb;loc=dist_prov_dep;sin_tildes
MZL-n12955542140-2,synthetic_mzlt,"Mz. Y1 LT. 39 URB. Rafael Escardó, San Miguel, Lima",,,,,,,Y1,39,URBANIZACION RAFAEL ESCARDO,150136,-12.069925,-77.102326,osm_area_center,,test,mz=Mz.;lt=LT.;marcador=URB.;orden=mz_urb;loc=dist_prov
MZL-n12955542141-1,synthetic_mzlt,"Urb. Maranga 6 MZ. 28 Lt.27, San Miguel, Lima, Lima",,,,,,,28,27,URBANIZACION MARANGA 6,150136,-12.067324,-77.099675,osm_area_center,,dev,mz=MZ.;lt=Lt.;marcador=Urb.;orden=urb_mz;loc=dist_prov_dep;sin_tildes
MZL-n12955542141-2,synthetic_mzlt,"urb maranga 6 mzf, lt.30, san miguel, lima, lima",,,,,,,F,30,URBANIZACION MARANGA 6,150136,-12.067324,-77.099675,osm_area_center,,dev,mz=Mz;lt=Lt.;marcador=Urb;orden=urb_mz;loc=dist_prov_dep;minusculas;sin_tildes
MZL-n12955542142-1,synthetic_mzlt,Urb Maranga 5 Jr. Las Flores Mz.40 - LT. 34 (frente al mercado) San Miguel,,,,JIRON,LAS FLORES,,40,34,URBANIZACION MARANGA 5,150136,-12.067281,-77.096100,osm_area_center,,test,mz=Mz.;lt=LT.;marcador=Urb;orden=urb_via_mz;referencia;loc=espacio;sin_tildes
MZL-n12955542142-2,synthetic_mzlt,Urbanizacion Maranga 5 MZ. J Lt 39 - San Miguel,,,,,,,J,39,URBANIZACION MARANGA 5,150136,-12.067281,-77.096100,osm_area_center,,test,mz=MZ.;lt=Lt;marcador=Urbanización;orden=urb_mz;loc=guion;sin_tildes
MZL-n12955542148-1,synthetic_mzlt,"Pasaje 3 MZ. E2, Lt.8 URB. Maranga 1 San Miguel",,,,PASAJE,3,,E2,8,URBANIZACION MARANGA 1,150136,-12.076031,-77.094741,osm_area_center,,dev,mz=MZ.;lt=Lt.;marcador=URB.;orden=via_mz_urb;loc=espacio;sin_tildes
MZL-n12955542148-2,synthetic_mzlt,"Urbanizacion Maranga 1 Mza. U3 Lt. 19 (cerca al colegio), San Miguel, Lima, Lima",,,,,,,U3,19,URBANIZACION MARANGA 1,150136,-12.076031,-77.094741,osm_area_center,,dev,mz=Mza.;lt=Lt.;marcador=Urbanización;orden=urb_mz;referencia;loc=dist_prov_dep;sin_tildes
MZL-n12955542149-1,synthetic_mzlt,mz Y lote 7 Urb Maranga 4,San Miguel,,,,,,Y,7,URBANIZACION MARANGA 4,150136,-12.071963,-77.098512,osm_area_center,,dev,mz=mz;lt=lote;marcador=Urb;orden=mz_urb;loc=campo
MZL-n12955542149-2,synthetic_mzlt,"mz p, lt 40 urb. maranga 4 - san miguel",,,,,,,P,40,URBANIZACION MARANGA 4,150136,-12.071963,-77.098512,osm_area_center,,dev,mz=Mz;lt=Lt;marcador=URB.;orden=mz_urb;loc=guion;minusculas;sin_tildes
MZL-n12955542151-1,synthetic_mzlt,"mz i - lt. 24 urbanizacion miramar, san miguel, lima",,,,,,,I,24,URBANIZACION MIRAMAR,150136,-12.085260,-77.093722,osm_area_center,,dev,mz=Mz;lt=Lt.;marcador=Urbanización;orden=mz_urb;loc=dist_prov;minusculas;sin_tildes
MZL-n12955542151-2,synthetic_mzlt,"Urb Miramar Manzana D Lt. 22, San Miguel",,,,,,,D,22,URBANIZACION MIRAMAR,150136,-12.085260,-77.093722,osm_area_center,,dev,mz=Manzana;lt=Lt.;marcador=Urb;orden=urb_mz;loc=coma
MZL-n5300237587-1,synthetic_mzlt,Calle 5 MZ. P2 Lt 7A Urbanizacion Virgen de Fatima,San Miguel,,,CALLE,5,,P2,7A,URBANIZACION VIRGEN DE FATIMA,150136,-12.072753,-77.090404,osm_area_center,,test,mz=MZ.;lt=Lt;marcador=Urbanización;orden=via_mz_urb;loc=campo;sin_tildes
MZL-n5300237587-2,synthetic_mzlt,"Calle 12 Mz. P, lote 22 Urbanizacion Virgen de Fatima, San Miguel",,,,CALLE,12,,P,22,URBANIZACION VIRGEN DE FATIMA,150136,-12.072753,-77.090404,osm_area_center,,test,mz=Mz.;lt=lote;marcador=Urbanización;orden=via_mz_urb;loc=coma;sin_tildes
MZL-w251421511-1,synthetic_mzlt,"Cond. Juan XXIII Mza. C, Lt 13, San Miguel, Lima",,,,,,,C,13,CONDOMINIO JUAN XXIII,150136,-12.083500,-77.079717,osm_area_center,,dev,mz=Mza.;lt=Lt;marcador=Cond.;orden=urb_mz;loc=dist_prov;sin_tildes
MZL-w251421511-2,synthetic_mzlt,Cond. Juan XXIII Mz.M1 - Lt. 12 (frente al parque) San Miguel,,,,,,,M1,12,CONDOMINIO JUAN XXIII,150136,-12.083500,-77.079717,osm_area_center,,dev,mz=Mz.;lt=Lt.;marcador=Cond.;orden=urb_mz;referencia;loc=espacio
MZL-w401051201-1,synthetic_mzlt,urb. parques de la huaca psje. los pinos mz m lt 18a san miguel,,,,PASAJE,LOS PINOS,,M,18A,URBANIZACION PARQUES DE LA HUACA,150136,-12.083778,-77.091500,osm_area_center,,test,mz=mz;lt=Lt;marcador=urb.;orden=urb_via_mz;loc=espacio;minusculas;sin_tildes
MZL-w401051201-2,synthetic_mzlt,"URB. PARQUES DE LA HUACA CALLE 12 MANZANA Y1 LT. 20, SAN MIGUEL, LIMA, LIMA",,,,CALLE,12,,Y1,20,URBANIZACION PARQUES DE LA HUACA,150136,-12.083778,-77.091500,osm_area_center,,test,mz=Manzana;lt=Lt.;marcador=URB.;orden=urb_via_mz;loc=dist_prov_dep;mayusculas;sin_tildes
MZL-w426900282-1,synthetic_mzlt,Av. Central Mz. I Lt 33 Urb Los Prados de San Miguel San Miguel,,,,AVENIDA,CENTRAL,,I,33,URBANIZACION LOS PRADOS DE SAN MIGUEL,150136,-12.082259,-77.093830,osm_area_center,,dev,mz=Mz.;lt=Lt;marcador=Urb;orden=via_mz_urb;loc=espacio;sin_tildes
MZL-w426900282-2,synthetic_mzlt,"urb. Los Prados de San Miguel Jr. Las Flores mz E2, Lt.6 San Miguel",,,,JIRON,LAS FLORES,,E2,6,URBANIZACION LOS PRADOS DE SAN MIGUEL,150136,-12.082259,-77.093830,osm_area_center,,dev,mz=mz;lt=Lt.;marcador=urb.;orden=urb_via_mz;loc=espacio
MZL-w436448704-1,synthetic_mzlt,URB. CONDOMINO LOS SAUCES DE SAN MIGUEL PASAJE 3 MZL - LOTE 9 - SAN MIGUEL,,Lima,,PASAJE,3,,L,9,URBANIZACION CONDOMINO LOS SAUCES DE SAN MIGUEL,150136,-12.082634,-77.074802,osm_area_center,,dev,mz=Mz;lt=lote;marcador=urb.;orden=urb_via_mz;loc=mixta;mayusculas;sin_tildes
MZL-w436448704-2,synthetic_mzlt,"MZ. F, LT. 16 Urb. Condomino Los Sauces de San Miguel - San Miguel",,Lima,,,,,F,16,URBANIZACION CONDOMINO LOS SAUCES DE SAN MIGUEL,150136,-12.082634,-77.074802,osm_area_center,,dev,mz=MZ.;lt=LT.;marcador=Urb.;orden=mz_urb;loc=mixta;sin_tildes
MZL-w446741378-1,synthetic_mzlt,mz. a lt. 17 res. sima san miguel,,,,,,,A,17,RESIDENCIAL SIMA,150136,-12.089519,-77.077630,osm_area_center,,dev,mz=Mz.;lt=Lt.;marcador=Res.;orden=mz_urb;loc=espacio;minusculas
MZL-w446741378-2,synthetic_mzlt,"Res. SIma Psje. Los Pinos Mz G, Lote 13, San Miguel",,,,PASAJE,LOS PINOS,,G,13,RESIDENCIAL SIMA,150136,-12.089519,-77.077630,osm_area_center,,dev,mz=Mz;lt=Lote;marcador=Res.;orden=urb_via_mz;loc=coma;sin_tildes
MZL-w548646663-1,synthetic_mzlt,"Psje. Los Pinos Manzana P lote 19 Urb. 180, San Miguel, Lima",,,,PASAJE,LOS PINOS,,P,19,URBANIZACION 180,150136,-12.076910,-77.086146,osm_area_center,,test,mz=Manzana;lt=lote;marcador=Urb.;orden=via_mz_urb;loc=dist_prov
MZL-w548646663-2,synthetic_mzlt,Urb. 180 Mz.G Lote 27 - San Miguel,,,,,,,G,27,URBANIZACION 180,150136,-12.076910,-77.086146,osm_area_center,,test,mz=Mz.;lt=Lote;marcador=Urb.;orden=urb_mz;loc=guion
MZL-w866145747-1,synthetic_mzlt,URB. CONJUNTO RESIDENCIAL JULIO CESAR TELLO MZ. 56 LOTE 10,San Miguel,,,,,,56,10,URBANIZACION CONJUNTO RESIDENCIAL JULIO CESAR TELLO,150136,-12.086914,-77.079887,osm_area_center,,dev,mz=Mz.;lt=lote;marcador=urb.;orden=urb_mz;loc=campo;mayusculas;sin_tildes
MZL-w866145747-2,synthetic_mzlt,"MZ 51 LOTE 1A URBANIZACION CONJUNTO RESIDENCIAL JULIO CESAR TELLO, SAN MIGUEL, LIMA",,,,,,,51,1A,URBANIZACION CONJUNTO RESIDENCIAL JULIO CESAR TELLO,150136,-12.086914,-77.079887,osm_area_center,,dev,mz=Mz;lt=lote;marcador=Urbanización;orden=mz_urb;loc=dist_prov;mayusculas;sin_tildes
MZL-n8412739165-1,synthetic_mzlt,"Mza. H2 Lt 31 urb. Los Ficus, Santa Anita",,,,,,,H2,31,URBANIZACION LOS FICUS,150137,-12.050230,-76.973307,osm_area_center,,dev,mz=Mza.;lt=Lt;marcador=urb.;orden=mz_urb;loc=coma;sin_tildes
MZL-n8412739165-2,synthetic_mzlt,"Jr. Las Flores MZ. 46, Lt.16 Urbanizacion Los Ficus (frente al parque)",Santa Anita,,,JIRON,LAS FLORES,,46,16,URBANIZACION LOS FICUS,150137,-12.050230,-76.973307,osm_area_center,,dev,mz=MZ.;lt=Lt.;marcador=Urbanización;orden=via_mz_urb;referencia;loc=campo;sin_tildes
MZL-n8763473704-1,synthetic_mzlt,CALLE 12 MZ. C LT 40 URB. NOCHETO - SANTA ANITA,,Lima,,CALLE,12,,C,40,URBANIZACION NOCHETO,150137,-12.046806,-76.984012,osm_area_center,,dev,mz=Mz.;lt=Lt;marcador=Urb.;orden=via_mz_urb;loc=mixta;mayusculas;sin_tildes
MZL-n8763473704-2,synthetic_mzlt,"mz.y, lt.30 urbanización nocheto, santa anita, lima",,,,,,,Y,30,URBANIZACION NOCHETO,150137,-12.046806,-76.984012,osm_area_center,,dev,mz=Mz.;lt=Lt.;marcador=Urbanización;orden=mz_urb;loc=dist_prov;minusculas
MZL-n4396274239-1,synthetic_mzlt,urb. Country Club de Santa Rosa Calle 12 Mz. R Lt.21,Santa Rosa,,,CALLE,12,,R,21,URBANIZACION COUNTRY CLUB DE SANTA ROSA,150139,-11.800737,-77.174447,osm_area_center,,dev,mz=Mz.;lt=Lt.;marcador=urb.;orden=urb_via_mz;loc=campo
MZL-n4396274239-2,synthetic_mzlt,Mz. Z - Lote 13 Urb. Country Club de Santa Rosa (frente al mercado) - Santa Rosa,,Lima,,,,,Z,13,URBANIZACION COUNTRY CLUB DE SANTA ROSA,150139,-11.800737,-77.174447,osm_area_center,,dev,mz=Mz.;lt=Lote;marcador=Urb.;orden=mz_urb;referencia;loc=mixta;sin_tildes
MZL-n5041366566-1,synthetic_mzlt,"MZ. X, LT. 10 Urbanizacion La Arboleda - Santa Rosa",,,,,,,X,10,URBANIZACION LA ARBOLEDA,150139,-11.805417,-77.162768,osm_area_center,,dev,mz=MZ.;lt=LT.;marcador=Urbanización;orden=mz_urb;loc=guion;sin_tildes
MZL-n5041366566-2,synthetic_mzlt,"JR. LAS FLORES MZA. 6 LT.33 URB LA ARBOLEDA, SANTA ROSA, LIMA, LIMA",,,,JIRON,LAS FLORES,,6,33,URBANIZACION LA ARBOLEDA,150139,-11.805417,-77.162768,osm_area_center,,dev,mz=Mza.;lt=Lt.;marcador=Urb;orden=via_mz_urb;loc=dist_prov_dep;mayusculas;sin_tildes
MZL-n5041490275-1,synthetic_mzlt,Manzana N lote 22 Urb La Arboleda de Santa Rosa,Santa Rosa,,,,,,N,22,URBANIZACION LA ARBOLEDA DE SANTA ROSA,150139,-11.810945,-77.147247,osm_area_center,,dev,mz=Manzana;lt=lote;marcador=Urb;orden=mz_urb;loc=campo
MZL-n5041490275-2,synthetic_mzlt,"urb. La Arboleda de Santa Rosa mz C LT. 29 (altura del paradero), Santa Rosa, Lima, Lima",,,,,,,C,29,URBANIZACION LA ARBOLEDA DE SANTA ROSA,150139,-11.810945,-77.147247,osm_area_center,,dev,mz=mz;lt=LT.;marcador=urb.;orden=urb_mz;referencia;loc=dist_prov_dep;sin_tildes
MZL-n5041995095-1,synthetic_mzlt,Mza. V - lote 22 Urbanizacion Campamento (cerca al colegio) - Santa Rosa,,,,,,,V,22,URBANIZACION CAMPAMENTO,150139,-11.801502,-77.142217,osm_area_center,,dev,mz=Mza.;lt=lote;marcador=Urbanización;orden=mz_urb;referencia;loc=guion;sin_tildes
MZL-n5041995095-2,synthetic_mzlt,"URB CAMPAMENTO MZA. R LT.30A, SANTA ROSA, LIMA, LIMA",,,,,,,R,30A,URBANIZACION CAMPAMENTO,150139,-11.801502,-77.142217,osm_area_center,,dev,mz=Mza.;lt=Lt.;marcador=Urb;orden=urb_mz;loc=dist_prov_dep;mayusculas;sin_tildes
MZL-n8451811202-1,synthetic_mzlt,ASOC. Profam MzT - LT. 15,Santa Rosa,,,,,,T,15,ASOCIACION PROFAM,150139,-11.816226,-77.158406,osm_area_center,,dev,mz=Mz;lt=LT.;marcador=ASOC.;orden=urb_mz;loc=campo
MZL-n8451811202-2,synthetic_mzlt,"MzF - Lt 23 Asoc. Profam, Santa Rosa",,,,,,,F,23,ASOCIACION PROFAM,150139,-11.816226,-77.158406,osm_area_center,,dev,mz=Mz;lt=Lt;marcador=Asoc.;orden=mz_urb;loc=coma
MZL-w1308336175-1,synthetic_mzlt,"mz L1, Lt. 4 Urb. Terrazas de Lima Norte, Santa Rosa, Lima, Lima",,,,,,,L1,4,URBANIZACION TERRAZAS DE LIMA NORTE,150139,-11.787517,-77.170171,osm_area_center,,dev,mz=mz;lt=Lt.;marcador=Urb.;orden=mz_urb;loc=dist_prov_dep;sin_tildes
MZL-w1308336175-2,synthetic_mzlt,Mz F LT. 9 Urbanización Terrazas de Lima Norte,Santa Rosa,,,,,,F,9,URBANIZACION TERRAZAS DE LIMA NORTE,150139,-11.787517,-77.170171,osm_area_center,,dev,mz=Mz;lt=LT.;marcador=Urbanización;orden=mz_urb;loc=campo
MZL-w441941170-1,synthetic_mzlt,"URB. UBARNIZACIÓN SANA ROSA NORTE CALLE 5 MZA. 53 LT.16, SANTA ROSA, LIMA",,,,CALLE,5,,53,16,URBANIZACION UBARNIZACION SANA ROSA NORTE,150139,-11.795034,-77.166396,osm_area_center,,test,mz=Mza.;lt=Lt.;marcador=Urb.;orden=urb_via_mz;loc=dist_prov;mayusculas
MZL-w441941170-2,synthetic_mzlt,"MZ. W - LT. 9 Urbanizacion Ubarnizacion Sana Rosa Norte, Santa Rosa, Lima",,,,,,,W,9,URBANIZACION UBARNIZACION SANA ROSA NORTE,150139,-11.795034,-77.166396,osm_area_center,,test,mz=MZ.;lt=LT.;marcador=Urbanización;orden=mz_urb;loc=dist_prov;sin_tildes
MZL-n11198060514-1,synthetic_mzlt,"urb. Aldebaran MZ. 29 LT. 28, Santiago de Surco, Lima, Lima",,,,,,,29,28,URBANIZACION ALDEBARAN,150140,-12.105186,-76.966346,osm_area_center,,test,mz=MZ.;lt=LT.;marcador=urb.;orden=urb_mz;loc=dist_prov_dep;sin_tildes
MZL-n11198060514-2,synthetic_mzlt,Mza. R Lote 28 Urbanización Aldebaran - Santiago de Surco,,,,,,,R,28,URBANIZACION ALDEBARAN,150140,-12.105186,-76.966346,osm_area_center,,test,mz=Mza.;lt=Lote;marcador=Urbanización;orden=mz_urb;loc=guion
MZL-n11198060515-1,synthetic_mzlt,URBANIZACION ALEGRE MANZANA T LT.21 (ALTURA DEL PARADERO) SANTIAGO DE SURCO,,,,,,,T,21,URBANIZACION ALEGRE,150140,-12.164394,-76.991072,osm_area_center,,test,mz=Manzana;lt=Lt.;marcador=Urbanización;orden=urb_mz;referencia;loc=espacio;mayusculas;sin_tildes
MZL-n11198060515-2,synthetic_mzlt,"URB. Alegre Jr. Las Flores Mz. C, Lote 17 (frente al mercado), Santiago de Surco, Lima",,,,JIRON,LAS FLORES,,C,17,URBANIZACION ALEGRE,150140,-12.164394,-76.991072,osm_area_center,,test,mz=Mz.;lt=Lote;marcador=URB.;orden=urb_via_mz;referencia;loc=dist_prov
MZL-n11198060516-1,synthetic_mzlt,"Av. Central mz W2 Lt.27 Urb. Bayer Surco, Santiago de Surco, Lima",,,,AVENIDA,CENTRAL,,W2,27,URBANIZACION BAYER SURCO,150140,-12.160028,-76.995709,osm_area_center,,dev,mz=mz;lt=Lt.;marcador=Urb.;orden=via_mz_urb;loc=dist_prov
MZL-n11198060516-2,synthetic_mzlt,"av. central mzt, lt.23 urbanización bayer surco (frente al parque) - santiago de surco",,,,AVENIDA,CENTRAL,,T,23,URBANIZACION BAYER SURCO,150140,-12.160028,-76.995709,osm_area_center,,dev,mz=Mz;lt=Lt.;marcador=Urbanización;orden=via_mz_urb;referencia;loc=guion;minusculas
MZL-n11198060517-1,synthetic_mzlt,"URB. Bella Luz MzG, Lote 21, Santiago de Surco, Lima",,,,,,,G,21,URBANIZACION BELLA LUZ,150140,-12.113359,-76.980328,osm_area_center,,dev,mz=Mz;lt=Lote;marcador=URB.;orden=urb_mz;loc=dist_prov
MZL-n11198060517-2,synthetic_mzlt,"Urb Bella Luz Psje. Los Pinos MzN, Lt.9, Santiago de Surco, Lima, Lima",,,,PASAJE,LOS PINOS,,N,9,URBANIZACION BELLA LUZ,150140,-12.113359,-76.980328,osm_area_center,,dev,mz=Mz;lt=Lt.;marcador=Urb;orden=urb_via_mz;loc=dist_prov_dep
MZL-n11198060518-1,synthetic_mzlt,"Av. Central Mz Q1 - Lote 4 Urbanización Bellatrix, Santiago de Surco, Lima",,,,AVENIDA,CENTRAL,,Q1,4,URBANIZACION BELLATRIX,150140,-12.117432,-76.973276,osm_area_center,,dev,mz=Mz;lt=Lote;marcador=Urbanización;orden=via_mz_urb;loc=dist_prov
MZL-n11198060518-2,synthetic_mzlt,"URB. BELLATRIX MZO, LT.34",Santiago de Surco,,,,,,O,34,URBANIZACION BELLATRIX,150140,-12.117432,-76.973276,osm_area_center,,dev,mz=Mz;lt=Lt.;marcador=URB.;orden=urb_mz;loc=campo;mayusculas
MZL-n11198269800-1,synthetic_mzlt,"Urb El Derby de Monterrico MzS, Lt.1 (frente al parque), Santiago de Surco, Lima",,,,,,,S,1,URBANIZACION EL DERBY DE MONTERRICO,150140,-12.101194,-76.974185,osm_area_center,,dev,mz=Mz;lt=Lt.;marcador=Urb;orden=urb_mz;referencia;loc=dist_prov
MZL-n11198269800-2,synthetic_mzlt,"MzN Lote 10 Urbanizacion El Derby de Monterrico, Santiago de Surco, Lima",,,,,,,N,10,URBANIZACION EL DERBY DE MONTERRICO,150140,-12.101194,-76.974185,osm_area_center,,dev,mz=Mz;lt=Lote;marcador=Urbanización;orden=mz_urb;loc=dist_prov;sin_tildes
MZL-n11198269802-1,synthetic_mzlt,Urb El Doral Av. Central MZ. B Lt. 32 - Santiago de Surco,,Lima,,AVENIDA,CENTRAL,,B,32,URBANIZACION EL DORAL,150140,-12.132426,-77.016646,osm_area_center,,test,mz=MZ.;lt=Lt.;marcador=Urb;orden=urb_via_mz;loc=mixta;sin_tildes
MZL-n11198269802-2,synthetic_mzlt,Jr. Las Flores mz A lote 27 Urb El Doral - Santiago de Surco,,Lima,,JIRON,LAS FLORES,,A,27,URBANIZACION EL DORAL,150140,-12.132426,-77.016646,osm_area_center,,test,mz=mz;lt=lote;marcador=Urb;orden=via_mz_urb;loc=mixta;sin_tildes
MZL-n11198269803-1,synthetic_mzlt,PASAJE 3 MANZANA 10 LOTE 9 URB EL EUCALIPTO,Santiago de Surco,,,PASAJE,3,,10,9,URBANIZACION EL EUCALIPTO,150140,-12.109730,-76.966531,osm_area_center,,dev,mz=Manzana;lt=lote;marcador=Urb;orden=via_mz_urb;loc=campo;mayusculas
MZL-n11198269803-2,synthetic_mzlt,"Pasaje 3 Mz. 50 Lote 19 Urbanización El Eucalipto, Santiago de Surco, Lima, Lima",,,,PASAJE,3,,50,19,URBANIZACION EL EUCALIPTO,150140,-12.109730,-76.966531,osm_area_center,,dev,mz=Mz.;lt=Lote;marcador=Urbanización;orden=via_mz_urb;loc=dist_prov_dep
MZL-n11198269804-1,synthetic_mzlt,"Urb El Mirador Mz. P LT. 35A (frente al parque), Santiago de Surco",,,,,,,P,35A,URBANIZACION EL MIRADOR,150140,-12.112930,-76.964906,osm_area_center,,dev,mz=Mz.;lt=LT.;marcador=Urb;orden=urb_mz;referencia;loc=coma;sin_tildes
MZL-n11198269804-2,synthetic_mzlt,"MZ. T1 LT 4 URB. EL MIRADOR, SANTIAGO DE SURCO",,,,,,,T1,4,URBANIZACION EL MIRADOR,150140,-12.112930,-76.964906,osm_area_center,,dev,mz=MZ.;lt=Lt;marcador=urb.;orden=mz_urb;loc=coma;mayusculas
MZL-n11198269805-1,synthetic_mzlt,JR. LAS FLORES MZ D LT. 18 URB. EL PALMAR,Santiago de Surco,,,JIRON,LAS FLORES,,D,18,URBANIZACION EL PALMAR,150140,-12.151335,-77.007003,osm_area_center,,test,mz=Mz;lt=LT.;marcador=URB.;orden=via_mz_urb;loc=campo;mayusculas
MZL-n11198269805-2,synthetic_mzlt,"calle 5 mzn lt. 35 urbanizacion el palmar, santiago de surco",,,,CALLE,5,,N,35,URBANIZACION EL PALMAR,150140,-12.151335,-77.007003,osm_area_center,,test,mz=Mz;lt=LT.;marcador=Urbanización;orden=via_mz_urb;loc=coma;minusculas;sin_tildes
MZL-n11198269806-1,synthetic_mzlt,"Urb El Rosal Manzana D - Lt.1, Santiago de Surco, Lima, Lima",,,,,,,D,1,URBANIZACION EL ROSAL,150140,-12.130992,-77.008650,osm_area_center,,dev,mz=Manzana;lt=Lt.;marcador=Urb;orden=urb_mz;loc=dist_prov_dep;sin_tildes
MZL-n11198269806-2,synthetic_mzlt,Jr. Las Flores MzE LT. 22 urb. El Rosal Santiago de Surco,,,,JIRON,LAS FLORES,,E,22,URBANIZACION EL ROSAL,150140,-12.130992,-77.008650,osm_area_center,,dev,mz=Mz;lt=LT.;marcador=urb.;orden=via_mz_urb;loc=espacio
MZL-n11198269808-1,synthetic_mzlt,Urbanización Mercedes Jr. Las Flores Mz.M - Lt.39 (frente al mercado),Santiago de Surco,,,JIRON,LAS FLORES,,M,39,URBANIZACION MERCEDES,150140,-12.151486,-77.015637,osm_area_center,,dev,mz=Mz.;lt=Lt.;marcador=Urbanización;orden=urb_via_mz;referencia;loc=campo
MZL-n11198269808-2,synthetic_mzlt,"Mz Z, Lt.36A URB. Mercedes, Santiago de Surco, Lima",,,,,,,Z,36A,URBANIZACION MERCEDES,150140,-12.151486,-77.015637,osm_area_center,,dev,mz=Mz;lt=Lt.;marcador=URB.;orden=mz_urb;loc=dist_prov;sin_tildes
MZL-n11198269809-1,synthetic_mzlt,Jr. Las Flores MZ. R2 Lt. 37 Urbanizacion Nueva Castilla - Santiago de Surco,,,,JIRON,LAS FLORES,,R2,37,URBANIZACION NUEVA CASTILLA,150140,-12.134241,-77.004278,osm_area_center,,dev,mz=MZ.;lt=Lt.;marcador=Urbanización;orden=via_mz_urb;loc=guion;sin_tildes
MZL-n11198269809-2,synthetic_mzlt,"Mz. L - LT. 19 Urb Nueva Castilla, Santiago de Surco, Lima",,,,,,,L,19,URBANIZACION NUEVA CASTILLA,150140,-12.134241,-77.004278,osm_area_center,,dev,mz=Mz.;lt=LT.;marcador=Urb;orden=mz_urb;loc=dist_prov
MZL-w895980187-1,synthetic_mzlt,Res. Florencia MZ. E lote 27 Santiago de Surco,,,,,,,E,27,RESIDENCIAL FLORENCIA,150140,-12.150427,-77.004986,osm_area_center,,dev,mz=MZ.;lt=lote;marcador=Res.;orden=urb_mz;loc=espacio
MZL-w895980187-2,synthetic_mzlt,"RES. FLORENCIA PSJE. LOS PINOS MZA. U LT.40, SANTIAGO DE SURCO",,,,PASAJE,LOS PINOS,,U,40,RESIDENCIAL FLORENCIA,150140,-12.150427,-77.004986,osm_area_center,,dev,mz=Mza.;lt=Lt.;marcador=Res.;orden=urb_via_mz;loc=coma;mayusculas
MZL-w895980198-1,synthetic_mzlt,Urb. Villa FAP Las Alamedas de Surco Calle 5 mz G Lt.25A Santiago de Surco,,,,CALLE,5,,G,25A,URBANIZACION VILLA FAP LAS ALAMEDAS DE SURCO,150140,-12.150635,-77.004275,osm_area_center,,dev,mz=mz;lt=Lt.;marcador=Urb.;orden=urb_via_mz;loc=espacio;sin_tildes
MZL-w895980198-2,synthetic_mzlt,"URB. Villa FAP Las Alamedas de Surco Calle 5 Mz L Lt 23, Santiago de Surco, Lima",,,,CALLE,5,,L,23,URBANIZACION VILLA FAP LAS ALAMEDAS DE SURCO,150140,-12.150635,-77.004275,osm_area_center,,dev,mz=Mz;lt=Lt;marcador=URB.;orden=urb_via_mz;loc=dist_prov;sin_tildes
MZL-n13071831840-1,synthetic_mzlt,URB. EL CÓNDOR MZY LT. 35 - SURQUILLO,,,,,,,Y,35,URBANIZACION EL CONDOR,150141,-12.111920,-77.013105,osm_area_center,,test,mz=Mz;lt=Lt.;marcador=URB.;orden=urb_mz;loc=guion;mayusculas
MZL-n13071831840-2,synthetic_mzlt,"MZ. D Lote 39 urb. El Cóndor, Surquillo",,,,,,,D,39,URBANIZACION EL CONDOR,150141,-12.111920,-77.013105,osm_area_center,,test,mz=MZ.;lt=Lote;marcador=urb.;orden=mz_urb;loc=coma
MZL-n13071831842-1,synthetic_mzlt,Urbanizacion Barrio Medico Jr. Las Flores MzL Lt. 21 (altura del paradero),Surquillo,,,JIRON,LAS FLORES,,L,21,URBANIZACION BARRIO MEDICO,150141,-12.116928,-77.014963,osm_area_center,,dev,mz=Mz;lt=Lt.;marcador=Urbanización;orden=urb_via_mz;referencia;loc=campo;sin_tildes
MZL-n13071831842-2,synthetic_mzlt,"urb. barrio medico mz. m lote 34 (cerca al colegio), surquillo, lima",,,,,,,M,34,URBANIZACION BARRIO MEDICO,150141,-12.116928,-77.014963,osm_area_center,,dev,mz=MZ.;lt=lote;marcador=urb.;orden=urb_mz;referencia;loc=dist_prov;minusculas;sin_tildes
MZL-n13071831847-1,synthetic_mzlt,"Urb Aprovissop Mza. A, LT. 22 (frente al parque) - Surquillo",,,,,,,A,22,URBANIZACION APROVISSOP,150141,-12.124466,-77.001640,osm_area_center,,dev,mz=Mza.;lt=LT.;marcador=Urb;orden=urb_mz;referencia;loc=guion
MZL-n13071831847-2,synthetic_mzlt,"Urbanizacion Aprovissop mz R, Lt. 29 - Surquillo",,Lima,,,,,R,29,URBANIZACION APROVISSOP,150141,-12.124466,-77.001640,osm_area_center,,dev,mz=mz;lt=Lt.;marcador=Urbanización;orden=urb_mz;loc=mixta;sin_tildes
MZL-n13071831851-1,synthetic_mzlt,Urbanizacion La Calera de Monterrico Mz. D lote 6 - Surquillo,,Lima,,,,,D,6,URBANIZACION LA CALERA DE MONTERRICO,150141,-12.117242,-77.003876,osm_area_center,,test,mz=Mz.;lt=lote;marcador=Urbanización;orden=urb_mz;loc=mixta;sin_tildes
MZL-n13071831851-2,synthetic_mzlt,Calle 12 MzF Lt. 10 Urb. La Calera de Monterrico,Surquillo,,,CALLE,12,,F,10,URBANIZACION LA CALERA DE MONTERRICO,150141,-12.117242,-77.003876,osm_area_center,,test,mz=Mz;lt=Lt.;marcador=Urb.;orden=via_mz_urb;loc=campo;sin_tildes
MZL-n13071831853-1,synthetic_mzlt,MANZANA F LT. 17 URB. LAS ORQUÍDEAS (FRENTE AL PARQUE) - SURQUILLO,,Lima,,,,,F,17,URBANIZACION LAS ORQUIDEAS,150141,-12.118593,-77.006537,osm_area_center,,dev,mz=Manzana;lt=Lt.;marcador=Urb.;orden=mz_urb;referencia;loc=mixta;mayusculas
MZL-n13071831853-2,synthetic_mzlt,URB. Las Orquídeas Calle 12 MZ. T lote 29 - Surquillo,,Lima,,CALLE,12,,T,29,URBANIZACION LAS ORQUIDEAS,150141,-12.118593,-77.006537,osm_area_center,,dev,mz=MZ.;lt=lote;marcador=URB.;orden=urb_via_mz;loc=mixta
MZL-n13071831854-1,synthetic_mzlt,"MZ.W LT. 40 URB. YARASCA, SURQUILLO",,,,,,,W,40,URBANIZACION YARASCA,150141,-12.115407,-77.008926,osm_area_center,,test,mz=Mz.;lt=LT.;marcador=URB.;orden=mz_urb;loc=coma;mayusculas;sin_tildes
MZL-n13071831854-2,synthetic_mzlt,"urb. Yarasca Mz.T Lt.5, Surquillo, Lima, Lima",,,,,,,T,5,URBANIZACION YARASCA,150141,-12.115407,-77.008926,osm_area_center,,test,mz=Mz.;lt=Lt.;marcador=urb.;orden=urb_mz;loc=dist_prov_dep;sin_tildes
MZL-n13071831855-1,synthetic_mzlt,"Urb. Aurora Este II Etapa MZ. B2 Lote 32A (altura del paradero), Surquillo, Lima",,,,,,,B2,32A,URBANIZACION AURORA ESTE II ETAPA,150141,-12.116781,-77.007329,osm_area_center,,dev,mz=MZ.;lt=Lote;marcador=Urb.;orden=urb_mz;referencia;loc=dist_prov;sin_tildes
MZL-n13071831855-2,synthetic_mzlt,Urbanización Aurora Este II Etapa Mz F - lote 2 - Surquillo,,Lima,,,,,F,2,URBANIZACION AURORA ESTE II ETAPA,150141,-12.116781,-77.007329,osm_area_center,,dev,mz=Mz;lt=lote;marcador=Urbanización;orden=urb_mz;loc=mixta
MZL-n13071831856-1,synthetic_mzlt,URB. EL AEROPUERTO AV. CENTRAL MZP LOTE 32 - SURQUILLO,,Lima,,AVENIDA,CENTRAL,,P,32,URBANIZACION EL AEROPUERTO,150141,-12.107128,-77.016458,osm_area_center,,test,mz=Mz;lt=lote;marcador=Urb.;orden=urb_via_mz;loc=mixta;mayusculas;sin_tildes
MZL-n13071831856-2,synthetic_mzlt,URB. El Aeropuerto Av. Central MzL - Lote 13,Surquillo,,,AVENIDA,CENTRAL,,L,13,URBANIZACION EL AEROPUERTO,150141,-12.107128,-77.016458,osm_area_center,,test,mz=Mz;lt=Lote;marcador=URB.;orden=urb_via_mz;loc=campo;sin_tildes
MZL-n13324564375-1,synthetic_mzlt,"Urbanización CAPEBCO Mza. J, Lt 37 - Surquillo",,,,,,,J,37,URBANIZACION CAPEBCO,150141,-12.118540,-76.998426,osm_area_center,,test,mz=Mza.;lt=Lt;marcador=Urbanización;orden=urb_mz;loc=guion
MZL-n13324564375-2,synthetic_mzlt,urb. CAPEBCO Mz.T3 Lt.23 (cerca al colegio),Surquillo,,,,,,T3,23,URBANIZACION CAPEBCO,150141,-12.118540,-76.998426,osm_area_center,,test,mz=Mz.;lt=Lt.;marcador=urb.;orden=urb_mz;referencia;loc=campo;sin_tildes
MZL-n9735740855-1,synthetic_mzlt,Urbanizacion Popular Villa Victoria Jr. Las Flores Mz S3 LT. 23 - Surquillo,,Lima,,JIRON,LAS FLORES,,S3,23,URBANIZACION POPULAR VILLA VICTORIA,150141,-12.108448,-77.012195,osm_area_center,,test,mz=Mz;lt=LT.;marcador=Urbanización;orden=urb_via_mz;loc=mixta;sin_tildes
MZL-n9735740855-2,synthetic_mzlt,Calle 12 Mza. U1 - Lote 6A urb. Popular Villa Victoria - Surquillo,,,,CALLE,12,,U1,6A,URBANIZACION POPULAR VILLA VICTORIA,150141,-12.108448,-77.012195,osm_area_center,,test,mz=Mza.;lt=Lote;marcador=urb.;orden=via_mz_urb;loc=guion;sin_tildes
MZL-w1303967947-1,synthetic_mzlt,Mz. 16 LT. 40A Urb. Complejo Residencial La Calera,Surquillo,,,,,,16,40A,URBANIZACION COMPLEJO RESIDENCIAL LA CALERA,150141,-12.116504,-77.007949,osm_area_center,,dev,mz=Mz.;lt=LT.;marcador=Urb.;orden=mz_urb;loc=campo
MZL-w1303967947-2,synthetic_mzlt,"mz N3, lote 2 Urb. Complejo Residencial La Calera Surquillo",,,,,,,N3,2,URBANIZACION COMPLEJO RESIDENCIAL LA CALERA,150141,-12.116504,-77.007949,osm_area_center,,dev,mz=mz;lt=lote;marcador=Urb.;orden=mz_urb;loc=espacio
MZL-w1394085306-1,synthetic_mzlt,Condominio Las Palomas Pasaje 3 Mz.Y Lote 40 Surquillo,,,,PASAJE,3,,Y,40,CONDOMINIO LAS PALOMAS,150141,-12.107256,-77.026080,osm_area_center,,dev,mz=Mz.;lt=Lote;marcador=Condominio;orden=urb_via_mz;loc=espacio;sin_tildes
MZL-w1394085306-2,synthetic_mzlt,"jr. las flores mzn, lote 5 cond. las palomas - surquillo",,,,JIRON,LAS FLORES,,N,5,CONDOMINIO LAS PALOMAS,150141,-12.107256,-77.026080,osm_area_center,,dev,mz=Mz;lt=lote;marcador=Cond.;orden=via_mz_urb;loc=guion;minusculas;sin_tildes
MZL-w1436327651-1,synthetic_mzlt,Mz S Lote 7 Res. Los Sauces - Surquillo,,Lima,,,,,S,7,RESIDENCIAL LOS SAUCES,150141,-12.121120,-77.003229,osm_area_center,,test,mz=Mz;lt=Lote;marcador=Res.;orden=mz_urb;loc=mixta;sin_tildes
MZL-w1436327651-2,synthetic_mzlt,"Res. Los Sauces Mz S, Lt 5, Surquillo, Lima, Lima",,,,,,,S,5,RESIDENCIAL LOS SAUCES,150141,-12.121120,-77.003229,osm_area_center,,test,mz=Mz;lt=Lt;marcador=Res.;orden=urb_mz;loc=dist_prov_dep
MZL-w459254569-1,synthetic_mzlt,Manzana F LT. 7A Residencial Vista Verde - Surquillo,,,,,,,F,7A,RESIDENCIAL VISTA VERDE,150141,-12.106008,-77.024498,osm_area_center,,test,mz=Manzana;lt=LT.;marcador=Residencial;orden=mz_urb;loc=guion
MZL-w459254569-2,synthetic_mzlt,Residencial Vista Verde Mz. K Lt. 8 Surquillo,,,,,,,K,8,RESIDENCIAL VISTA VERDE,150141,-12.106008,-77.024498,osm_area_center,,test,mz=Mz.;lt=Lt.;marcador=Residencial;orden=urb_mz;loc=espacio
MZL-w850197402-1,synthetic_mzlt,"Mza. U - lote 22 Cond. Jardines de Aramburú 1 (cerca al colegio), Surquillo",,,,,,,U,22,CONDOMINIO JARDINES DE ARAMBURU 1,150141,-12.106013,-77.021394,osm_area_center,,test,mz=Mza.;lt=lote;marcador=Cond.;orden=mz_urb;referencia;loc=coma
MZL-w850197402-2,synthetic_mzlt,"Cond. Jardines de Aramburu 1 MZ. X - Lt. 32 (frente al parque), Surquillo, Lima",,,,,,,X,32,CONDOMINIO JARDINES DE ARAMBURU 1,150141,-12.106013,-77.021394,osm_area_center,,test,mz=MZ.;lt=Lt.;marcador=Cond.;orden=urb_mz;referencia;loc=dist_prov;sin_tildes
MZL-n9651970744-1,synthetic_mzlt,urb. Mirador de Villa 200 Millas Calle 5 Mz. E2 Lote 33 Villa El Salvador,,,,CALLE,5,,E2,33,URBANIZACION MIRADOR DE VILLA 200 MILLAS,150142,-12.239287,-76.939379,osm_area_center,,dev,mz=Mz.;lt=Lote;marcador=urb.;orden=urb_via_mz;loc=espacio;sin_tildes
MZL-n9651970744-2,synthetic_mzlt,"MZ. Z LT. 19 urb. Mirador de Villa 200 Millas, Villa El Salvador",,,,,,,Z,19,URBANIZACION MIRADOR DE VILLA 200 MILLAS,150142,-12.239287,-76.939379,osm_area_center,,dev,mz=MZ.;lt=LT.;marcador=urb.;orden=mz_urb;loc=coma;sin_tildes
MZL-n9651970745-1,synthetic_mzlt,Psje. Los Pinos Mz.Z lote 38 Sector 9 - Villa El Salvador,,,,PASAJE,LOS PINOS,,Z,38,SECTOR 9,150142,-12.234311,-76.943480,osm_area_center,,dev,mz=Mz.;lt=lote;marcador=Sector;orden=via_mz_urb;loc=guion
MZL-n9651970745-2,synthetic_mzlt,"Calle 12 Mz 13, Lt.23 Sector 9, Villa El Salvador, Lima, Lima",,,,CALLE,12,,13,23,SECTOR 9,150142,-12.234311,-76.943480,osm_area_center,,dev,mz=Mz;lt=Lt.;marcador=Sector;orden=via_mz_urb;loc=dist_prov_dep;sin_tildes
MZL-n9651970746-1,synthetic_mzlt,MzM - Lt 2 URB. Ampliación Sector 9 Grupo 6 - Villa El Salvador,,Lima,,,,,M,2,URBANIZACION AMPLIACION SECTOR 9 GRUPO 6,150142,-12.238541,-76.940798,osm_area_center,,test,mz=Mz;lt=Lt;marcador=URB.;orden=mz_urb;loc=mixta
MZL-n9651970746-2,synthetic_mzlt,"MzM, Lote 36 Urb. Ampliacion Sector 9 Grupo 6, Ves, Lima, Lima",,,,,,,M,36,URBANIZACION AMPLIACION SECTOR 9 GRUPO 6,150142,-12.238541,-76.940798,osm_area_center,,test,mz=Mz;lt=Lote;marcador=Urb.;orden=mz_urb;alias_distrito;loc=dist_prov_dep;sin_tildes
MZL-n9651970747-1,synthetic_mzlt,sector 9 grupo 3a mz.c - lote 26 villa el salvador,,,,,,,C,26,SECTOR 9 GRUPO 3A,150142,-12.237073,-76.943640,osm_area_center,,dev,mz=Mz.;lt=lote;marcador=Sector;orden=urb_mz;loc=espacio;minusculas;sin_tildes
MZL-n9651970747-2,synthetic_mzlt,calle 5 manzana j - lote 29 sector 9 grupo 3a (cerca al colegio) - ves,,,,CALLE,5,,J,29,SECTOR 9 GRUPO 3A,150142,-12.237073,-76.943640,osm_area_center,,dev,mz=Manzana;lt=lote;marcador=Sector;orden=via_mz_urb;referencia;alias_distrito;loc=guion;minusculas;sin_tildes
MZL-n9651970749-1,synthetic_mzlt,Sector 9 Grupo 2 Mza. I - Lt. 27 Villa El Salvador,,,,,,,I,27,SECTOR 9 GRUPO 2,150142,-12.232926,-76.943798,osm_area_center,,test,mz=Mza.;lt=Lt.;marcador=Sector;orden=urb_mz;loc=espacio;sin_tildes
MZL-n9651970749-2,synthetic_mzlt,Manzana N - Lt 21A Sector 9 Grupo 2 Villa El Salvador,,,,,,,N,21A,SECTOR 9 GRUPO 2,150142,-12.232926,-76.943798,osm_area_center,,test,mz=Manzana;lt=Lt;marcador=Sector;orden=mz_urb;loc=espacio;sin_tildes
MZL-w730024480-1,synthetic_mzlt,Sector 2 Grupo 8 Mz.I3 - Lt 38 - Villa El Salvador,,Lima,,,,,I3,38,SECTOR 2 GRUPO 8,150142,-12.206178,-76.939376,osm_area_center,,dev,mz=Mz.;lt=Lt;marcador=Sector;orden=urb_mz;loc=mixta
MZL-w730024480-2,synthetic_mzlt,Sector 2 Grupo 8 Calle 12 Mz.N Lt 27 Villa El Salvador,,,,CALLE,12,,N,27,SECTOR 2 GRUPO 8,150142,-12.206178,-76.939376,osm_area_center,,dev,mz=Mz.;lt=Lt;marcador=Sector;orden=urb_via_mz;loc=espacio;sin_tildes
MZL-w730024481-1,synthetic_mzlt,MZ.I2 - LOTE 32 SECTOR 2 GRUPO 9 - VES,,Lima,,,,,I2,32,SECTOR 2 GRUPO 9,150142,-12.208879,-76.937754,osm_area_center,,test,mz=Mz.;lt=lote;marcador=Sector;orden=mz_urb;alias_distrito;loc=mixta;mayusculas
MZL-w730024481-2,synthetic_mzlt,"Sector 2 Grupo 9 Mza. M1, Lt. 17",Villa El Salvador,,,,,,M1,17,SECTOR 2 GRUPO 9,150142,-12.208879,-76.937754,osm_area_center,,test,mz=Mza.;lt=Lt.;marcador=Sector;orden=urb_mz;loc=campo
MZL-w730024482-1,synthetic_mzlt,"Mza. R Lt 28 Sector 2 Grupo 10, Villa El Salvador, Lima",,,,,,,R,28,SECTOR 2 GRUPO 10,150142,-12.211299,-76.936294,osm_area_center,,dev,mz=Mza.;lt=Lt;marcador=Sector;orden=mz_urb;loc=dist_prov
MZL-w730024482-2,synthetic_mzlt,Sector 2 Grupo 10 Jr. Las Flores Mz.V Lt. 17,Villa El Salvador,,,JIRON,LAS FLORES,,V,17,SECTOR 2 GRUPO 10,150142,-12.211299,-76.936294,osm_area_center,,dev,mz=Mz.;lt=Lt.;marcador=Sector;orden=urb_via_mz;loc=campo;sin_tildes
MZL-w730024483-1,synthetic_mzlt,Av. Central MzZ - Lt 8 Sector 2 Grupo 11,Villa El Salvador,,,AVENIDA,CENTRAL,,Z,8,SECTOR 2 GRUPO 11,150142,-12.202786,-76.944671,osm_area_center,,dev,mz=Mz;lt=Lt;marcador=Sector;orden=via_mz_urb;loc=campo;sin_tildes
MZL-w730024483-2,synthetic_mzlt,"Mz.T lote 20 Sector 2 Grupo 11, Villa El Salvador, Lima, Lima",,,,,,,T,20,SECTOR 2 GRUPO 11,150142,-12.202786,-76.944671,osm_area_center,,dev,mz=Mz.;lt=lote;marcador=Sector;orden=mz_urb;loc=dist_prov_dep
MZL-w730024484-1,synthetic_mzlt,psje. los pinos mz q1 lt. 11 sector 2 grupo 12 - villa el salvador,,,,PASAJE,LOS PINOS,,Q1,11,SECTOR 2 GRUPO 12,150142,-12.205177,-76.943243,osm_area_center,,dev,mz=mz;lt=Lt.;marcador=Sector;orden=via_mz_urb;loc=guion;minusculas
MZL-w730024484-2,synthetic_mzlt,SECTOR 2 GRUPO 12 CALLE 12 MANZANA O - LT 16 (FRENTE AL PARQUE),Villa El Salvador,,,CALLE,12,,O,16,SECTOR 2 GRUPO 12,150142,-12.205177,-76.943243,osm_area_center,,dev,mz=Manzana;lt=Lt;marcador=Sector;orden=urb_via_mz;referencia;loc=campo;mayusculas
MZL-w730024485-1,synthetic_mzlt,"mz Q Lt 19 Sector 2 Grupo 13, Ves, Lima",,,,,,,Q,19,SECTOR 2 GRUPO 13,150142,-12.207596,-76.941798,osm_area_center,,dev,mz=mz;lt=Lt;marcador=Sector;orden=mz_urb;alias_distrito;loc=dist_prov
MZL-w730024485-2,synthetic_mzlt,"Sector 2 Grupo 13 mz Q - Lt 18 (cerca al colegio), Ves, Lima, Lima",,,,,,,Q,18,SECTOR 2 GRUPO 13,150142,-12.207596,-76.941798,osm_area_center,,dev,mz=mz;lt=Lt;marcador=Sector;orden=urb_mz;referencia;alias_distrito;loc=dist_prov_dep
MZL-w730024486-1,synthetic_mzlt,"Sector 2 Grupo 14 mz W, Lt 39 (cerca al colegio) - Ves",,Lima,,,,,W,39,SECTOR 2 GRUPO 14,150142,-12.210301,-76.940184,osm_area_center,,dev,mz=mz;lt=Lt;marcador=Sector;orden=urb_mz;referencia;alias_distrito;loc=mixta
MZL-w730024486-2,synthetic_mzlt,"Mza. N, LT. 7 Sector 2 Grupo 14 Villa El Salvador",,,,,,,N,7,SECTOR 2 GRUPO 14,150142,-12.210301,-76.940184,osm_area_center,,dev,mz=Mza.;lt=LT.;marcador=Sector;orden=mz_urb;loc=espacio;sin_tildes
MZL-w730024487-1,synthetic_mzlt,PASAJE 3 MZA. 33 - LT.2 SECTOR 2 GRUPO 15 - VILLA EL SALVADOR,,,,PASAJE,3,,33,2,SECTOR 2 GRUPO 15,150142,-12.212710,-76.938727,osm_area_center,,test,mz=Mza.;lt=Lt.;marcador=Sector;orden=via_mz_urb;loc=guion;mayusculas
MZL-w730024487-2,synthetic_mzlt,Av. Central mz I - Lote 15 Sector 2 Grupo 15 Villa El Salvador,,,,AVENIDA,CENTRAL,,I,15,SECTOR 2 GRUPO 15,150142,-12.212710,-76.938727,osm_area_center,,test,mz=mz;lt=Lote;marcador=Sector;orden=via_mz_urb;loc=espacio;sin_tildes
MZL-w730024488-1,synthetic_mzlt,Calle 5 Mza. R - Lote 40 Sector 2 Grupo 16 (frente al parque),Villa El Salvador,,,CALLE,5,,R,40,SECTOR 2 GRUPO 16,150142,-12.204213,-76.947131,osm_area_center,,dev,mz=Mza.;lt=Lote;marcador=Sector;orden=via_mz_urb;referencia;loc=campo
MZL-w730024488-2,synthetic_mzlt,"MZ. E, LT.24 SECTOR 2 GRUPO 16",Villa El Salvador,,,,,,E,24,SECTOR 2 GRUPO 16,150142,-12.204213,-76.947131,osm_area_center,,dev,mz=Mz.;lt=Lt.;marcador=Sector;orden=mz_urb;loc=campo;mayusculas;sin_tildes
MZL-w730024489-1,synthetic_mzlt,"Calle 12 mz J, Lt. 31 Sector 2 Grupo 17, Villa El Salvador",,,,CALLE,12,,J,31,SECTOR 2 GRUPO 17,150142,-12.206613,-76.945678,osm_area_center,,dev,mz=mz;lt=Lt.;marcador=Sector;orden=via_mz_urb;loc=coma
MZL-w730024489-2,synthetic_mzlt,Sector 2 Grupo 17 Jr. Las Flores Mz P Lt 16 - Ves,,,,JIRON,LAS FLORES,,P,16,SECTOR 2 GRUPO 17,150142,-12.206613,-76.945678,osm_area_center,,dev,mz=Mz;lt=Lt;marcador=Sector;orden=urb_via_mz;alias_distrito;loc=guion
MZL-n10304724565-1,synthetic_mzlt,Urbanizacion El Paraiso Calle 12 Manzana V - Lote 9 - Villa Maria del Triunfo,,,,CALLE,12,,V,9,URBANIZACION EL PARAISO,150143,-12.148176,-76.932627,osm_area_center,,dev,mz=Manzana;lt=Lote;marcador=Urbanización;orden=urb_via_mz;loc=guion;sin_tildes
MZL-n10304724565-2,synthetic_mzlt,Mza. S2 Lt 19 Urbanización El Paraíso Vmt,,,,,,,S2,19,URBANIZACION EL PARAISO,150143,-12.148176,-76.932627,osm_area_center,,dev,mz=Mza.;lt=Lt;marcador=Urbanización;orden=mz_urb;alias_distrito;loc=espacio
MZL-n10304724566-1,synthetic_mzlt,"Urb Vallecito Calle 5 MzE, Lote 38, Villa María del Triunfo, Lima",,,,CALLE,5,,E,38,URBANIZACION VALLECITO,150143,-12.143481,-76.945776,osm_area_center,,dev,mz=Mz;lt=Lote;marcador=Urb;orden=urb_via_mz;loc=dist_prov
MZL-n10304724566-2,synthetic_mzlt,URB. Vallecito Manzana P - Lote 33 (frente al mercado) Villa Maria del Triunfo,,,,,,,P,33,URBANIZACION VALLECITO,150143,-12.143481,-76.945776,osm_area_center,,dev,mz=Manzana;lt=Lote;marcador=URB.;orden=urb_mz;referencia;loc=espacio;sin_tildes
MZL-n10304724567-1,synthetic_mzlt,Urb. San Gabriel Alto Manzana E lote 20 - Villa Maria del Triunfo,,,,,,,E,20,URBANIZACION SAN GABRIEL ALTO,150143,-12.136897,-76.945811,osm_area_center,,test,mz=Manzana;lt=lote;marcador=Urb.;orden=urb_mz;loc=guion;sin_tildes
MZL-n10304724567-2,synthetic_mzlt,Psje. Los Pinos Mz M LT. 4 Urb. San Gabriel Alto (cerca al colegio),Vmt,,,PASAJE,LOS PINOS,,M,4,URBANIZACION SAN GABRIEL ALTO,150143,-12.136897,-76.945811,osm_area_center,,test,mz=Mz;lt=LT.;marcador=Urb.;orden=via_mz_urb;referencia;alias_distrito;loc=campo;sin_tildes
MZL-n4691335783-1,synthetic_mzlt,Urbanizacion San Camilo Psje. Los Pinos mz S lote 39 Vmt,,,,PASAJE,LOS PINOS,,S,39,URBANIZACION SAN CAMILO,150143,-12.232495,-76.908659,osm_area_center,,dev,mz=mz;lt=lote;marcador=Urbanización;orden=urb_via_mz;alias_distrito;loc=espacio;sin_tildes
MZL-n4691335783-2,synthetic_mzlt,"urb. San Camilo Pasaje 3 mz J Lt 9, Vmt, Lima",,,,PASAJE,3,,J,9,URBANIZACION SAN CAMILO,150143,-12.232495,-76.908659,osm_area_center,,dev,mz=mz;lt=Lt;marcador=urb.;orden=urb_via_mz;alias_distrito;loc=dist_prov
MZL-n4739768299-1,synthetic_mzlt,URB. VILLA LIMATAMBO MZ.5 - LT. 31 VILLA MARIA DEL TRIUNFO,,,,,,,5,31,URBANIZACION VILLA LIMATAMBO,150143,-12.134315,-76.941542,osm_area_center,,dev,mz=Mz.;lt=LT.;marcador=URB.;orden=urb_mz;loc=espacio;mayusculas;sin_tildes
MZL-n4739768299-2,synthetic_mzlt,mz I1 lote 25 Urbanización Villa Limatambo Vmt,,,,,,,I1,25,URBANIZACION VILLA LIMATAMBO,150143,-12.134315,-76.941542,osm_area_center,,dev,mz=mz;lt=lote;marcador=Urbanización;orden=mz_urb;alias_distrito;loc=espacio
MZL-n4758822025-1,synthetic_mzlt,"Manzana U, Lt 35 Urbanización Santa Rosa de Las Conchitas - Villa María del Triunfo",,,,,,,U,35,URBANIZACION SANTA ROSA DE LAS CONCHITAS,150143,-12.207724,-76.925601,osm_area_center,,dev,mz=Manzana;lt=Lt;marcador=Urbanización;orden=mz_urb;loc=guion
MZL-n4758822025-2,synthetic_mzlt,"urb. santa rosa de las conchitas jr. las flores mzg, lt 33, villa maría del triunfo, lima",,,,JIRON,LAS FLORES,,G,33,URBANIZACION SANTA ROSA DE LAS CONCHITAS,150143,-12.207724,-76.925601,osm_area_center,,dev,mz=Mz;lt=Lt;marcador=Urb.;orden=urb_via_mz;loc=dist_prov;minusculas
MZL-n4758822026-1,synthetic_mzlt,Urb Ciudad de Gosen Calle 5 Mz.22 - Lote 8A - Villa María del Triunfo,,Lima,,CALLE,5,,22,8A,URBANIZACION CIUDAD DE GOSEN,150143,-12.211426,-76.921379,osm_area_center,,dev,mz=Mz.;lt=Lote;marcador=Urb;orden=urb_via_mz;loc=mixta
MZL-n4758822026-2,synthetic_mzlt,"Urb. Ciudad de Gosen Mza. G Lt 5, Villa Maria del Triunfo, Lima, Lima",,,,,,,G,5,URBANIZACION CIUDAD DE GOSEN,150143,-12.211426,-76.921379,osm_area_center,,dev,mz=Mza.;lt=Lt;marcador=Urb.;orden=urb_mz;loc=dist_prov_dep;sin_tildes
MZL-n5877171293-1,synthetic_mzlt,Urb Asosiacion de Viviendas Nueva Esperanza mz R - Lt. 23,Villa Maria del Triunfo,,,,,,R,23,URBANIZACION ASOSIACION DE VIVIENDAS NUEVA ESPERANZA,150143,-12.156290,-76.913678,osm_area_center,,dev,mz=mz;lt=Lt.;marcador=Urb;orden=urb_mz;loc=campo;sin_tildes
MZL-n5877171293-2,synthetic_mzlt,Psje. Los Pinos MzE - LT. 21A URB. Asosiacion de Viviendas Nueva Esperanza Villa Maria del Triunfo,,,,PASAJE,LOS PINOS,,E,21A,URBANIZACION ASOSIACION DE VIVIENDAS NUEVA ESPERANZA,150143,-12.156290,-76.913678,osm_area_center,,dev,mz=Mz;lt=LT.;marcador=URB.;orden=via_mz_urb;loc=espacio;sin_tildes
MZL-n6382008651-1,synthetic_mzlt,URB. SEÑOR DE LAMPA MZJ LT 28,Villa Maria del Triunfo,,,,,,J,28,URBANIZACION SEÑOR DE LAMPA,150143,-12.133137,-76.931064,osm_area_center,,dev,mz=Mz;lt=Lt;marcador=URB.;orden=urb_mz;loc=campo;mayusculas;sin_tildes
MZL-n6382008651-2,synthetic_mzlt,Jr. Las Flores Mza. E3 - Lote 11 urb. Señor de Lampa - Villa María del Triunfo,,Lima,,JIRON,LAS FLORES,,E3,11,URBANIZACION SEÑOR DE LAMPA,150143,-12.133137,-76.931064,osm_area_center,,dev,mz=Mza.;lt=Lote;marcador=urb.;orden=via_mz_urb;loc=mixta
MZL-n6491592694-1,synthetic_mzlt,"Asoc. de Vivienda La Granja MzH Lote 17, Villa María del Triunfo",,,,,,,H,17,ASOCIACION DE VIVIENDA LA GRANJA,150143,-12.145950,-76.934148,osm_area_center,,test,mz=Mz;lt=Lote;marcador=Asoc.;orden=urb_mz;loc=coma
MZL-n6491592694-2,synthetic_mzlt,Psje. Los Pinos Mz.I - Lote 7 Asoc. de Vivienda La Granja - Villa Maria del Triunfo,,Lima,,PASAJE,LOS PINOS,,I,7,ASOCIACION DE VIVIENDA LA GRANJA,150143,-12.145950,-76.934148,osm_area_center,,test,mz=Mz.;lt=Lote;marcador=Asoc.;orden=via_mz_urb;loc=mixta;sin_tildes
MZL-n8476348517-1,synthetic_mzlt,"mz 8 - lote 25 urb. comite vecinal 15a (frente al parque), villa maria del triunfo",,,,,,,8,25,URBANIZACION COMITE VECINAL 15A,150143,-12.174881,-76.940140,osm_area_center,,dev,mz=Mz;lt=lote;marcador=Urb.;orden=mz_urb;referencia;loc=coma;minusculas;sin_tildes
MZL-n8476348517-2,synthetic_mzlt,"urb. Comite Vecinal 15A Pasaje 3 MZ. E lote 3, Vmt, Lima, Lima",,,,PASAJE,3,,E,3,URBANIZACION COMITE VECINAL 15A,150143,-12.174881,-76.940140,osm_area_center,,dev,mz=MZ.;lt=lote;marcador=urb.;orden=urb_via_mz;alias_distrito;loc=dist_prov_dep;sin_tildes
MZL-n9731091011-1,synthetic_mzlt,"Mz I, Lt.32 Urbanización Nueva Esperanza, Vmt, Lima, Lima",,,,,,,I,32,URBANIZACION NUEVA ESPERANZA,150143,-12.173039,-76.932808,osm_area_center,,dev,mz=Mz;lt=Lt.;marcador=Urbanización;orden=mz_urb;alias_distrito;loc=dist_prov_dep
MZL-n9731091011-2,synthetic_mzlt,Av. Central Mza. W - Lt.14 Urb Nueva Esperanza - Vmt,,Lima,,AVENIDA,CENTRAL,,W,14,URBANIZACION NUEVA ESPERANZA,150143,-12.173039,-76.932808,osm_area_center,,dev,mz=Mza.;lt=Lt.;marcador=Urb;orden=via_mz_urb;alias_distrito;loc=mixta
MZL-n9731117628-1,synthetic_mzlt,MzH Lote 17 Urb Tablada de Lurín (altura del paradero) - Villa María del Triunfo,,,,,,,H,17,URBANIZACION TABLADA DE LURIN,150143,-12.188310,-76.925593,osm_area_center,,test,mz=Mz;lt=Lote;marcador=Urb;orden=mz_urb;referencia;loc=guion
MZL-n9731117628-2,synthetic_mzlt,"Mza. Y Lt.29 Urb Tablada de Lurin, Villa Maria del Triunfo, Lima",,,,,,,Y,29,URBANIZACION TABLADA DE LURIN,150143,-12.188310,-76.925593,osm_area_center,,test,mz=Mza.;lt=Lt.;marcador=Urb;orden=mz_urb;loc=dist_prov;sin_tildes
MZL-w1298647773-1,synthetic_mzlt,Urb. Villa Poeta Jose Galvez Barrenechea MzM LT. 29 Villa Maria del Triunfo,,,,,,,M,29,URBANIZACION VILLA POETA JOSE GALVEZ BARRENECHEA,150143,-12.224168,-76.905351,osm_area_center,,test,mz=Mz;lt=LT.;marcador=Urb.;orden=urb_mz;loc=espacio;sin_tildes
MZL-w1298647773-2,synthetic_mzlt,"urb. Villa Poeta Jose Galvez Barrenechea mz G3 Lt 33, Vmt, Lima, Lima",,,,,,,G3,33,URBANIZACION VILLA POETA JOSE GALVEZ BARRENECHEA,150143,-12.224168,-76.905351,osm_area_center,,test,mz=mz;lt=Lt;marcador=urb.;orden=urb_mz;alias_distrito;loc=dist_prov_dep;sin_tildes
MZL-w479953787-1,synthetic_mzlt,"URB CAMPAMENTO UNACEM MZ.27 LOTE 33 (FRENTE AL MERCADO), VILLA MARIA DEL TRIUNFO, LIMA",,,,,,,27,33,URBANIZACION CAMPAMENTO UNACEM,150143,-12.199314,-76.907871,osm_area_center,,dev,mz=Mz.;lt=Lote;marcador=Urb;orden=urb_mz;referencia;loc=dist_prov;mayusculas;sin_tildes
MZL-w479953787-2,synthetic_mzlt,"Av. Central Mza. J Lt 6 URB. Campamento UNACEM, Villa Maria del Triunfo, Lima",,,,AVENIDA,CENTRAL,,J,6,URBANIZACION CAMPAMENTO UNACEM,150143,-12.199314,-76.907871,osm_area_center,,dev,mz=Mza.;lt=Lt;marcador=URB.;orden=via_mz_urb;loc=dist_prov;sin_tildes
